2026-03-22 16:03:26 [main] INFO  org.example.ivoprojekt.LOGBOCKTEST - Log is successfully configured
2026-03-22 16:03:26 [main] INFO  com.zaxxer.hikari.HikariDataSource - HikariPool-1 - Starting...
2026-03-22 16:03:26 [main] INFO  com.zaxxer.hikari.pool.HikariPool - HikariPool-1 - Added connection org.sqlite.jdbc4.JDBC4Connection@27f981c6
2026-03-22 16:03:26 [main] INFO  com.zaxxer.hikari.HikariDataSource - HikariPool-1 - Start completed.
2026-03-22 16:03:26 [main] INFO  org.flywaydb.core.FlywayExecutor - Database: jdbc:sqlite:app.db (SQLite 3.50)
2026-03-22 16:03:26 [main] INFO  o.f.core.internal.command.DbValidate - Successfully validated 7 migrations (execution time 00:00.014s)
2026-03-22 16:03:26 [main] INFO  o.f.core.internal.command.DbMigrate - Current version of schema "main": 7
2026-03-22 16:03:26 [main] INFO  o.f.core.internal.command.DbMigrate - Schema "main" is up to date. No migration necessary.
2026-03-22 16:04:23 [main] INFO  org.example.ivoprojekt.LOGBOCKTEST - Log is successfully configured
2026-03-22 16:04:23 [main] INFO  com.zaxxer.hikari.HikariDataSource - HikariPool-1 - Starting...
2026-03-22 16:04:23 [main] INFO  com.zaxxer.hikari.pool.HikariPool - HikariPool-1 - Added connection org.sqlite.jdbc4.JDBC4Connection@82de64a
2026-03-22 16:04:23 [main] INFO  com.zaxxer.hikari.HikariDataSource - HikariPool-1 - Start completed.
2026-03-22 16:04:23 [main] INFO  org.flywaydb.core.FlywayExecutor - Database: jdbc:sqlite:app.db (SQLite 3.50)
2026-03-22 16:04:23 [main] INFO  o.f.core.internal.command.DbValidate - Successfully validated 7 migrations (execution time 00:00.014s)
2026-03-22 16:04:23 [main] INFO  o.f.core.internal.command.DbMigrate - Current version of schema "main": 7
2026-03-22 16:04:23 [main] INFO  o.f.core.internal.command.DbMigrate - Schema "main" is up to date. No migration necessary.
2026-03-22 16:11:02 [main] INFO  org.example.ivoprojekt.LOGBOCKTEST - Log is successfully configured
2026-03-22 16:11:02 [main] INFO  com.zaxxer.hikari.HikariDataSource - HikariPool-1 - Starting...
2026-03-22 16:11:02 [main] INFO  com.zaxxer.hikari.pool.HikariPool - HikariPool-1 - Added connection org.sqlite.jdbc4.JDBC4Connection@4310d43
2026-03-22 16:11:02 [main] INFO  com.zaxxer.hikari.HikariDataSource - HikariPool-1 - Start completed.
2026-03-22 16:11:02 [main] INFO  org.flywaydb.core.FlywayExecutor - Database: jdbc:sqlite:app.db (SQLite 3.50)
2026-03-22 16:11:02 [main] INFO  o.f.core.internal.command.DbValidate - Successfully validated 7 migrations (execution time 00:00.013s)
2026-03-22 16:11:02 [main] INFO  o.f.core.internal.command.DbMigrate - Current version of schema "main": 7
2026-03-22 16:11:02 [main] INFO  o.f.core.internal.command.DbMigrate - Schema "main" is up to date. No migration necessary.
2026-03-22 16:11:45 [main] ERROR org.example.ivoprojekt.LOGBOCKTEST - Log is successfully configured
2026-03-22 16:11:45 [main] INFO  com.zaxxer.hikari.HikariDataSource - HikariPool-1 - Starting...
2026-03-22 16:11:45 [main] INFO  com.zaxxer.hikari.pool.HikariPool - HikariPool-1 - Added connection org.sqlite.jdbc4.JDBC4Connection@4310d43
2026-03-22 16:11:45 [main] INFO  com.zaxxer.hikari.HikariDataSource - HikariPool-1 - Start completed.
2026-03-22 16:11:45 [main] INFO  org.flywaydb.core.FlywayExecutor - Database: jdbc:sqlite:app.db (SQLite 3.50)
2026-03-22 16:11:45 [main] INFO  o.f.core.internal.command.DbValidate - Successfully validated 7 migrations (execution time 00:00.013s)
2026-03-22 16:11:45 [main] INFO  o.f.core.internal.command.DbMigrate - Current version of schema "main": 7
2026-03-22 16:11:45 [main] INFO  o.f.core.internal.command.DbMigrate - Schema "main" is up to date. No migration necessary.
2026-03-22 16:14:21 [main] ERROR org.example.ivoprojekt.LOGBOCKTEST - Log is successfully configured
2026-03-22 16:14:21 [main] INFO  com.zaxxer.hikari.HikariDataSource - HikariPool-1 - Starting...
2026-03-22 16:14:21 [main] INFO  com.zaxxer.hikari.pool.HikariPool - HikariPool-1 - Added connection org.sqlite.jdbc4.JDBC4Connection@4310d43
2026-03-22 16:14:21 [main] INFO  com.zaxxer.hikari.HikariDataSource - HikariPool-1 - Start completed.
2026-03-22 16:14:21 [main] INFO  org.flywaydb.core.FlywayExecutor - Database: jdbc:sqlite:app.db (SQLite 3.50)
2026-03-22 16:14:21 [main] INFO  o.f.core.internal.command.DbValidate - Successfully validated 7 migrations (execution time 00:00.014s)
2026-03-22 16:14:21 [main] INFO  o.f.core.internal.command.DbMigrate - Current version of schema "main": 7
2026-03-22 16:14:21 [main] INFO  o.f.core.internal.command.DbMigrate - Schema "main" is up to date. No migration necessary.

2026-03-22 16:15:55 [JavaFX Application Thread] ERROR org.example.ivoprojekt.LOGBOCKTEST - org.sqlite.SQLiteException: [SQLITE_CONSTRAINT_FOREIGNKEY] A foreign key constraint failed (FOREIGN KEY constraint failed) [statement:"DELETE FROM partner WHERE id = (SELECT partner_id FROM user WHERE id = ?)", arguments:{pos:{0:1}}]
2026-03-30 15:48:42 [main] ERROR org.example.ivoprojekt.LOGBOCKTEST - Log is successfully configured
2026-03-30 15:48:42 [main] INFO  com.zaxxer.hikari.HikariDataSource - HikariPool-1 - Starting...
2026-03-30 15:48:42 [main] INFO  com.zaxxer.hikari.pool.HikariPool - HikariPool-1 - Added connection org.sqlite.jdbc4.JDBC4Connection@4310d43
2026-03-30 15:48:42 [main] INFO  com.zaxxer.hikari.HikariDataSource - HikariPool-1 - Start completed.
2026-03-30 15:48:42 [main] INFO  org.flywaydb.core.FlywayExecutor - Database: jdbc:sqlite:app.db (SQLite 3.50)
2026-03-30 15:48:42 [main] INFO  o.f.core.internal.command.DbValidate - Successfully validated 7 migrations (execution time 00:00.016s)
2026-03-30 15:48:42 [main] INFO  o.f.core.internal.command.DbMigrate - Current version of schema "main": 7
2026-03-30 15:48:42 [main] INFO  o.f.core.internal.command.DbMigrate - Schema "main" is up to date. No migration necessary.
2026-03-30 15:50:18 [main] ERROR org.example.ivoprojekt.LOGBOCKTEST - Log is successfully configured
2026-03-30 15:50:18 [main] INFO  com.zaxxer.hikari.HikariDataSource - HikariPool-1 - Starting...
2026-03-30 15:50:18 [main] INFO  com.zaxxer.hikari.pool.HikariPool - HikariPool-1 - Added connection org.sqlite.jdbc4.JDBC4Connection@4310d43
2026-03-30 15:50:18 [main] INFO  com.zaxxer.hikari.HikariDataSource - HikariPool-1 - Start completed.
2026-03-30 15:50:19 [main] INFO  org.flywaydb.core.FlywayExecutor - Database: jdbc:sqlite:app.db (SQLite 3.50)
2026-03-30 15:50:19 [main] INFO  o.f.core.internal.command.DbValidate - Successfully validated 7 migrations (execution time 00:00.014s)
2026-03-30 15:50:19 [main] INFO  o.f.core.internal.command.DbMigrate - Current version of schema "main": 7
2026-03-30 15:50:19 [main] INFO  o.f.core.internal.command.DbMigrate - Schema "main" is up to date. No migration necessary.
2026-03-30 19:38:04 [main] ERROR org.example.ivoprojekt.LOGBOCKTEST - Log is successfully configured
2026-03-30 19:38:04 [main] INFO  com.zaxxer.hikari.HikariDataSource - HikariPool-1 - Starting...
2026-03-30 19:38:04 [main] INFO  com.zaxxer.hikari.pool.HikariPool - HikariPool-1 - Added connection org.sqlite.jdbc4.JDBC4Connection@4310d43
2026-03-30 19:38:04 [main] INFO  com.zaxxer.hikari.HikariDataSource - HikariPool-1 - Start completed.
2026-03-30 19:38:04 [main] INFO  org.flywaydb.core.FlywayExecutor - Database: jdbc:sqlite:app.db (SQLite 3.50)
2026-03-30 19:38:04 [main] INFO  o.f.core.internal.command.DbValidate - Successfully validated 7 migrations (execution time 00:00.020s)
2026-03-30 19:38:04 [main] INFO  o.f.core.internal.command.DbMigrate - Current version of schema "main": 7
2026-03-30 19:38:04 [main] INFO  o.f.core.internal.command.DbMigrate - Schema "main" is up to date. No migration necessary.
2026-04-01 16:38:00 [main] INFO  com.zaxxer.hikari.HikariDataSource - HikariPool-1 - Starting...
2026-04-01 16:38:00 [main] INFO  com.zaxxer.hikari.pool.HikariPool - HikariPool-1 - Added connection org.sqlite.jdbc4.JDBC4Connection@61001b64
2026-04-01 16:38:00 [main] INFO  com.zaxxer.hikari.HikariDataSource - HikariPool-1 - Start completed.
2026-04-01 16:38:00 [main] INFO  org.flywaydb.core.FlywayExecutor - Database: jdbc:sqlite:app.db (SQLite 3.50)
2026-04-01 16:38:00 [main] INFO  o.f.core.internal.command.DbValidate - Successfully validated 7 migrations (execution time 00:00.027s)
2026-04-01 16:38:00 [main] INFO  o.f.core.internal.command.DbMigrate - Current version of schema "main": 7
2026-04-01 16:38:00 [main] INFO  o.f.core.internal.command.DbMigrate - Schema "main" is up to date. No migration necessary.
2026-04-01 18:50:09 [HikariPool-1 housekeeper] WARN  com.zaxxer.hikari.pool.HikariPool - HikariPool-1 - Thread starvation or clock leap detected (housekeeper delta=25m37s817ms312µs500ns).
2026-04-01 19:35:52 [HikariPool-1 housekeeper] WARN  com.zaxxer.hikari.pool.HikariPool - HikariPool-1 - Thread starvation or clock leap detected (housekeeper delta=25m43s508ms198µs100ns).
2026-04-04 11:42:10 [main] INFO  com.zaxxer.hikari.HikariDataSource - HikariPool-1 - Starting...
2026-04-04 11:42:10 [main] INFO  com.zaxxer.hikari.pool.HikariPool - HikariPool-1 - Added connection org.sqlite.jdbc4.JDBC4Connection@61001b64
2026-04-04 11:42:10 [main] INFO  com.zaxxer.hikari.HikariDataSource - HikariPool-1 - Start completed.
2026-04-04 11:42:10 [main] INFO  org.flywaydb.core.FlywayExecutor - Database: jdbc:sqlite:app.db (SQLite 3.50)
2026-04-04 11:42:10 [main] INFO  o.f.core.internal.command.DbValidate - Successfully validated 7 migrations (execution time 00:00.019s)
2026-04-04 11:42:10 [main] INFO  o.f.core.internal.command.DbMigrate - Current version of schema "main": 7
2026-04-04 11:42:10 [main] INFO  o.f.core.internal.command.DbMigrate - Schema "main" is up to date. No migration necessary.
2026-04-04 13:40:02 [main] INFO  com.zaxxer.hikari.HikariDataSource - HikariPool-1 - Starting...
2026-04-04 13:40:02 [main] INFO  com.zaxxer.hikari.pool.HikariPool - HikariPool-1 - Added connection org.sqlite.jdbc4.JDBC4Connection@61001b64
2026-04-04 13:40:02 [main] INFO  com.zaxxer.hikari.HikariDataSource - HikariPool-1 - Start completed.
2026-04-04 13:40:02 [main] INFO  org.flywaydb.core.FlywayExecutor - Database: jdbc:sqlite:app.db (SQLite 3.50)
2026-04-04 13:40:02 [main] INFO  o.f.core.internal.command.DbValidate - Successfully validated 7 migrations (execution time 00:00.016s)
2026-04-04 13:40:02 [main] INFO  o.f.core.internal.command.DbMigrate - Current version of schema "main": 7
2026-04-04 13:40:02 [main] INFO  o.f.core.internal.command.DbMigrate - Schema "main" is up to date. No migration necessary.
2026-04-04 13:58:03 [main] INFO  com.zaxxer.hikari.HikariDataSource - HikariPool-1 - Starting...
2026-04-04 13:58:03 [main] INFO  com.zaxxer.hikari.pool.HikariPool - HikariPool-1 - Added connection org.sqlite.jdbc4.JDBC4Connection@61001b64
2026-04-04 13:58:03 [main] INFO  com.zaxxer.hikari.HikariDataSource - HikariPool-1 - Start completed.
2026-04-04 13:58:03 [main] INFO  org.flywaydb.core.FlywayExecutor - Database: jdbc:sqlite:app.db (SQLite 3.50)
2026-04-04 13:58:03 [main] INFO  o.f.core.internal.command.DbValidate - Successfully validated 7 migrations (execution time 00:00.017s)
2026-04-04 13:58:03 [main] INFO  o.f.core.internal.command.DbMigrate - Current version of schema "main": 7
2026-04-04 13:58:03 [main] INFO  o.f.core.internal.command.DbMigrate - Schema "main" is up to date. No migration necessary.
2026-04-04 13:59:07 [main] INFO  com.zaxxer.hikari.HikariDataSource - HikariPool-1 - Starting...
2026-04-04 13:59:08 [main] INFO  com.zaxxer.hikari.pool.HikariPool - HikariPool-1 - Added connection org.sqlite.jdbc4.JDBC4Connection@61001b64
2026-04-04 13:59:08 [main] INFO  com.zaxxer.hikari.HikariDataSource - HikariPool-1 - Start completed.
2026-04-04 13:59:08 [main] INFO  org.flywaydb.core.FlywayExecutor - Database: jdbc:sqlite:app.db (SQLite 3.50)
2026-04-04 13:59:08 [main] INFO  o.f.core.internal.command.DbValidate - Successfully validated 7 migrations (execution time 00:00.015s)
2026-04-04 13:59:08 [main] INFO  o.f.core.internal.command.DbMigrate - Current version of schema "main": 7
2026-04-04 13:59:08 [main] INFO  o.f.core.internal.command.DbMigrate - Schema "main" is up to date. No migration necessary.
2026-04-04 14:00:12 [main] INFO  com.zaxxer.hikari.HikariDataSource - HikariPool-1 - Starting...
2026-04-04 14:00:12 [main] INFO  com.zaxxer.hikari.pool.HikariPool - HikariPool-1 - Added connection org.sqlite.jdbc4.JDBC4Connection@61001b64
2026-04-04 14:00:12 [main] INFO  com.zaxxer.hikari.HikariDataSource - HikariPool-1 - Start completed.
2026-04-04 14:00:12 [main] INFO  org.flywaydb.core.FlywayExecutor - Database: jdbc:sqlite:app.db (SQLite 3.50)
2026-04-04 14:00:12 [main] INFO  o.f.core.internal.command.DbValidate - Successfully validated 7 migrations (execution time 00:00.014s)
2026-04-04 14:00:12 [main] INFO  o.f.core.internal.command.DbMigrate - Current version of schema "main": 7
2026-04-04 14:00:12 [main] INFO  o.f.core.internal.command.DbMigrate - Schema "main" is up to date. No migration necessary.
2026-04-04 14:04:47 [main] INFO  com.zaxxer.hikari.HikariDataSource - HikariPool-1 - Starting...
2026-04-04 14:04:47 [main] INFO  com.zaxxer.hikari.pool.HikariPool - HikariPool-1 - Added connection org.sqlite.jdbc4.JDBC4Connection@61001b64
2026-04-04 14:04:47 [main] INFO  com.zaxxer.hikari.HikariDataSource - HikariPool-1 - Start completed.
2026-04-04 14:04:47 [main] INFO  org.flywaydb.core.FlywayExecutor - Database: jdbc:sqlite:app.db (SQLite 3.50)
2026-04-04 14:04:47 [main] INFO  o.f.core.internal.command.DbValidate - Successfully validated 7 migrations (execution time 00:00.013s)
2026-04-04 14:04:47 [main] INFO  o.f.core.internal.command.DbMigrate - Current version of schema "main": 7
2026-04-04 14:04:47 [main] INFO  o.f.core.internal.command.DbMigrate - Schema "main" is up to date. No migration necessary.
2026-04-04 14:06:26 [main] INFO  com.zaxxer.hikari.HikariDataSource - HikariPool-1 - Starting...
2026-04-04 14:06:26 [main] INFO  com.zaxxer.hikari.pool.HikariPool - HikariPool-1 - Added connection org.sqlite.jdbc4.JDBC4Connection@61001b64
2026-04-04 14:06:26 [main] INFO  com.zaxxer.hikari.HikariDataSource - HikariPool-1 - Start completed.
2026-04-04 14:06:26 [main] INFO  org.flywaydb.core.FlywayExecutor - Database: jdbc:sqlite:app.db (SQLite 3.50)
2026-04-04 14:06:26 [main] INFO  o.f.core.internal.command.DbValidate - Successfully validated 7 migrations (execution time 00:00.013s)
2026-04-04 14:06:26 [main] INFO  o.f.core.internal.command.DbMigrate - Current version of schema "main": 7
2026-04-04 14:06:26 [main] INFO  o.f.core.internal.command.DbMigrate - Schema "main" is up to date. No migration necessary.
2026-04-04 14:11:39 [main] INFO  com.zaxxer.hikari.HikariDataSource - HikariPool-1 - Starting...
2026-04-04 14:11:39 [main] INFO  com.zaxxer.hikari.pool.HikariPool - HikariPool-1 - Added connection org.sqlite.jdbc4.JDBC4Connection@61001b64
2026-04-04 14:11:39 [main] INFO  com.zaxxer.hikari.HikariDataSource - HikariPool-1 - Start completed.
2026-04-04 14:11:39 [main] INFO  org.flywaydb.core.FlywayExecutor - Database: jdbc:sqlite:app.db (SQLite 3.50)
2026-04-04 14:11:39 [main] INFO  o.f.core.internal.command.DbValidate - Successfully validated 7 migrations (execution time 00:00.015s)
2026-04-04 14:11:39 [main] INFO  o.f.core.internal.command.DbMigrate - Current version of schema "main": 7
2026-04-04 14:11:39 [main] INFO  o.f.core.internal.command.DbMigrate - Schema "main" is up to date. No migration necessary.
2026-04-04 14:12:59 [main] INFO  com.zaxxer.hikari.HikariDataSource - HikariPool-1 - Starting...
2026-04-04 14:12:59 [main] INFO  com.zaxxer.hikari.pool.HikariPool - HikariPool-1 - Added connection org.sqlite.jdbc4.JDBC4Connection@61001b64
2026-04-04 14:12:59 [main] INFO  com.zaxxer.hikari.HikariDataSource - HikariPool-1 - Start completed.
2026-04-04 14:12:59 [main] INFO  org.flywaydb.core.FlywayExecutor - Database: jdbc:sqlite:app.db (SQLite 3.50)
2026-04-04 14:12:59 [main] INFO  o.f.core.internal.command.DbValidate - Successfully validated 7 migrations (execution time 00:00.014s)
2026-04-04 14:12:59 [main] INFO  o.f.core.internal.command.DbMigrate - Current version of schema "main": 7
2026-04-04 14:12:59 [main] INFO  o.f.core.internal.command.DbMigrate - Schema "main" is up to date. No migration necessary.
2026-04-04 14:14:40 [main] INFO  com.zaxxer.hikari.HikariDataSource - HikariPool-1 - Starting...
2026-04-04 14:14:40 [main] INFO  com.zaxxer.hikari.pool.HikariPool - HikariPool-1 - Added connection org.sqlite.jdbc4.JDBC4Connection@61001b64
2026-04-04 14:14:40 [main] INFO  com.zaxxer.hikari.HikariDataSource - HikariPool-1 - Start completed.
2026-04-04 14:14:40 [main] INFO  org.flywaydb.core.FlywayExecutor - Database: jdbc:sqlite:app.db (SQLite 3.50)
2026-04-04 14:14:40 [main] INFO  o.f.core.internal.command.DbValidate - Successfully validated 7 migrations (execution time 00:00.014s)
2026-04-04 14:14:40 [main] INFO  o.f.core.internal.command.DbMigrate - Current version of schema "main": 7
2026-04-04 14:14:40 [main] INFO  o.f.core.internal.command.DbMigrate - Schema "main" is up to date. No migration necessary.
2026-04-04 15:12:40 [main] INFO  com.zaxxer.hikari.HikariDataSource - HikariPool-1 - Starting...
2026-04-04 15:12:40 [main] INFO  com.zaxxer.hikari.pool.HikariPool - HikariPool-1 - Added connection org.sqlite.jdbc4.JDBC4Connection@61001b64
2026-04-04 15:12:40 [main] INFO  com.zaxxer.hikari.HikariDataSource - HikariPool-1 - Start completed.
2026-04-04 15:12:40 [main] INFO  org.flywaydb.core.FlywayExecutor - Database: jdbc:sqlite:app.db (SQLite 3.50)
2026-04-04 15:12:40 [main] INFO  o.f.core.internal.command.DbValidate - Successfully validated 7 migrations (execution time 00:00.013s)
2026-04-04 15:12:40 [main] INFO  o.f.core.internal.command.DbMigrate - Current version of schema "main": 7
2026-04-04 15:12:40 [main] INFO  o.f.core.internal.command.DbMigrate - Schema "main" is up to date. No migration necessary.
2026-04-04 15:16:51 [main] INFO  com.zaxxer.hikari.HikariDataSource - HikariPool-1 - Starting...
2026-04-04 15:16:51 [main] INFO  com.zaxxer.hikari.pool.HikariPool - HikariPool-1 - Added connection org.sqlite.jdbc4.JDBC4Connection@61001b64
2026-04-04 15:16:51 [main] INFO  com.zaxxer.hikari.HikariDataSource - HikariPool-1 - Start completed.
2026-04-04 15:16:51 [main] INFO  org.flywaydb.core.FlywayExecutor - Database: jdbc:sqlite:app.db (SQLite 3.50)
2026-04-04 15:16:51 [main] INFO  o.f.core.internal.command.DbValidate - Successfully validated 7 migrations (execution time 00:00.016s)
2026-04-04 15:16:51 [main] INFO  o.f.core.internal.command.DbMigrate - Current version of schema "main": 7
2026-04-04 15:16:51 [main] INFO  o.f.core.internal.command.DbMigrate - Schema "main" is up to date. No migration necessary.
2026-04-04 15:17:20 [main] INFO  com.zaxxer.hikari.HikariDataSource - HikariPool-1 - Starting...
2026-04-04 15:17:20 [main] INFO  com.zaxxer.hikari.pool.HikariPool - HikariPool-1 - Added connection org.sqlite.jdbc4.JDBC4Connection@61001b64
2026-04-04 15:17:20 [main] INFO  com.zaxxer.hikari.HikariDataSource - HikariPool-1 - Start completed.
2026-04-04 15:17:20 [main] INFO  org.flywaydb.core.FlywayExecutor - Database: jdbc:sqlite:app.db (SQLite 3.50)
2026-04-04 15:17:20 [main] INFO  o.f.core.internal.command.DbValidate - Successfully validated 7 migrations (execution time 00:00.013s)
2026-04-04 15:17:20 [main] INFO  o.f.core.internal.command.DbMigrate - Current version of schema "main": 7
2026-04-04 15:17:20 [main] INFO  o.f.core.internal.command.DbMigrate - Schema "main" is up to date. No migration necessary.
2026-04-04 15:20:26 [main] INFO  com.zaxxer.hikari.HikariDataSource - HikariPool-1 - Starting...
2026-04-04 15:20:26 [main] INFO  com.zaxxer.hikari.pool.HikariPool - HikariPool-1 - Added connection org.sqlite.jdbc4.JDBC4Connection@61001b64
2026-04-04 15:20:26 [main] INFO  com.zaxxer.hikari.HikariDataSource - HikariPool-1 - Start completed.
2026-04-04 15:20:26 [main] INFO  org.flywaydb.core.FlywayExecutor - Database: jdbc:sqlite:app.db (SQLite 3.50)
2026-04-04 15:20:26 [main] INFO  o.f.core.internal.command.DbValidate - Successfully validated 7 migrations (execution time 00:00.013s)
2026-04-04 15:20:26 [main] INFO  o.f.core.internal.command.DbMigrate - Current version of schema "main": 7
2026-04-04 15:20:26 [main] INFO  o.f.core.internal.command.DbMigrate - Schema "main" is up to date. No migration necessary.
2026-04-04 15:25:38 [main] INFO  com.zaxxer.hikari.HikariDataSource - HikariPool-1 - Starting...
2026-04-04 15:25:38 [main] INFO  com.zaxxer.hikari.pool.HikariPool - HikariPool-1 - Added connection org.sqlite.jdbc4.JDBC4Connection@61001b64
2026-04-04 15:25:38 [main] INFO  com.zaxxer.hikari.HikariDataSource - HikariPool-1 - Start completed.
2026-04-04 15:25:38 [main] INFO  org.flywaydb.core.FlywayExecutor - Database: jdbc:sqlite:app.db (SQLite 3.50)
2026-04-04 15:25:38 [main] INFO  o.f.core.internal.command.DbValidate - Successfully validated 7 migrations (execution time 00:00.014s)
2026-04-04 15:25:38 [main] INFO  o.f.core.internal.command.DbMigrate - Current version of schema "main": 7
2026-04-04 15:25:38 [main] INFO  o.f.core.internal.command.DbMigrate - Schema "main" is up to date. No migration necessary.
2026-04-05 16:37:52 [main] INFO  com.zaxxer.hikari.HikariDataSource - HikariPool-1 - Starting...
2026-04-05 16:37:52 [main] INFO  com.zaxxer.hikari.pool.HikariPool - HikariPool-1 - Added connection org.sqlite.jdbc4.JDBC4Connection@61001b64
2026-04-05 16:37:52 [main] INFO  com.zaxxer.hikari.HikariDataSource - HikariPool-1 - Start completed.
2026-04-05 16:37:53 [main] INFO  org.flywaydb.core.FlywayExecutor - Database: jdbc:sqlite:app.db (SQLite 3.50)
2026-04-05 16:37:53 [main] INFO  o.f.core.internal.command.DbValidate - Successfully validated 7 migrations (execution time 00:00.018s)
2026-04-05 16:37:53 [main] INFO  o.f.core.internal.command.DbMigrate - Current version of schema "main": 7
2026-04-05 16:37:53 [main] INFO  o.f.core.internal.command.DbMigrate - Schema "main" is up to date. No migration necessary.
2026-04-05 16:54:26 [main] INFO  com.zaxxer.hikari.HikariDataSource - HikariPool-1 - Starting...
2026-04-05 16:54:26 [main] INFO  com.zaxxer.hikari.pool.HikariPool - HikariPool-1 - Added connection org.sqlite.jdbc4.JDBC4Connection@61001b64
2026-04-05 16:54:26 [main] INFO  com.zaxxer.hikari.HikariDataSource - HikariPool-1 - Start completed.
2026-04-05 16:54:26 [main] INFO  org.flywaydb.core.FlywayExecutor - Database: jdbc:sqlite:app.db (SQLite 3.50)
2026-04-05 16:54:26 [main] INFO  o.f.core.internal.command.DbValidate - Successfully validated 7 migrations (execution time 00:00.014s)
2026-04-05 16:54:26 [main] INFO  o.f.core.internal.command.DbMigrate - Current version of schema "main": 7
2026-04-05 16:54:26 [main] INFO  o.f.core.internal.command.DbMigrate - Schema "main" is up to date. No migration necessary.
2026-04-05 16:55:35 [main] INFO  com.zaxxer.hikari.HikariDataSource - HikariPool-1 - Starting...
2026-04-05 16:55:35 [main] INFO  com.zaxxer.hikari.pool.HikariPool - HikariPool-1 - Added connection org.sqlite.jdbc4.JDBC4Connection@61001b64
2026-04-05 16:55:35 [main] INFO  com.zaxxer.hikari.HikariDataSource - HikariPool-1 - Start completed.
2026-04-05 16:55:35 [main] INFO  org.flywaydb.core.FlywayExecutor - Database: jdbc:sqlite:app.db (SQLite 3.50)
2026-04-05 16:55:35 [main] INFO  o.f.core.internal.command.DbValidate - Successfully validated 7 migrations (execution time 00:00.014s)
2026-04-05 16:55:35 [main] INFO  o.f.core.internal.command.DbMigrate - Current version of schema "main": 7
2026-04-05 16:55:35 [main] INFO  o.f.core.internal.command.DbMigrate - Schema "main" is up to date. No migration necessary.
2026-04-05 16:56:53 [main] INFO  com.zaxxer.hikari.HikariDataSource - HikariPool-1 - Starting...
2026-04-05 16:56:53 [main] INFO  com.zaxxer.hikari.pool.HikariPool - HikariPool-1 - Added connection org.sqlite.jdbc4.JDBC4Connection@61001b64
2026-04-05 16:56:53 [main] INFO  com.zaxxer.hikari.HikariDataSource - HikariPool-1 - Start completed.
2026-04-05 16:56:53 [main] INFO  org.flywaydb.core.FlywayExecutor - Database: jdbc:sqlite:app.db (SQLite 3.50)
2026-04-05 16:56:53 [main] INFO  o.f.core.internal.command.DbValidate - Successfully validated 7 migrations (execution time 00:00.013s)
2026-04-05 16:56:53 [main] INFO  o.f.core.internal.command.DbMigrate - Current version of schema "main": 7
2026-04-05 16:56:53 [main] INFO  o.f.core.internal.command.DbMigrate - Schema "main" is up to date. No migration necessary.
2026-04-05 16:57:44 [main] INFO  com.zaxxer.hikari.HikariDataSource - HikariPool-1 - Starting...
2026-04-05 16:57:44 [main] INFO  com.zaxxer.hikari.pool.HikariPool - HikariPool-1 - Added connection org.sqlite.jdbc4.JDBC4Connection@61001b64
2026-04-05 16:57:44 [main] INFO  com.zaxxer.hikari.HikariDataSource - HikariPool-1 - Start completed.
2026-04-05 16:57:45 [main] INFO  org.flywaydb.core.FlywayExecutor - Database: jdbc:sqlite:app.db (SQLite 3.50)
2026-04-05 16:57:45 [main] INFO  o.f.core.internal.command.DbValidate - Successfully validated 7 migrations (execution time 00:00.014s)
2026-04-05 16:57:45 [main] INFO  o.f.core.internal.command.DbMigrate - Current version of schema "main": 7
2026-04-05 16:57:45 [main] INFO  o.f.core.internal.command.DbMigrate - Schema "main" is up to date. No migration necessary.
2026-04-05 17:01:16 [main] INFO  com.zaxxer.hikari.HikariDataSource - HikariPool-1 - Starting...
2026-04-05 17:01:16 [main] INFO  com.zaxxer.hikari.pool.HikariPool - HikariPool-1 - Added connection org.sqlite.jdbc4.JDBC4Connection@61001b64
2026-04-05 17:01:16 [main] INFO  com.zaxxer.hikari.HikariDataSource - HikariPool-1 - Start completed.
2026-04-05 17:01:17 [main] INFO  org.flywaydb.core.FlywayExecutor - Database: jdbc:sqlite:app.db (SQLite 3.50)
2026-04-05 17:01:17 [main] INFO  o.f.core.internal.command.DbValidate - Successfully validated 7 migrations (execution time 00:00.013s)
2026-04-05 17:01:17 [main] INFO  o.f.core.internal.command.DbMigrate - Current version of schema "main": 7
2026-04-05 17:01:17 [main] INFO  o.f.core.internal.command.DbMigrate - Schema "main" is up to date. No migration necessary.
2026-04-05 17:10:30 [main] INFO  com.zaxxer.hikari.HikariDataSource - HikariPool-1 - Starting...
2026-04-05 17:10:30 [main] INFO  com.zaxxer.hikari.pool.HikariPool - HikariPool-1 - Added connection org.sqlite.jdbc4.JDBC4Connection@61001b64
2026-04-05 17:10:30 [main] INFO  com.zaxxer.hikari.HikariDataSource - HikariPool-1 - Start completed.
2026-04-05 17:10:30 [main] INFO  org.flywaydb.core.FlywayExecutor - Database: jdbc:sqlite:app.db (SQLite 3.50)
2026-04-05 17:10:30 [main] INFO  o.f.core.internal.command.DbValidate - Successfully validated 7 migrations (execution time 00:00.014s)
2026-04-05 17:10:30 [main] INFO  o.f.core.internal.command.DbMigrate - Current version of schema "main": 7
2026-04-05 17:10:30 [main] INFO  o.f.core.internal.command.DbMigrate - Schema "main" is up to date. No migration necessary.
2026-04-05 17:16:19 [main] INFO  com.zaxxer.hikari.HikariDataSource - HikariPool-1 - Starting...
2026-04-05 17:16:19 [main] INFO  com.zaxxer.hikari.pool.HikariPool - HikariPool-1 - Added connection org.sqlite.jdbc4.JDBC4Connection@61001b64
2026-04-05 17:16:19 [main] INFO  com.zaxxer.hikari.HikariDataSource - HikariPool-1 - Start completed.
2026-04-05 17:16:19 [main] INFO  org.flywaydb.core.FlywayExecutor - Database: jdbc:sqlite:app.db (SQLite 3.50)
2026-04-05 17:16:19 [main] INFO  o.f.core.internal.command.DbValidate - Successfully validated 7 migrations (execution time 00:00.013s)
2026-04-05 17:16:19 [main] INFO  o.f.core.internal.command.DbMigrate - Current version of schema "main": 7
2026-04-05 17:16:19 [main] INFO  o.f.core.internal.command.DbMigrate - Schema "main" is up to date. No migration necessary.
2026-04-05 17:17:09 [main] INFO  com.zaxxer.hikari.HikariDataSource - HikariPool-1 - Starting...
2026-04-05 17:17:09 [main] INFO  com.zaxxer.hikari.pool.HikariPool - HikariPool-1 - Added connection org.sqlite.jdbc4.JDBC4Connection@61001b64
2026-04-05 17:17:09 [main] INFO  com.zaxxer.hikari.HikariDataSource - HikariPool-1 - Start completed.
2026-04-05 17:17:09 [main] INFO  org.flywaydb.core.FlywayExecutor - Database: jdbc:sqlite:app.db (SQLite 3.50)
2026-04-05 17:17:09 [main] INFO  o.f.core.internal.command.DbValidate - Successfully validated 7 migrations (execution time 00:00.015s)
2026-04-05 17:17:09 [main] INFO  o.f.core.internal.command.DbMigrate - Current version of schema "main": 7
2026-04-05 17:17:09 [main] INFO  o.f.core.internal.command.DbMigrate - Schema "main" is up to date. No migration necessary.
2026-04-05 17:19:06 [main] INFO  com.zaxxer.hikari.HikariDataSource - HikariPool-1 - Starting...
2026-04-05 17:19:06 [main] INFO  com.zaxxer.hikari.pool.HikariPool - HikariPool-1 - Added connection org.sqlite.jdbc4.JDBC4Connection@61001b64
2026-04-05 17:19:06 [main] INFO  com.zaxxer.hikari.HikariDataSource - HikariPool-1 - Start completed.
2026-04-05 17:19:06 [main] INFO  org.flywaydb.core.FlywayExecutor - Database: jdbc:sqlite:app.db (SQLite 3.50)
2026-04-05 17:19:06 [main] INFO  o.f.core.internal.command.DbValidate - Successfully validated 7 migrations (execution time 00:00.014s)
2026-04-05 17:19:06 [main] INFO  o.f.core.internal.command.DbMigrate - Current version of schema "main": 7
2026-04-05 17:19:06 [main] INFO  o.f.core.internal.command.DbMigrate - Schema "main" is up to date. No migration necessary.
2026-04-05 17:20:02 [main] INFO  com.zaxxer.hikari.HikariDataSource - HikariPool-1 - Starting...
2026-04-05 17:20:02 [main] INFO  com.zaxxer.hikari.pool.HikariPool - HikariPool-1 - Added connection org.sqlite.jdbc4.JDBC4Connection@61001b64
2026-04-05 17:20:02 [main] INFO  com.zaxxer.hikari.HikariDataSource - HikariPool-1 - Start completed.
2026-04-05 17:20:03 [main] INFO  org.flywaydb.core.FlywayExecutor - Database: jdbc:sqlite:app.db (SQLite 3.50)
2026-04-05 17:20:03 [main] INFO  o.f.core.internal.command.DbValidate - Successfully validated 7 migrations (execution time 00:00.014s)
2026-04-05 17:20:03 [main] INFO  o.f.core.internal.command.DbMigrate - Current version of schema "main": 7
2026-04-05 17:20:03 [main] INFO  o.f.core.internal.command.DbMigrate - Schema "main" is up to date. No migration necessary.
2026-04-05 17:21:04 [main] INFO  com.zaxxer.hikari.HikariDataSource - HikariPool-1 - Starting...
2026-04-05 17:21:04 [main] INFO  com.zaxxer.hikari.pool.HikariPool - HikariPool-1 - Added connection org.sqlite.jdbc4.JDBC4Connection@61001b64
2026-04-05 17:21:04 [main] INFO  com.zaxxer.hikari.HikariDataSource - HikariPool-1 - Start completed.
2026-04-05 17:21:04 [main] INFO  org.flywaydb.core.FlywayExecutor - Database: jdbc:sqlite:app.db (SQLite 3.50)
2026-04-05 17:21:05 [main] INFO  o.f.core.internal.command.DbValidate - Successfully validated 7 migrations (execution time 00:00.014s)
2026-04-05 17:21:05 [main] INFO  o.f.core.internal.command.DbMigrate - Current version of schema "main": 7
2026-04-05 17:21:05 [main] INFO  o.f.core.internal.command.DbMigrate - Schema "main" is up to date. No migration necessary.
2026-04-05 17:28:24 [main] INFO  com.zaxxer.hikari.HikariDataSource - HikariPool-1 - Starting...
2026-04-05 17:28:24 [main] INFO  com.zaxxer.hikari.pool.HikariPool - HikariPool-1 - Added connection org.sqlite.jdbc4.JDBC4Connection@61001b64
2026-04-05 17:28:24 [main] INFO  com.zaxxer.hikari.HikariDataSource - HikariPool-1 - Start completed.
2026-04-05 17:28:24 [main] INFO  org.flywaydb.core.FlywayExecutor - Database: jdbc:sqlite:app.db (SQLite 3.50)
2026-04-05 17:28:24 [main] INFO  o.f.core.internal.command.DbValidate - Successfully validated 7 migrations (execution time 00:00.014s)
2026-04-05 17:28:24 [main] INFO  o.f.core.internal.command.DbMigrate - Current version of schema "main": 7
2026-04-05 17:28:24 [main] INFO  o.f.core.internal.command.DbMigrate - Schema "main" is up to date. No migration necessary.
2026-04-05 17:34:07 [main] INFO  com.zaxxer.hikari.HikariDataSource - HikariPool-1 - Starting...
2026-04-05 17:34:07 [main] INFO  com.zaxxer.hikari.pool.HikariPool - HikariPool-1 - Added connection org.sqlite.jdbc4.JDBC4Connection@61001b64
2026-04-05 17:34:07 [main] INFO  com.zaxxer.hikari.HikariDataSource - HikariPool-1 - Start completed.
2026-04-05 17:34:08 [main] INFO  org.flywaydb.core.FlywayExecutor - Database: jdbc:sqlite:app.db (SQLite 3.50)
2026-04-05 17:34:08 [main] INFO  o.f.core.internal.command.DbValidate - Successfully validated 7 migrations (execution time 00:00.013s)
2026-04-05 17:34:08 [main] INFO  o.f.core.internal.command.DbMigrate - Current version of schema "main": 7
2026-04-05 17:34:08 [main] INFO  o.f.core.internal.command.DbMigrate - Schema "main" is up to date. No migration necessary.
2026-04-06 13:12:35 [main] INFO  com.zaxxer.hikari.HikariDataSource - HikariPool-1 - Starting...
2026-04-06 13:12:35 [main] INFO  com.zaxxer.hikari.pool.HikariPool - HikariPool-1 - Added connection org.sqlite.jdbc4.JDBC4Connection@61001b64
2026-04-06 13:12:35 [main] INFO  com.zaxxer.hikari.HikariDataSource - HikariPool-1 - Start completed.
2026-04-06 13:12:35 [main] INFO  org.flywaydb.core.FlywayExecutor - Database: jdbc:sqlite:app.db (SQLite 3.50)
2026-04-06 13:12:35 [main] INFO  o.f.core.internal.command.DbValidate - Successfully validated 7 migrations (execution time 00:00.016s)
2026-04-06 13:12:35 [main] INFO  o.f.core.internal.command.DbMigrate - Current version of schema "main": 7
2026-04-06 13:12:35 [main] INFO  o.f.core.internal.command.DbMigrate - Schema "main" is up to date. No migration necessary.
2026-04-06 13:17:36 [main] INFO  com.zaxxer.hikari.HikariDataSource - HikariPool-1 - Starting...
2026-04-06 13:17:36 [main] INFO  com.zaxxer.hikari.pool.HikariPool - HikariPool-1 - Added connection org.sqlite.jdbc4.JDBC4Connection@61001b64
2026-04-06 13:17:36 [main] INFO  com.zaxxer.hikari.HikariDataSource - HikariPool-1 - Start completed.
2026-04-06 13:17:37 [main] INFO  org.flywaydb.core.FlywayExecutor - Database: jdbc:sqlite:app.db (SQLite 3.50)
2026-04-06 13:17:37 [main] INFO  o.f.core.internal.command.DbValidate - Successfully validated 7 migrations (execution time 00:00.013s)
2026-04-06 13:17:37 [main] INFO  o.f.core.internal.command.DbMigrate - Current version of schema "main": 7
2026-04-06 13:17:37 [main] INFO  o.f.core.internal.command.DbMigrate - Schema "main" is up to date. No migration necessary.
2026-04-06 13:23:36 [main] INFO  com.zaxxer.hikari.HikariDataSource - HikariPool-1 - Starting...
2026-04-06 13:23:36 [main] INFO  com.zaxxer.hikari.pool.HikariPool - HikariPool-1 - Added connection org.sqlite.jdbc4.JDBC4Connection@61001b64
2026-04-06 13:23:36 [main] INFO  com.zaxxer.hikari.HikariDataSource - HikariPool-1 - Start completed.
2026-04-06 13:23:36 [main] INFO  org.flywaydb.core.FlywayExecutor - Database: jdbc:sqlite:app.db (SQLite 3.50)
2026-04-06 13:23:36 [main] INFO  o.f.core.internal.command.DbValidate - Successfully validated 7 migrations (execution time 00:00.013s)
2026-04-06 13:23:36 [main] INFO  o.f.core.internal.command.DbMigrate - Current version of schema "main": 7
2026-04-06 13:23:36 [main] INFO  o.f.core.internal.command.DbMigrate - Schema "main" is up to date. No migration necessary.
2026-04-06 13:24:30 [main] INFO  com.zaxxer.hikari.HikariDataSource - HikariPool-1 - Starting...
2026-04-06 13:24:30 [main] INFO  com.zaxxer.hikari.pool.HikariPool - HikariPool-1 - Added connection org.sqlite.jdbc4.JDBC4Connection@61001b64
2026-04-06 13:24:30 [main] INFO  com.zaxxer.hikari.HikariDataSource - HikariPool-1 - Start completed.
2026-04-06 13:24:30 [main] INFO  org.flywaydb.core.FlywayExecutor - Database: jdbc:sqlite:app.db (SQLite 3.50)
2026-04-06 13:24:30 [main] INFO  o.f.core.internal.command.DbValidate - Successfully validated 7 migrations (execution time 00:00.013s)
2026-04-06 13:24:30 [main] INFO  o.f.core.internal.command.DbMigrate - Current version of schema "main": 7
2026-04-06 13:24:30 [main] INFO  o.f.core.internal.command.DbMigrate - Schema "main" is up to date. No migration necessary.
2026-04-06 13:28:08 [main] INFO  com.zaxxer.hikari.HikariDataSource - HikariPool-1 - Starting...
2026-04-06 13:28:08 [main] INFO  com.zaxxer.hikari.pool.HikariPool - HikariPool-1 - Added connection org.sqlite.jdbc4.JDBC4Connection@61001b64
2026-04-06 13:28:08 [main] INFO  com.zaxxer.hikari.HikariDataSource - HikariPool-1 - Start completed.
2026-04-06 13:28:08 [main] INFO  org.flywaydb.core.FlywayExecutor - Database: jdbc:sqlite:app.db (SQLite 3.50)
2026-04-06 13:28:08 [main] INFO  o.f.core.internal.command.DbValidate - Successfully validated 7 migrations (execution time 00:00.014s)
2026-04-06 13:28:08 [main] INFO  o.f.core.internal.command.DbMigrate - Current version of schema "main": 7
2026-04-06 13:28:08 [main] INFO  o.f.core.internal.command.DbMigrate - Schema "main" is up to date. No migration necessary.
2026-04-06 13:29:01 [main] INFO  com.zaxxer.hikari.HikariDataSource - HikariPool-1 - Starting...
2026-04-06 13:29:01 [main] INFO  com.zaxxer.hikari.pool.HikariPool - HikariPool-1 - Added connection org.sqlite.jdbc4.JDBC4Connection@61001b64
2026-04-06 13:29:01 [main] INFO  com.zaxxer.hikari.HikariDataSource - HikariPool-1 - Start completed.
2026-04-06 13:29:01 [main] INFO  org.flywaydb.core.FlywayExecutor - Database: jdbc:sqlite:app.db (SQLite 3.50)
2026-04-06 13:29:01 [main] INFO  o.f.core.internal.command.DbValidate - Successfully validated 7 migrations (execution time 00:00.015s)
2026-04-06 13:29:01 [main] INFO  o.f.core.internal.command.DbMigrate - Current version of schema "main": 7
2026-04-06 13:29:01 [main] INFO  o.f.core.internal.command.DbMigrate - Schema "main" is up to date. No migration necessary.
2026-04-06 13:29:38 [main] INFO  com.zaxxer.hikari.HikariDataSource - HikariPool-1 - Starting...
2026-04-06 13:29:39 [main] INFO  com.zaxxer.hikari.pool.HikariPool - HikariPool-1 - Added connection org.sqlite.jdbc4.JDBC4Connection@61001b64
2026-04-06 13:29:39 [main] INFO  com.zaxxer.hikari.HikariDataSource - HikariPool-1 - Start completed.
2026-04-06 13:29:39 [main] INFO  org.flywaydb.core.FlywayExecutor - Database: jdbc:sqlite:app.db (SQLite 3.50)
2026-04-06 13:29:39 [main] INFO  o.f.core.internal.command.DbValidate - Successfully validated 7 migrations (execution time 00:00.014s)
2026-04-06 13:29:39 [main] INFO  o.f.core.internal.command.DbMigrate - Current version of schema "main": 7
2026-04-06 13:29:39 [main] INFO  o.f.core.internal.command.DbMigrate - Schema "main" is up to date. No migration necessary.
2026-04-06 13:31:05 [main] INFO  com.zaxxer.hikari.HikariDataSource - HikariPool-1 - Starting...
2026-04-06 13:31:05 [main] INFO  com.zaxxer.hikari.pool.HikariPool - HikariPool-1 - Added connection org.sqlite.jdbc4.JDBC4Connection@61001b64
2026-04-06 13:31:05 [main] INFO  com.zaxxer.hikari.HikariDataSource - HikariPool-1 - Start completed.
2026-04-06 13:31:05 [main] INFO  org.flywaydb.core.FlywayExecutor - Database: jdbc:sqlite:app.db (SQLite 3.50)
2026-04-06 13:31:05 [main] INFO  o.f.core.internal.command.DbValidate - Successfully validated 7 migrations (execution time 00:00.013s)
2026-04-06 13:31:05 [main] INFO  o.f.core.internal.command.DbMigrate - Current version of schema "main": 7
2026-04-06 13:31:05 [main] INFO  o.f.core.internal.command.DbMigrate - Schema "main" is up to date. No migration necessary.
2026-04-06 13:32:22 [main] INFO  com.zaxxer.hikari.HikariDataSource - HikariPool-1 - Starting...
2026-04-06 13:32:22 [main] INFO  com.zaxxer.hikari.pool.HikariPool - HikariPool-1 - Added connection org.sqlite.jdbc4.JDBC4Connection@61001b64
2026-04-06 13:32:22 [main] INFO  com.zaxxer.hikari.HikariDataSource - HikariPool-1 - Start completed.
2026-04-06 13:32:23 [main] INFO  org.flywaydb.core.FlywayExecutor - Database: jdbc:sqlite:app.db (SQLite 3.50)
2026-04-06 13:32:23 [main] INFO  o.f.core.internal.command.DbValidate - Successfully validated 7 migrations (execution time 00:00.014s)
2026-04-06 13:32:23 [main] INFO  o.f.core.internal.command.DbMigrate - Current version of schema "main": 7
2026-04-06 13:32:23 [main] INFO  o.f.core.internal.command.DbMigrate - Schema "main" is up to date. No migration necessary.
2026-04-06 13:33:25 [main] INFO  com.zaxxer.hikari.HikariDataSource - HikariPool-1 - Starting...
2026-04-06 13:33:25 [main] INFO  com.zaxxer.hikari.pool.HikariPool - HikariPool-1 - Added connection org.sqlite.jdbc4.JDBC4Connection@61001b64
2026-04-06 13:33:25 [main] INFO  com.zaxxer.hikari.HikariDataSource - HikariPool-1 - Start completed.
2026-04-06 13:33:25 [main] INFO  org.flywaydb.core.FlywayExecutor - Database: jdbc:sqlite:app.db (SQLite 3.50)
2026-04-06 13:33:25 [main] INFO  o.f.core.internal.command.DbValidate - Successfully validated 7 migrations (execution time 00:00.013s)
2026-04-06 13:33:25 [main] INFO  o.f.core.internal.command.DbMigrate - Current version of schema "main": 7
2026-04-06 13:33:25 [main] INFO  o.f.core.internal.command.DbMigrate - Schema "main" is up to date. No migration necessary.
2026-04-06 13:34:25 [main] INFO  com.zaxxer.hikari.HikariDataSource - HikariPool-1 - Starting...
2026-04-06 13:34:25 [main] INFO  com.zaxxer.hikari.pool.HikariPool - HikariPool-1 - Added connection org.sqlite.jdbc4.JDBC4Connection@61001b64
2026-04-06 13:34:25 [main] INFO  com.zaxxer.hikari.HikariDataSource - HikariPool-1 - Start completed.
2026-04-06 13:34:25 [main] INFO  org.flywaydb.core.FlywayExecutor - Database: jdbc:sqlite:app.db (SQLite 3.50)
2026-04-06 13:34:25 [main] INFO  o.f.core.internal.command.DbValidate - Successfully validated 7 migrations (execution time 00:00.015s)
2026-04-06 13:34:25 [main] INFO  o.f.core.internal.command.DbMigrate - Current version of schema "main": 7
2026-04-06 13:34:25 [main] INFO  o.f.core.internal.command.DbMigrate - Schema "main" is up to date. No migration necessary.
2026-04-06 13:36:08 [main] INFO  com.zaxxer.hikari.HikariDataSource - HikariPool-1 - Starting...
2026-04-06 13:36:08 [main] INFO  com.zaxxer.hikari.pool.HikariPool - HikariPool-1 - Added connection org.sqlite.jdbc4.JDBC4Connection@61001b64
2026-04-06 13:36:08 [main] INFO  com.zaxxer.hikari.HikariDataSource - HikariPool-1 - Start completed.
2026-04-06 13:36:08 [main] INFO  org.flywaydb.core.FlywayExecutor - Database: jdbc:sqlite:app.db (SQLite 3.50)
2026-04-06 13:36:08 [main] INFO  o.f.core.internal.command.DbValidate - Successfully validated 7 migrations (execution time 00:00.013s)
2026-04-06 13:36:08 [main] INFO  o.f.core.internal.command.DbMigrate - Current version of schema "main": 7
2026-04-06 13:36:08 [main] INFO  o.f.core.internal.command.DbMigrate - Schema "main" is up to date. No migration necessary.
2026-04-06 13:38:13 [main] INFO  com.zaxxer.hikari.HikariDataSource - HikariPool-1 - Starting...
2026-04-06 13:38:13 [main] INFO  com.zaxxer.hikari.pool.HikariPool - HikariPool-1 - Added connection org.sqlite.jdbc4.JDBC4Connection@61001b64
2026-04-06 13:38:13 [main] INFO  com.zaxxer.hikari.HikariDataSource - HikariPool-1 - Start completed.
2026-04-06 13:38:13 [main] INFO  org.flywaydb.core.FlywayExecutor - Database: jdbc:sqlite:app.db (SQLite 3.50)
2026-04-06 13:38:13 [main] INFO  o.f.core.internal.command.DbValidate - Successfully validated 7 migrations (execution time 00:00.014s)
2026-04-06 13:38:13 [main] INFO  o.f.core.internal.command.DbMigrate - Current version of schema "main": 7
2026-04-06 13:38:13 [main] INFO  o.f.core.internal.command.DbMigrate - Schema "main" is up to date. No migration necessary.
2026-04-06 13:47:44 [main] INFO  com.zaxxer.hikari.HikariDataSource - HikariPool-1 - Starting...
2026-04-06 13:47:44 [main] INFO  com.zaxxer.hikari.pool.HikariPool - HikariPool-1 - Added connection org.sqlite.jdbc4.JDBC4Connection@61001b64
2026-04-06 13:47:44 [main] INFO  com.zaxxer.hikari.HikariDataSource - HikariPool-1 - Start completed.
2026-04-06 13:47:44 [main] INFO  org.flywaydb.core.FlywayExecutor - Database: jdbc:sqlite:app.db (SQLite 3.50)
2026-04-06 13:47:44 [main] INFO  o.f.core.internal.command.DbValidate - Successfully validated 7 migrations (execution time 00:00.015s)
2026-04-06 13:47:44 [main] INFO  o.f.core.internal.command.DbMigrate - Current version of schema "main": 7
2026-04-06 13:47:44 [main] INFO  o.f.core.internal.command.DbMigrate - Schema "main" is up to date. No migration necessary.
2026-04-06 13:50:07 [main] INFO  com.zaxxer.hikari.HikariDataSource - HikariPool-1 - Starting...
2026-04-06 13:50:07 [main] INFO  com.zaxxer.hikari.pool.HikariPool - HikariPool-1 - Added connection org.sqlite.jdbc4.JDBC4Connection@61001b64
2026-04-06 13:50:07 [main] INFO  com.zaxxer.hikari.HikariDataSource - HikariPool-1 - Start completed.
2026-04-06 13:50:07 [main] INFO  org.flywaydb.core.FlywayExecutor - Database: jdbc:sqlite:app.db (SQLite 3.50)
2026-04-06 13:50:07 [main] INFO  o.f.core.internal.command.DbValidate - Successfully validated 7 migrations (execution time 00:00.013s)
2026-04-06 13:50:07 [main] INFO  o.f.core.internal.command.DbMigrate - Current version of schema "main": 7
2026-04-06 13:50:07 [main] INFO  o.f.core.internal.command.DbMigrate - Schema "main" is up to date. No migration necessary.
2026-04-06 13:51:16 [main] INFO  com.zaxxer.hikari.HikariDataSource - HikariPool-1 - Starting...
2026-04-06 13:51:16 [main] INFO  com.zaxxer.hikari.pool.HikariPool - HikariPool-1 - Added connection org.sqlite.jdbc4.JDBC4Connection@61001b64
2026-04-06 13:51:16 [main] INFO  com.zaxxer.hikari.HikariDataSource - HikariPool-1 - Start completed.
2026-04-06 13:51:16 [main] INFO  org.flywaydb.core.FlywayExecutor - Database: jdbc:sqlite:app.db (SQLite 3.50)
2026-04-06 13:51:16 [main] INFO  o.f.core.internal.command.DbValidate - Successfully validated 7 migrations (execution time 00:00.015s)
2026-04-06 13:51:16 [main] INFO  o.f.core.internal.command.DbMigrate - Current version of schema "main": 7
2026-04-06 13:51:16 [main] INFO  o.f.core.internal.command.DbMigrate - Schema "main" is up to date. No migration necessary.
2026-04-06 13:55:21 [main] INFO  com.zaxxer.hikari.HikariDataSource - HikariPool-1 - Starting...
2026-04-06 13:55:21 [main] INFO  com.zaxxer.hikari.pool.HikariPool - HikariPool-1 - Added connection org.sqlite.jdbc4.JDBC4Connection@61001b64
2026-04-06 13:55:21 [main] INFO  com.zaxxer.hikari.HikariDataSource - HikariPool-1 - Start completed.
2026-04-06 13:55:21 [main] INFO  org.flywaydb.core.FlywayExecutor - Database: jdbc:sqlite:app.db (SQLite 3.50)
2026-04-06 13:55:21 [main] INFO  o.f.core.internal.command.DbValidate - Successfully validated 7 migrations (execution time 00:00.014s)
2026-04-06 13:55:21 [main] INFO  o.f.core.internal.command.DbMigrate - Current version of schema "main": 7
2026-04-06 13:55:21 [main] INFO  o.f.core.internal.command.DbMigrate - Schema "main" is up to date. No migration necessary.
2026-04-06 13:56:25 [main] INFO  com.zaxxer.hikari.HikariDataSource - HikariPool-1 - Starting...
2026-04-06 13:56:25 [main] INFO  com.zaxxer.hikari.pool.HikariPool - HikariPool-1 - Added connection org.sqlite.jdbc4.JDBC4Connection@61001b64
2026-04-06 13:56:25 [main] INFO  com.zaxxer.hikari.HikariDataSource - HikariPool-1 - Start completed.
2026-04-06 13:56:25 [main] INFO  org.flywaydb.core.FlywayExecutor - Database: jdbc:sqlite:app.db (SQLite 3.50)
2026-04-06 13:56:25 [main] INFO  o.f.core.internal.command.DbValidate - Successfully validated 7 migrations (execution time 00:00.012s)
2026-04-06 13:56:25 [main] INFO  o.f.core.internal.command.DbMigrate - Current version of schema "main": 7
2026-04-06 13:56:25 [main] INFO  o.f.core.internal.command.DbMigrate - Schema "main" is up to date. No migration necessary.
2026-04-06 13:57:15 [main] INFO  com.zaxxer.hikari.HikariDataSource - HikariPool-1 - Starting...
2026-04-06 13:57:15 [main] INFO  com.zaxxer.hikari.pool.HikariPool - HikariPool-1 - Added connection org.sqlite.jdbc4.JDBC4Connection@61001b64
2026-04-06 13:57:15 [main] INFO  com.zaxxer.hikari.HikariDataSource - HikariPool-1 - Start completed.
2026-04-06 13:57:15 [main] INFO  org.flywaydb.core.FlywayExecutor - Database: jdbc:sqlite:app.db (SQLite 3.50)
2026-04-06 13:57:15 [main] INFO  o.f.core.internal.command.DbValidate - Successfully validated 7 migrations (execution time 00:00.014s)
2026-04-06 13:57:15 [main] INFO  o.f.core.internal.command.DbMigrate - Current version of schema "main": 7
2026-04-06 13:57:15 [main] INFO  o.f.core.internal.command.DbMigrate - Schema "main" is up to date. No migration necessary.
2026-04-06 13:58:42 [main] INFO  com.zaxxer.hikari.HikariDataSource - HikariPool-1 - Starting...
2026-04-06 13:58:42 [main] INFO  com.zaxxer.hikari.pool.HikariPool - HikariPool-1 - Added connection org.sqlite.jdbc4.JDBC4Connection@61001b64
2026-04-06 13:58:42 [main] INFO  com.zaxxer.hikari.HikariDataSource - HikariPool-1 - Start completed.
2026-04-06 13:58:42 [main] INFO  org.flywaydb.core.FlywayExecutor - Database: jdbc:sqlite:app.db (SQLite 3.50)
2026-04-06 13:58:42 [main] INFO  o.f.core.internal.command.DbValidate - Successfully validated 7 migrations (execution time 00:00.014s)
2026-04-06 13:58:42 [main] INFO  o.f.core.internal.command.DbMigrate - Current version of schema "main": 7
2026-04-06 13:58:42 [main] INFO  o.f.core.internal.command.DbMigrate - Schema "main" is up to date. No migration necessary.
2026-04-06 14:00:50 [main] INFO  com.zaxxer.hikari.HikariDataSource - HikariPool-1 - Starting...
2026-04-06 14:00:50 [main] INFO  com.zaxxer.hikari.pool.HikariPool - HikariPool-1 - Added connection org.sqlite.jdbc4.JDBC4Connection@61001b64
2026-04-06 14:00:50 [main] INFO  com.zaxxer.hikari.HikariDataSource - HikariPool-1 - Start completed.
2026-04-06 14:00:50 [main] INFO  org.flywaydb.core.FlywayExecutor - Database: jdbc:sqlite:app.db (SQLite 3.50)
2026-04-06 14:00:50 [main] INFO  o.f.core.internal.command.DbValidate - Successfully validated 7 migrations (execution time 00:00.014s)
2026-04-06 14:00:50 [main] INFO  o.f.core.internal.command.DbMigrate - Current version of schema "main": 7
2026-04-06 14:00:50 [main] INFO  o.f.core.internal.command.DbMigrate - Schema "main" is up to date. No migration necessary.
2026-04-06 14:01:40 [main] INFO  com.zaxxer.hikari.HikariDataSource - HikariPool-1 - Starting...
2026-04-06 14:01:40 [main] INFO  com.zaxxer.hikari.pool.HikariPool - HikariPool-1 - Added connection org.sqlite.jdbc4.JDBC4Connection@61001b64
2026-04-06 14:01:40 [main] INFO  com.zaxxer.hikari.HikariDataSource - HikariPool-1 - Start completed.
2026-04-06 14:01:40 [main] INFO  org.flywaydb.core.FlywayExecutor - Database: jdbc:sqlite:app.db (SQLite 3.50)
2026-04-06 14:01:40 [main] INFO  o.f.core.internal.command.DbValidate - Successfully validated 7 migrations (execution time 00:00.014s)
2026-04-06 14:01:40 [main] INFO  o.f.core.internal.command.DbMigrate - Current version of schema "main": 7
2026-04-06 14:01:40 [main] INFO  o.f.core.internal.command.DbMigrate - Schema "main" is up to date. No migration necessary.
2026-04-06 14:03:14 [main] INFO  com.zaxxer.hikari.HikariDataSource - HikariPool-1 - Starting...
2026-04-06 14:03:14 [main] INFO  com.zaxxer.hikari.pool.HikariPool - HikariPool-1 - Added connection org.sqlite.jdbc4.JDBC4Connection@61001b64
2026-04-06 14:03:14 [main] INFO  com.zaxxer.hikari.HikariDataSource - HikariPool-1 - Start completed.
2026-04-06 14:03:14 [main] INFO  org.flywaydb.core.FlywayExecutor - Database: jdbc:sqlite:app.db (SQLite 3.50)
2026-04-06 14:03:14 [main] INFO  o.f.core.internal.command.DbValidate - Successfully validated 7 migrations (execution time 00:00.014s)
2026-04-06 14:03:14 [main] INFO  o.f.core.internal.command.DbMigrate - Current version of schema "main": 7
2026-04-06 14:03:14 [main] INFO  o.f.core.internal.command.DbMigrate - Schema "main" is up to date. No migration necessary.
2026-04-06 14:04:45 [main] INFO  com.zaxxer.hikari.HikariDataSource - HikariPool-1 - Starting...
2026-04-06 14:04:45 [main] INFO  com.zaxxer.hikari.pool.HikariPool - HikariPool-1 - Added connection org.sqlite.jdbc4.JDBC4Connection@61001b64
2026-04-06 14:04:45 [main] INFO  com.zaxxer.hikari.HikariDataSource - HikariPool-1 - Start completed.
2026-04-06 14:04:46 [main] INFO  org.flywaydb.core.FlywayExecutor - Database: jdbc:sqlite:app.db (SQLite 3.50)
2026-04-06 14:04:46 [main] INFO  o.f.core.internal.command.DbValidate - Successfully validated 7 migrations (execution time 00:00.014s)
2026-04-06 14:04:46 [main] INFO  o.f.core.internal.command.DbMigrate - Current version of schema "main": 7
2026-04-06 14:04:46 [main] INFO  o.f.core.internal.command.DbMigrate - Schema "main" is up to date. No migration necessary.
2026-04-06 14:05:46 [main] INFO  com.zaxxer.hikari.HikariDataSource - HikariPool-1 - Starting...
2026-04-06 14:05:46 [main] INFO  com.zaxxer.hikari.pool.HikariPool - HikariPool-1 - Added connection org.sqlite.jdbc4.JDBC4Connection@61001b64
2026-04-06 14:05:46 [main] INFO  com.zaxxer.hikari.HikariDataSource - HikariPool-1 - Start completed.
2026-04-06 14:05:46 [main] INFO  org.flywaydb.core.FlywayExecutor - Database: jdbc:sqlite:app.db (SQLite 3.50)
2026-04-06 14:05:46 [main] INFO  o.f.core.internal.command.DbValidate - Successfully validated 7 migrations (execution time 00:00.013s)
2026-04-06 14:05:46 [main] INFO  o.f.core.internal.command.DbMigrate - Current version of schema "main": 7
2026-04-06 14:05:46 [main] INFO  o.f.core.internal.command.DbMigrate - Schema "main" is up to date. No migration necessary.
2026-04-06 14:09:16 [main] INFO  com.zaxxer.hikari.HikariDataSource - HikariPool-1 - Starting...
2026-04-06 14:09:16 [main] INFO  com.zaxxer.hikari.pool.HikariPool - HikariPool-1 - Added connection org.sqlite.jdbc4.JDBC4Connection@61001b64
2026-04-06 14:09:16 [main] INFO  com.zaxxer.hikari.HikariDataSource - HikariPool-1 - Start completed.
2026-04-06 14:09:16 [main] INFO  org.flywaydb.core.FlywayExecutor - Database: jdbc:sqlite:app.db (SQLite 3.50)
2026-04-06 14:09:16 [main] INFO  o.f.core.internal.command.DbValidate - Successfully validated 7 migrations (execution time 00:00.013s)
2026-04-06 14:09:16 [main] INFO  o.f.core.internal.command.DbMigrate - Current version of schema "main": 7
2026-04-06 14:09:16 [main] INFO  o.f.core.internal.command.DbMigrate - Schema "main" is up to date. No migration necessary.
2026-04-06 14:10:43 [main] INFO  com.zaxxer.hikari.HikariDataSource - HikariPool-1 - Starting...
2026-04-06 14:10:43 [main] INFO  com.zaxxer.hikari.pool.HikariPool - HikariPool-1 - Added connection org.sqlite.jdbc4.JDBC4Connection@61001b64
2026-04-06 14:10:43 [main] INFO  com.zaxxer.hikari.HikariDataSource - HikariPool-1 - Start completed.
2026-04-06 14:10:43 [main] INFO  org.flywaydb.core.FlywayExecutor - Database: jdbc:sqlite:app.db (SQLite 3.50)
2026-04-06 14:10:43 [main] INFO  o.f.core.internal.command.DbValidate - Successfully validated 7 migrations (execution time 00:00.013s)
2026-04-06 14:10:43 [main] INFO  o.f.core.internal.command.DbMigrate - Current version of schema "main": 7
2026-04-06 14:10:43 [main] INFO  o.f.core.internal.command.DbMigrate - Schema "main" is up to date. No migration necessary.
2026-04-06 14:11:48 [main] INFO  com.zaxxer.hikari.HikariDataSource - HikariPool-1 - Starting...
2026-04-06 14:11:48 [main] INFO  com.zaxxer.hikari.pool.HikariPool - HikariPool-1 - Added connection org.sqlite.jdbc4.JDBC4Connection@61001b64
2026-04-06 14:11:48 [main] INFO  com.zaxxer.hikari.HikariDataSource - HikariPool-1 - Start completed.
2026-04-06 14:11:48 [main] INFO  org.flywaydb.core.FlywayExecutor - Database: jdbc:sqlite:app.db (SQLite 3.50)
2026-04-06 14:11:48 [main] INFO  o.f.core.internal.command.DbValidate - Successfully validated 7 migrations (execution time 00:00.014s)
2026-04-06 14:11:48 [main] INFO  o.f.core.internal.command.DbMigrate - Current version of schema "main": 7
2026-04-06 14:11:48 [main] INFO  o.f.core.internal.command.DbMigrate - Schema "main" is up to date. No migration necessary.
2026-04-06 14:16:32 [main] INFO  com.zaxxer.hikari.HikariDataSource - HikariPool-1 - Starting...
2026-04-06 14:16:32 [main] INFO  com.zaxxer.hikari.pool.HikariPool - HikariPool-1 - Added connection org.sqlite.jdbc4.JDBC4Connection@61001b64
2026-04-06 14:16:32 [main] INFO  com.zaxxer.hikari.HikariDataSource - HikariPool-1 - Start completed.
2026-04-06 14:16:32 [main] INFO  org.flywaydb.core.FlywayExecutor - Database: jdbc:sqlite:app.db (SQLite 3.50)
2026-04-06 14:16:32 [main] INFO  o.f.core.internal.command.DbValidate - Successfully validated 7 migrations (execution time 00:00.013s)
2026-04-06 14:16:32 [main] INFO  o.f.core.internal.command.DbMigrate - Current version of schema "main": 7
2026-04-06 14:16:32 [main] INFO  o.f.core.internal.command.DbMigrate - Schema "main" is up to date. No migration necessary.
2026-04-06 14:21:14 [main] INFO  com.zaxxer.hikari.HikariDataSource - HikariPool-1 - Starting...
2026-04-06 14:21:14 [main] INFO  com.zaxxer.hikari.pool.HikariPool - HikariPool-1 - Added connection org.sqlite.jdbc4.JDBC4Connection@61001b64
2026-04-06 14:21:14 [main] INFO  com.zaxxer.hikari.HikariDataSource - HikariPool-1 - Start completed.
2026-04-06 14:21:14 [main] INFO  org.flywaydb.core.FlywayExecutor - Database: jdbc:sqlite:app.db (SQLite 3.50)
2026-04-06 14:21:14 [main] INFO  o.f.core.internal.command.DbValidate - Successfully validated 7 migrations (execution time 00:00.014s)
2026-04-06 14:21:14 [main] INFO  o.f.core.internal.command.DbMigrate - Current version of schema "main": 7
2026-04-06 14:21:14 [main] INFO  o.f.core.internal.command.DbMigrate - Schema "main" is up to date. No migration necessary.
2026-04-06 14:24:33 [main] INFO  com.zaxxer.hikari.HikariDataSource - HikariPool-1 - Starting...
2026-04-06 14:24:33 [main] INFO  com.zaxxer.hikari.pool.HikariPool - HikariPool-1 - Added connection org.sqlite.jdbc4.JDBC4Connection@61001b64
2026-04-06 14:24:33 [main] INFO  com.zaxxer.hikari.HikariDataSource - HikariPool-1 - Start completed.
2026-04-06 14:24:33 [main] INFO  org.flywaydb.core.FlywayExecutor - Database: jdbc:sqlite:app.db (SQLite 3.50)
2026-04-06 14:24:33 [main] INFO  o.f.core.internal.command.DbValidate - Successfully validated 7 migrations (execution time 00:00.014s)
2026-04-06 14:24:33 [main] INFO  o.f.core.internal.command.DbMigrate - Current version of schema "main": 7
2026-04-06 14:24:33 [main] INFO  o.f.core.internal.command.DbMigrate - Schema "main" is up to date. No migration necessary.
2026-04-06 14:25:00 [main] INFO  com.zaxxer.hikari.HikariDataSource - HikariPool-1 - Starting...
2026-04-06 14:25:00 [main] INFO  com.zaxxer.hikari.pool.HikariPool - HikariPool-1 - Added connection org.sqlite.jdbc4.JDBC4Connection@61001b64
2026-04-06 14:25:00 [main] INFO  com.zaxxer.hikari.HikariDataSource - HikariPool-1 - Start completed.
2026-04-06 14:25:00 [main] INFO  org.flywaydb.core.FlywayExecutor - Database: jdbc:sqlite:app.db (SQLite 3.50)
2026-04-06 14:25:00 [main] INFO  o.f.core.internal.command.DbValidate - Successfully validated 7 migrations (execution time 00:00.014s)
2026-04-06 14:25:00 [main] INFO  o.f.core.internal.command.DbMigrate - Current version of schema "main": 7
2026-04-06 14:25:00 [main] INFO  o.f.core.internal.command.DbMigrate - Schema "main" is up to date. No migration necessary.
2026-04-06 14:27:15 [main] INFO  com.zaxxer.hikari.HikariDataSource - HikariPool-1 - Starting...
2026-04-06 14:27:16 [main] INFO  com.zaxxer.hikari.pool.HikariPool - HikariPool-1 - Added connection org.sqlite.jdbc4.JDBC4Connection@61001b64
2026-04-06 14:27:16 [main] INFO  com.zaxxer.hikari.HikariDataSource - HikariPool-1 - Start completed.
2026-04-06 14:27:16 [main] INFO  org.flywaydb.core.FlywayExecutor - Database: jdbc:sqlite:app.db (SQLite 3.50)
2026-04-06 14:27:16 [main] INFO  o.f.core.internal.command.DbValidate - Successfully validated 7 migrations (execution time 00:00.014s)
2026-04-06 14:27:16 [main] INFO  o.f.core.internal.command.DbMigrate - Current version of schema "main": 7
2026-04-06 14:27:16 [main] INFO  o.f.core.internal.command.DbMigrate - Schema "main" is up to date. No migration necessary.
2026-04-06 14:27:51 [main] INFO  com.zaxxer.hikari.HikariDataSource - HikariPool-1 - Starting...
2026-04-06 14:27:51 [main] INFO  com.zaxxer.hikari.pool.HikariPool - HikariPool-1 - Added connection org.sqlite.jdbc4.JDBC4Connection@61001b64
2026-04-06 14:27:51 [main] INFO  com.zaxxer.hikari.HikariDataSource - HikariPool-1 - Start completed.
2026-04-06 14:27:51 [main] INFO  org.flywaydb.core.FlywayExecutor - Database: jdbc:sqlite:app.db (SQLite 3.50)
2026-04-06 14:27:51 [main] INFO  o.f.core.internal.command.DbValidate - Successfully validated 7 migrations (execution time 00:00.015s)
2026-04-06 14:27:51 [main] INFO  o.f.core.internal.command.DbMigrate - Current version of schema "main": 7
2026-04-06 14:27:51 [main] INFO  o.f.core.internal.command.DbMigrate - Schema "main" is up to date. No migration necessary.
2026-04-06 14:31:02 [main] INFO  com.zaxxer.hikari.HikariDataSource - HikariPool-1 - Starting...
2026-04-06 14:31:02 [main] INFO  com.zaxxer.hikari.pool.HikariPool - HikariPool-1 - Added connection org.sqlite.jdbc4.JDBC4Connection@61001b64
2026-04-06 14:31:02 [main] INFO  com.zaxxer.hikari.HikariDataSource - HikariPool-1 - Start completed.
2026-04-06 14:31:02 [main] INFO  org.flywaydb.core.FlywayExecutor - Database: jdbc:sqlite:app.db (SQLite 3.50)
2026-04-06 14:31:02 [main] INFO  o.f.core.internal.command.DbValidate - Successfully validated 7 migrations (execution time 00:00.015s)
2026-04-06 14:31:02 [main] INFO  o.f.core.internal.command.DbMigrate - Current version of schema "main": 7
2026-04-06 14:31:02 [main] INFO  o.f.core.internal.command.DbMigrate - Schema "main" is up to date. No migration necessary.
2026-04-06 14:35:50 [main] INFO  com.zaxxer.hikari.HikariDataSource - HikariPool-1 - Starting...
2026-04-06 14:35:51 [main] INFO  com.zaxxer.hikari.pool.HikariPool - HikariPool-1 - Added connection org.sqlite.jdbc4.JDBC4Connection@61001b64
2026-04-06 14:35:51 [main] INFO  com.zaxxer.hikari.HikariDataSource - HikariPool-1 - Start completed.
2026-04-06 14:35:51 [main] INFO  org.flywaydb.core.FlywayExecutor - Database: jdbc:sqlite:app.db (SQLite 3.50)
2026-04-06 14:35:51 [main] INFO  o.f.core.internal.command.DbValidate - Successfully validated 7 migrations (execution time 00:00.014s)
2026-04-06 14:35:51 [main] INFO  o.f.core.internal.command.DbMigrate - Current version of schema "main": 7
2026-04-06 14:35:51 [main] INFO  o.f.core.internal.command.DbMigrate - Schema "main" is up to date. No migration necessary.
2026-04-06 14:37:48 [main] INFO  com.zaxxer.hikari.HikariDataSource - HikariPool-1 - Starting...
2026-04-06 14:37:48 [main] INFO  com.zaxxer.hikari.pool.HikariPool - HikariPool-1 - Added connection org.sqlite.jdbc4.JDBC4Connection@61001b64
2026-04-06 14:37:48 [main] INFO  com.zaxxer.hikari.HikariDataSource - HikariPool-1 - Start completed.
2026-04-06 14:37:48 [main] INFO  org.flywaydb.core.FlywayExecutor - Database: jdbc:sqlite:app.db (SQLite 3.50)
2026-04-06 14:37:48 [main] INFO  o.f.core.internal.command.DbValidate - Successfully validated 7 migrations (execution time 00:00.014s)
2026-04-06 14:37:48 [main] INFO  o.f.core.internal.command.DbMigrate - Current version of schema "main": 7
2026-04-06 14:37:48 [main] INFO  o.f.core.internal.command.DbMigrate - Schema "main" is up to date. No migration necessary.
2026-04-06 14:40:51 [main] INFO  com.zaxxer.hikari.HikariDataSource - HikariPool-1 - Starting...
2026-04-06 14:40:52 [main] INFO  com.zaxxer.hikari.pool.HikariPool - HikariPool-1 - Added connection org.sqlite.jdbc4.JDBC4Connection@61001b64
2026-04-06 14:40:52 [main] INFO  com.zaxxer.hikari.HikariDataSource - HikariPool-1 - Start completed.
2026-04-06 14:40:52 [main] INFO  org.flywaydb.core.FlywayExecutor - Database: jdbc:sqlite:app.db (SQLite 3.50)
2026-04-06 14:40:52 [main] INFO  o.f.core.internal.command.DbValidate - Successfully validated 7 migrations (execution time 00:00.015s)
2026-04-06 14:40:52 [main] INFO  o.f.core.internal.command.DbMigrate - Current version of schema "main": 7
2026-04-06 14:40:52 [main] INFO  o.f.core.internal.command.DbMigrate - Schema "main" is up to date. No migration necessary.
2026-04-06 14:43:54 [main] INFO  com.zaxxer.hikari.HikariDataSource - HikariPool-1 - Starting...
2026-04-06 14:43:54 [main] INFO  com.zaxxer.hikari.pool.HikariPool - HikariPool-1 - Added connection org.sqlite.jdbc4.JDBC4Connection@61001b64
2026-04-06 14:43:54 [main] INFO  com.zaxxer.hikari.HikariDataSource - HikariPool-1 - Start completed.
2026-04-06 14:43:54 [main] INFO  org.flywaydb.core.FlywayExecutor - Database: jdbc:sqlite:app.db (SQLite 3.50)
2026-04-06 14:43:54 [main] INFO  o.f.core.internal.command.DbValidate - Successfully validated 7 migrations (execution time 00:00.014s)
2026-04-06 14:43:54 [main] INFO  o.f.core.internal.command.DbMigrate - Current version of schema "main": 7
2026-04-06 14:43:54 [main] INFO  o.f.core.internal.command.DbMigrate - Schema "main" is up to date. No migration necessary.
2026-04-06 14:44:09 [main] INFO  com.zaxxer.hikari.HikariDataSource - HikariPool-1 - Starting...
2026-04-06 14:44:09 [main] INFO  com.zaxxer.hikari.pool.HikariPool - HikariPool-1 - Added connection org.sqlite.jdbc4.JDBC4Connection@61001b64
2026-04-06 14:44:09 [main] INFO  com.zaxxer.hikari.HikariDataSource - HikariPool-1 - Start completed.
2026-04-06 14:44:09 [main] INFO  org.flywaydb.core.FlywayExecutor - Database: jdbc:sqlite:app.db (SQLite 3.50)
2026-04-06 14:44:09 [main] INFO  o.f.core.internal.command.DbValidate - Successfully validated 7 migrations (execution time 00:00.013s)
2026-04-06 14:44:09 [main] INFO  o.f.core.internal.command.DbMigrate - Current version of schema "main": 7
2026-04-06 14:44:09 [main] INFO  o.f.core.internal.command.DbMigrate - Schema "main" is up to date. No migration necessary.
2026-04-06 14:45:02 [main] INFO  com.zaxxer.hikari.HikariDataSource - HikariPool-1 - Starting...
2026-04-06 14:45:02 [main] INFO  com.zaxxer.hikari.pool.HikariPool - HikariPool-1 - Added connection org.sqlite.jdbc4.JDBC4Connection@61001b64
2026-04-06 14:45:02 [main] INFO  com.zaxxer.hikari.HikariDataSource - HikariPool-1 - Start completed.
2026-04-06 14:45:02 [main] INFO  org.flywaydb.core.FlywayExecutor - Database: jdbc:sqlite:app.db (SQLite 3.50)
2026-04-06 14:45:02 [main] INFO  o.f.core.internal.command.DbValidate - Successfully validated 7 migrations (execution time 00:00.014s)
2026-04-06 14:45:02 [main] INFO  o.f.core.internal.command.DbMigrate - Current version of schema "main": 7
2026-04-06 14:45:02 [main] INFO  o.f.core.internal.command.DbMigrate - Schema "main" is up to date. No migration necessary.
2026-04-06 14:45:16 [main] INFO  com.zaxxer.hikari.HikariDataSource - HikariPool-1 - Starting...
2026-04-06 14:45:16 [main] INFO  com.zaxxer.hikari.pool.HikariPool - HikariPool-1 - Added connection org.sqlite.jdbc4.JDBC4Connection@61001b64
2026-04-06 14:45:16 [main] INFO  com.zaxxer.hikari.HikariDataSource - HikariPool-1 - Start completed.
2026-04-06 14:45:16 [main] INFO  org.flywaydb.core.FlywayExecutor - Database: jdbc:sqlite:app.db (SQLite 3.50)
2026-04-06 14:45:16 [main] INFO  o.f.core.internal.command.DbValidate - Successfully validated 7 migrations (execution time 00:00.013s)
2026-04-06 14:45:16 [main] INFO  o.f.core.internal.command.DbMigrate - Current version of schema "main": 7
2026-04-06 14:45:16 [main] INFO  o.f.core.internal.command.DbMigrate - Schema "main" is up to date. No migration necessary.
2026-04-06 14:46:47 [main] INFO  com.zaxxer.hikari.HikariDataSource - HikariPool-1 - Starting...
2026-04-06 14:46:47 [main] INFO  com.zaxxer.hikari.pool.HikariPool - HikariPool-1 - Added connection org.sqlite.jdbc4.JDBC4Connection@61001b64
2026-04-06 14:46:47 [main] INFO  com.zaxxer.hikari.HikariDataSource - HikariPool-1 - Start completed.
2026-04-06 14:46:47 [main] INFO  org.flywaydb.core.FlywayExecutor - Database: jdbc:sqlite:app.db (SQLite 3.50)
2026-04-06 14:46:47 [main] INFO  o.f.core.internal.command.DbValidate - Successfully validated 7 migrations (execution time 00:00.014s)
2026-04-06 14:46:47 [main] INFO  o.f.core.internal.command.DbMigrate - Current version of schema "main": 7
2026-04-06 14:46:47 [main] INFO  o.f.core.internal.command.DbMigrate - Schema "main" is up to date. No migration necessary.
2026-04-06 14:47:24 [main] INFO  com.zaxxer.hikari.HikariDataSource - HikariPool-1 - Starting...
2026-04-06 14:47:24 [main] INFO  com.zaxxer.hikari.pool.HikariPool - HikariPool-1 - Added connection org.sqlite.jdbc4.JDBC4Connection@61001b64
2026-04-06 14:47:24 [main] INFO  com.zaxxer.hikari.HikariDataSource - HikariPool-1 - Start completed.
2026-04-06 14:47:24 [main] INFO  org.flywaydb.core.FlywayExecutor - Database: jdbc:sqlite:app.db (SQLite 3.50)
2026-04-06 14:47:24 [main] INFO  o.f.core.internal.command.DbValidate - Successfully validated 7 migrations (execution time 00:00.013s)
2026-04-06 14:47:24 [main] INFO  o.f.core.internal.command.DbMigrate - Current version of schema "main": 7
2026-04-06 14:47:24 [main] INFO  o.f.core.internal.command.DbMigrate - Schema "main" is up to date. No migration necessary.
2026-04-06 19:14:55 [main] INFO  com.zaxxer.hikari.HikariDataSource - HikariPool-1 - Starting...
2026-04-06 19:14:55 [main] INFO  com.zaxxer.hikari.pool.HikariPool - HikariPool-1 - Added connection org.sqlite.jdbc4.JDBC4Connection@61001b64
2026-04-06 19:14:55 [main] INFO  com.zaxxer.hikari.HikariDataSource - HikariPool-1 - Start completed.
2026-04-06 19:14:56 [main] INFO  org.flywaydb.core.FlywayExecutor - Database: jdbc:sqlite:app.db (SQLite 3.50)
2026-04-06 19:14:56 [main] INFO  o.f.core.internal.command.DbValidate - Successfully validated 7 migrations (execution time 00:00.018s)
2026-04-06 19:14:56 [main] INFO  o.f.core.internal.command.DbMigrate - Current version of schema "main": 7
2026-04-06 19:14:56 [main] INFO  o.f.core.internal.command.DbMigrate - Schema "main" is up to date. No migration necessary.
2026-04-06 19:16:38 [main] INFO  com.zaxxer.hikari.HikariDataSource - HikariPool-1 - Starting...
2026-04-06 19:16:38 [main] INFO  com.zaxxer.hikari.pool.HikariPool - HikariPool-1 - Added connection org.sqlite.jdbc4.JDBC4Connection@61001b64
2026-04-06 19:16:38 [main] INFO  com.zaxxer.hikari.HikariDataSource - HikariPool-1 - Start completed.
2026-04-06 19:16:38 [main] INFO  org.flywaydb.core.FlywayExecutor - Database: jdbc:sqlite:app.db (SQLite 3.50)
2026-04-06 19:16:38 [main] INFO  o.f.core.internal.command.DbValidate - Successfully validated 7 migrations (execution time 00:00.014s)
2026-04-06 19:16:38 [main] INFO  o.f.core.internal.command.DbMigrate - Current version of schema "main": 7
2026-04-06 19:16:38 [main] INFO  o.f.core.internal.command.DbMigrate - Schema "main" is up to date. No migration necessary.
2026-04-06 19:26:31 [main] INFO  com.zaxxer.hikari.HikariDataSource - HikariPool-1 - Starting...
2026-04-06 19:26:31 [main] INFO  com.zaxxer.hikari.pool.HikariPool - HikariPool-1 - Added connection org.sqlite.jdbc4.JDBC4Connection@61001b64
2026-04-06 19:26:31 [main] INFO  com.zaxxer.hikari.HikariDataSource - HikariPool-1 - Start completed.
2026-04-06 19:26:31 [main] INFO  org.flywaydb.core.FlywayExecutor - Database: jdbc:sqlite:app.db (SQLite 3.50)
2026-04-06 19:26:31 [main] INFO  o.f.core.internal.command.DbValidate - Successfully validated 7 migrations (execution time 00:00.013s)
2026-04-06 19:26:31 [main] INFO  o.f.core.internal.command.DbMigrate - Current version of schema "main": 7
2026-04-06 19:26:31 [main] INFO  o.f.core.internal.command.DbMigrate - Schema "main" is up to date. No migration necessary.
2026-04-06 19:27:23 [main] INFO  com.zaxxer.hikari.HikariDataSource - HikariPool-1 - Starting...
2026-04-06 19:27:23 [main] INFO  com.zaxxer.hikari.pool.HikariPool - HikariPool-1 - Added connection org.sqlite.jdbc4.JDBC4Connection@61001b64
2026-04-06 19:27:23 [main] INFO  com.zaxxer.hikari.HikariDataSource - HikariPool-1 - Start completed.
2026-04-06 19:27:23 [main] INFO  org.flywaydb.core.FlywayExecutor - Database: jdbc:sqlite:app.db (SQLite 3.50)
2026-04-06 19:27:23 [main] INFO  o.f.core.internal.command.DbValidate - Successfully validated 7 migrations (execution time 00:00.019s)
2026-04-06 19:27:23 [main] INFO  o.f.core.internal.command.DbMigrate - Current version of schema "main": 7
2026-04-06 19:27:23 [main] INFO  o.f.core.internal.command.DbMigrate - Schema "main" is up to date. No migration necessary.
2026-04-06 19:28:31 [main] INFO  com.zaxxer.hikari.HikariDataSource - HikariPool-1 - Starting...
2026-04-06 19:28:32 [main] INFO  com.zaxxer.hikari.pool.HikariPool - HikariPool-1 - Added connection org.sqlite.jdbc4.JDBC4Connection@61001b64
2026-04-06 19:28:32 [main] INFO  com.zaxxer.hikari.HikariDataSource - HikariPool-1 - Start completed.
2026-04-06 19:28:32 [main] INFO  org.flywaydb.core.FlywayExecutor - Database: jdbc:sqlite:app.db (SQLite 3.50)
2026-04-06 19:28:32 [main] INFO  o.f.core.internal.command.DbValidate - Successfully validated 7 migrations (execution time 00:00.014s)
2026-04-06 19:28:32 [main] INFO  o.f.core.internal.command.DbMigrate - Current version of schema "main": 7
2026-04-06 19:28:32 [main] INFO  o.f.core.internal.command.DbMigrate - Schema "main" is up to date. No migration necessary.
2026-04-06 19:29:02 [main] INFO  com.zaxxer.hikari.HikariDataSource - HikariPool-1 - Starting...
2026-04-06 19:29:02 [main] INFO  com.zaxxer.hikari.pool.HikariPool - HikariPool-1 - Added connection org.sqlite.jdbc4.JDBC4Connection@61001b64
2026-04-06 19:29:02 [main] INFO  com.zaxxer.hikari.HikariDataSource - HikariPool-1 - Start completed.
2026-04-06 19:29:02 [main] INFO  org.flywaydb.core.FlywayExecutor - Database: jdbc:sqlite:app.db (SQLite 3.50)
2026-04-06 19:29:02 [main] INFO  o.f.core.internal.command.DbValidate - Successfully validated 7 migrations (execution time 00:00.013s)
2026-04-06 19:29:02 [main] INFO  o.f.core.internal.command.DbMigrate - Current version of schema "main": 7
2026-04-06 19:29:02 [main] INFO  o.f.core.internal.command.DbMigrate - Schema "main" is up to date. No migration necessary.
2026-04-06 19:32:16 [main] INFO  com.zaxxer.hikari.HikariDataSource - HikariPool-1 - Starting...
2026-04-06 19:32:16 [main] INFO  com.zaxxer.hikari.pool.HikariPool - HikariPool-1 - Added connection org.sqlite.jdbc4.JDBC4Connection@61001b64
2026-04-06 19:32:16 [main] INFO  com.zaxxer.hikari.HikariDataSource - HikariPool-1 - Start completed.
2026-04-06 19:32:17 [main] INFO  org.flywaydb.core.FlywayExecutor - Database: jdbc:sqlite:app.db (SQLite 3.50)
2026-04-06 19:32:17 [main] INFO  o.f.core.internal.command.DbValidate - Successfully validated 7 migrations (execution time 00:00.014s)
2026-04-06 19:32:17 [main] INFO  o.f.core.internal.command.DbMigrate - Current version of schema "main": 7
2026-04-06 19:32:17 [main] INFO  o.f.core.internal.command.DbMigrate - Schema "main" is up to date. No migration necessary.
2026-04-06 19:33:01 [main] INFO  com.zaxxer.hikari.HikariDataSource - HikariPool-1 - Starting...
2026-04-06 19:33:02 [main] INFO  com.zaxxer.hikari.pool.HikariPool - HikariPool-1 - Added connection org.sqlite.jdbc4.JDBC4Connection@61001b64
2026-04-06 19:33:02 [main] INFO  com.zaxxer.hikari.HikariDataSource - HikariPool-1 - Start completed.
2026-04-06 19:33:02 [main] INFO  org.flywaydb.core.FlywayExecutor - Database: jdbc:sqlite:app.db (SQLite 3.50)
2026-04-06 19:33:02 [main] INFO  o.f.core.internal.command.DbValidate - Successfully validated 7 migrations (execution time 00:00.014s)
2026-04-06 19:33:02 [main] INFO  o.f.core.internal.command.DbMigrate - Current version of schema "main": 7
2026-04-06 19:33:02 [main] INFO  o.f.core.internal.command.DbMigrate - Schema "main" is up to date. No migration necessary.
2026-04-06 19:33:14 [main] INFO  com.zaxxer.hikari.HikariDataSource - HikariPool-1 - Starting...
2026-04-06 19:33:14 [main] INFO  com.zaxxer.hikari.pool.HikariPool - HikariPool-1 - Added connection org.sqlite.jdbc4.JDBC4Connection@61001b64
2026-04-06 19:33:14 [main] INFO  com.zaxxer.hikari.HikariDataSource - HikariPool-1 - Start completed.
2026-04-06 19:33:14 [main] INFO  org.flywaydb.core.FlywayExecutor - Database: jdbc:sqlite:app.db (SQLite 3.50)
2026-04-06 19:33:14 [main] INFO  o.f.core.internal.command.DbValidate - Successfully validated 7 migrations (execution time 00:00.014s)
2026-04-06 19:33:14 [main] INFO  o.f.core.internal.command.DbMigrate - Current version of schema "main": 7
2026-04-06 19:33:14 [main] INFO  o.f.core.internal.command.DbMigrate - Schema "main" is up to date. No migration necessary.
2026-04-06 19:34:03 [main] INFO  com.zaxxer.hikari.HikariDataSource - HikariPool-1 - Starting...
2026-04-06 19:34:03 [main] INFO  com.zaxxer.hikari.pool.HikariPool - HikariPool-1 - Added connection org.sqlite.jdbc4.JDBC4Connection@61001b64
2026-04-06 19:34:03 [main] INFO  com.zaxxer.hikari.HikariDataSource - HikariPool-1 - Start completed.
2026-04-06 19:34:03 [main] INFO  org.flywaydb.core.FlywayExecutor - Database: jdbc:sqlite:app.db (SQLite 3.50)
2026-04-06 19:34:03 [main] INFO  o.f.core.internal.command.DbValidate - Successfully validated 7 migrations (execution time 00:00.013s)
2026-04-06 19:34:03 [main] INFO  o.f.core.internal.command.DbMigrate - Current version of schema "main": 7
2026-04-06 19:34:03 [main] INFO  o.f.core.internal.command.DbMigrate - Schema "main" is up to date. No migration necessary.
2026-04-06 19:56:56 [main] INFO  com.zaxxer.hikari.HikariDataSource - HikariPool-1 - Starting...
2026-04-06 19:56:56 [main] INFO  com.zaxxer.hikari.pool.HikariPool - HikariPool-1 - Added connection org.sqlite.jdbc4.JDBC4Connection@61001b64
2026-04-06 19:56:56 [main] INFO  com.zaxxer.hikari.HikariDataSource - HikariPool-1 - Start completed.
2026-04-06 19:56:56 [main] INFO  org.flywaydb.core.FlywayExecutor - Database: jdbc:sqlite:app.db (SQLite 3.50)
2026-04-06 19:56:56 [main] INFO  o.f.core.internal.command.DbValidate - Successfully validated 7 migrations (execution time 00:00.014s)
2026-04-06 19:56:56 [main] INFO  o.f.core.internal.command.DbMigrate - Current version of schema "main": 7
2026-04-06 19:56:56 [main] INFO  o.f.core.internal.command.DbMigrate - Schema "main" is up to date. No migration necessary.
2026-04-06 20:04:32 [main] INFO  com.zaxxer.hikari.HikariDataSource - HikariPool-1 - Starting...
2026-04-06 20:04:32 [main] INFO  com.zaxxer.hikari.pool.HikariPool - HikariPool-1 - Added connection org.sqlite.jdbc4.JDBC4Connection@61001b64
2026-04-06 20:04:32 [main] INFO  com.zaxxer.hikari.HikariDataSource - HikariPool-1 - Start completed.
2026-04-06 20:04:32 [main] INFO  org.flywaydb.core.FlywayExecutor - Database: jdbc:sqlite:app.db (SQLite 3.50)
2026-04-06 20:04:32 [main] INFO  o.f.core.internal.command.DbValidate - Successfully validated 7 migrations (execution time 00:00.016s)
2026-04-06 20:04:32 [main] INFO  o.f.core.internal.command.DbMigrate - Current version of schema "main": 7
2026-04-06 20:04:32 [main] INFO  o.f.core.internal.command.DbMigrate - Schema "main" is up to date. No migration necessary.
2026-04-06 20:05:43 [main] INFO  com.zaxxer.hikari.HikariDataSource - HikariPool-1 - Starting...
2026-04-06 20:05:43 [main] INFO  com.zaxxer.hikari.pool.HikariPool - HikariPool-1 - Added connection org.sqlite.jdbc4.JDBC4Connection@61001b64
2026-04-06 20:05:43 [main] INFO  com.zaxxer.hikari.HikariDataSource - HikariPool-1 - Start completed.
2026-04-06 20:05:43 [main] INFO  org.flywaydb.core.FlywayExecutor - Database: jdbc:sqlite:app.db (SQLite 3.50)
2026-04-06 20:05:43 [main] INFO  o.f.core.internal.command.DbValidate - Successfully validated 7 migrations (execution time 00:00.015s)
2026-04-06 20:05:43 [main] INFO  o.f.core.internal.command.DbMigrate - Current version of schema "main": 7
2026-04-06 20:05:43 [main] INFO  o.f.core.internal.command.DbMigrate - Schema "main" is up to date. No migration necessary.
2026-04-06 20:11:05 [main] INFO  com.zaxxer.hikari.HikariDataSource - HikariPool-1 - Starting...
2026-04-06 20:11:05 [main] INFO  com.zaxxer.hikari.pool.HikariPool - HikariPool-1 - Added connection org.sqlite.jdbc4.JDBC4Connection@61001b64
2026-04-06 20:11:05 [main] INFO  com.zaxxer.hikari.HikariDataSource - HikariPool-1 - Start completed.
2026-04-06 20:11:05 [main] INFO  org.flywaydb.core.FlywayExecutor - Database: jdbc:sqlite:app.db (SQLite 3.50)
2026-04-06 20:11:05 [main] INFO  o.f.core.internal.command.DbValidate - Successfully validated 7 migrations (execution time 00:00.019s)
2026-04-06 20:11:05 [main] INFO  o.f.core.internal.command.DbMigrate - Current version of schema "main": 7
2026-04-06 20:11:05 [main] INFO  o.f.core.internal.command.DbMigrate - Schema "main" is up to date. No migration necessary.
2026-04-06 20:14:10 [main] INFO  com.zaxxer.hikari.HikariDataSource - HikariPool-1 - Starting...
2026-04-06 20:14:10 [main] INFO  com.zaxxer.hikari.pool.HikariPool - HikariPool-1 - Added connection org.sqlite.jdbc4.JDBC4Connection@61001b64
2026-04-06 20:14:10 [main] INFO  com.zaxxer.hikari.HikariDataSource - HikariPool-1 - Start completed.
2026-04-06 20:14:10 [main] INFO  org.flywaydb.core.FlywayExecutor - Database: jdbc:sqlite:app.db (SQLite 3.50)
2026-04-06 20:14:10 [main] INFO  o.f.core.internal.command.DbValidate - Successfully validated 7 migrations (execution time 00:00.017s)
2026-04-06 20:14:10 [main] INFO  o.f.core.internal.command.DbMigrate - Current version of schema "main": 7
2026-04-06 20:14:10 [main] INFO  o.f.core.internal.command.DbMigrate - Schema "main" is up to date. No migration necessary.
2026-04-06 20:15:31 [main] INFO  com.zaxxer.hikari.HikariDataSource - HikariPool-1 - Starting...
2026-04-06 20:15:31 [main] INFO  com.zaxxer.hikari.pool.HikariPool - HikariPool-1 - Added connection org.sqlite.jdbc4.JDBC4Connection@61001b64
2026-04-06 20:15:31 [main] INFO  com.zaxxer.hikari.HikariDataSource - HikariPool-1 - Start completed.
2026-04-06 20:15:31 [main] INFO  org.flywaydb.core.FlywayExecutor - Database: jdbc:sqlite:app.db (SQLite 3.50)
2026-04-06 20:15:31 [main] INFO  o.f.core.internal.command.DbValidate - Successfully validated 7 migrations (execution time 00:00.016s)
2026-04-06 20:15:31 [main] INFO  o.f.core.internal.command.DbMigrate - Current version of schema "main": 7
2026-04-06 20:15:31 [main] INFO  o.f.core.internal.command.DbMigrate - Schema "main" is up to date. No migration necessary.
2026-04-06 20:44:29 [main] INFO  com.zaxxer.hikari.HikariDataSource - HikariPool-1 - Starting...
2026-04-06 20:44:29 [main] INFO  com.zaxxer.hikari.pool.HikariPool - HikariPool-1 - Added connection org.sqlite.jdbc4.JDBC4Connection@61001b64
2026-04-06 20:44:29 [main] INFO  com.zaxxer.hikari.HikariDataSource - HikariPool-1 - Start completed.
2026-04-06 20:44:29 [main] INFO  org.flywaydb.core.FlywayExecutor - Database: jdbc:sqlite:app.db (SQLite 3.50)
2026-04-06 20:44:29 [main] INFO  o.f.core.internal.command.DbValidate - Successfully validated 7 migrations (execution time 00:00.013s)
2026-04-06 20:44:29 [main] INFO  o.f.core.internal.command.DbMigrate - Current version of schema "main": 7
2026-04-06 20:44:29 [main] INFO  o.f.core.internal.command.DbMigrate - Schema "main" is up to date. No migration necessary.
2026-04-06 20:48:38 [main] INFO  com.zaxxer.hikari.HikariDataSource - HikariPool-1 - Starting...
2026-04-06 20:48:38 [main] INFO  com.zaxxer.hikari.pool.HikariPool - HikariPool-1 - Added connection org.sqlite.jdbc4.JDBC4Connection@61001b64
2026-04-06 20:48:38 [main] INFO  com.zaxxer.hikari.HikariDataSource - HikariPool-1 - Start completed.
2026-04-06 20:48:38 [main] INFO  org.flywaydb.core.FlywayExecutor - Database: jdbc:sqlite:app.db (SQLite 3.50)
2026-04-06 20:48:38 [main] INFO  o.f.core.internal.command.DbValidate - Successfully validated 7 migrations (execution time 00:00.014s)
2026-04-06 20:48:38 [main] INFO  o.f.core.internal.command.DbMigrate - Current version of schema "main": 7
2026-04-06 20:48:38 [main] INFO  o.f.core.internal.command.DbMigrate - Schema "main" is up to date. No migration necessary.
2026-04-06 20:49:54 [main] INFO  com.zaxxer.hikari.HikariDataSource - HikariPool-1 - Starting...
2026-04-06 20:49:55 [main] INFO  com.zaxxer.hikari.pool.HikariPool - HikariPool-1 - Added connection org.sqlite.jdbc4.JDBC4Connection@61001b64
2026-04-06 20:49:55 [main] INFO  com.zaxxer.hikari.HikariDataSource - HikariPool-1 - Start completed.
2026-04-06 20:49:55 [main] INFO  org.flywaydb.core.FlywayExecutor - Database: jdbc:sqlite:app.db (SQLite 3.50)
2026-04-06 20:49:55 [main] INFO  o.f.core.internal.command.DbValidate - Successfully validated 7 migrations (execution time 00:00.015s)
2026-04-06 20:49:55 [main] INFO  o.f.core.internal.command.DbMigrate - Current version of schema "main": 7
2026-04-06 20:49:55 [main] INFO  o.f.core.internal.command.DbMigrate - Schema "main" is up to date. No migration necessary.
2026-04-06 20:53:12 [main] INFO  com.zaxxer.hikari.HikariDataSource - HikariPool-1 - Starting...
2026-04-06 20:53:12 [main] INFO  com.zaxxer.hikari.pool.HikariPool - HikariPool-1 - Added connection org.sqlite.jdbc4.JDBC4Connection@61001b64
2026-04-06 20:53:12 [main] INFO  com.zaxxer.hikari.HikariDataSource - HikariPool-1 - Start completed.
2026-04-06 20:53:12 [main] INFO  org.flywaydb.core.FlywayExecutor - Database: jdbc:sqlite:app.db (SQLite 3.50)
2026-04-06 20:53:12 [main] INFO  o.f.core.internal.command.DbValidate - Successfully validated 7 migrations (execution time 00:00.014s)
2026-04-06 20:53:12 [main] INFO  o.f.core.internal.command.DbMigrate - Current version of schema "main": 7
2026-04-06 20:53:12 [main] INFO  o.f.core.internal.command.DbMigrate - Schema "main" is up to date. No migration necessary.
2026-04-06 20:54:35 [main] INFO  com.zaxxer.hikari.HikariDataSource - HikariPool-1 - Starting...
2026-04-06 20:54:35 [main] INFO  com.zaxxer.hikari.pool.HikariPool - HikariPool-1 - Added connection org.sqlite.jdbc4.JDBC4Connection@61001b64
2026-04-06 20:54:35 [main] INFO  com.zaxxer.hikari.HikariDataSource - HikariPool-1 - Start completed.
2026-04-06 20:54:36 [main] INFO  org.flywaydb.core.FlywayExecutor - Database: jdbc:sqlite:app.db (SQLite 3.50)
2026-04-06 20:54:36 [main] INFO  o.f.core.internal.command.DbValidate - Successfully validated 7 migrations (execution time 00:00.014s)
2026-04-06 20:54:36 [main] INFO  o.f.core.internal.command.DbMigrate - Current version of schema "main": 7
2026-04-06 20:54:36 [main] INFO  o.f.core.internal.command.DbMigrate - Schema "main" is up to date. No migration necessary.
2026-04-06 20:55:35 [main] INFO  com.zaxxer.hikari.HikariDataSource - HikariPool-1 - Starting...
2026-04-06 20:55:35 [main] INFO  com.zaxxer.hikari.pool.HikariPool - HikariPool-1 - Added connection org.sqlite.jdbc4.JDBC4Connection@61001b64
2026-04-06 20:55:35 [main] INFO  com.zaxxer.hikari.HikariDataSource - HikariPool-1 - Start completed.
2026-04-06 20:55:35 [main] INFO  org.flywaydb.core.FlywayExecutor - Database: jdbc:sqlite:app.db (SQLite 3.50)
2026-04-06 20:55:35 [main] INFO  o.f.core.internal.command.DbValidate - Successfully validated 7 migrations (execution time 00:00.015s)
2026-04-06 20:55:35 [main] INFO  o.f.core.internal.command.DbMigrate - Current version of schema "main": 7
2026-04-06 20:55:35 [main] INFO  o.f.core.internal.command.DbMigrate - Schema "main" is up to date. No migration necessary.
2026-04-06 21:00:18 [main] INFO  com.zaxxer.hikari.HikariDataSource - HikariPool-1 - Starting...
2026-04-06 21:00:18 [main] INFO  com.zaxxer.hikari.pool.HikariPool - HikariPool-1 - Added connection org.sqlite.jdbc4.JDBC4Connection@61001b64
2026-04-06 21:00:18 [main] INFO  com.zaxxer.hikari.HikariDataSource - HikariPool-1 - Start completed.
2026-04-06 21:00:18 [main] INFO  org.flywaydb.core.FlywayExecutor - Database: jdbc:sqlite:app.db (SQLite 3.50)
2026-04-06 21:00:18 [main] INFO  o.f.core.internal.command.DbValidate - Successfully validated 7 migrations (execution time 00:00.015s)
2026-04-06 21:00:18 [main] INFO  o.f.core.internal.command.DbMigrate - Current version of schema "main": 7
2026-04-06 21:00:18 [main] INFO  o.f.core.internal.command.DbMigrate - Schema "main" is up to date. No migration necessary.
2026-04-06 21:01:56 [main] INFO  com.zaxxer.hikari.HikariDataSource - HikariPool-1 - Starting...
2026-04-06 21:01:57 [main] INFO  com.zaxxer.hikari.pool.HikariPool - HikariPool-1 - Added connection org.sqlite.jdbc4.JDBC4Connection@61001b64
2026-04-06 21:01:57 [main] INFO  com.zaxxer.hikari.HikariDataSource - HikariPool-1 - Start completed.
2026-04-06 21:01:57 [main] INFO  org.flywaydb.core.FlywayExecutor - Database: jdbc:sqlite:app.db (SQLite 3.50)
2026-04-06 21:01:57 [main] INFO  o.f.core.internal.command.DbValidate - Successfully validated 7 migrations (execution time 00:00.013s)
2026-04-06 21:01:57 [main] INFO  o.f.core.internal.command.DbMigrate - Current version of schema "main": 7
2026-04-06 21:01:57 [main] INFO  o.f.core.internal.command.DbMigrate - Schema "main" is up to date. No migration necessary.
2026-04-06 21:05:26 [main] INFO  com.zaxxer.hikari.HikariDataSource - HikariPool-1 - Starting...
2026-04-06 21:05:26 [main] INFO  com.zaxxer.hikari.pool.HikariPool - HikariPool-1 - Added connection org.sqlite.jdbc4.JDBC4Connection@61001b64
2026-04-06 21:05:26 [main] INFO  com.zaxxer.hikari.HikariDataSource - HikariPool-1 - Start completed.
2026-04-06 21:05:26 [main] INFO  org.flywaydb.core.FlywayExecutor - Database: jdbc:sqlite:app.db (SQLite 3.50)
2026-04-06 21:05:26 [main] INFO  o.f.core.internal.command.DbValidate - Successfully validated 7 migrations (execution time 00:00.013s)
2026-04-06 21:05:26 [main] INFO  o.f.core.internal.command.DbMigrate - Current version of schema "main": 7
2026-04-06 21:05:26 [main] INFO  o.f.core.internal.command.DbMigrate - Schema "main" is up to date. No migration necessary.
2026-04-06 21:12:25 [main] INFO  com.zaxxer.hikari.HikariDataSource - HikariPool-1 - Starting...
2026-04-06 21:12:25 [main] INFO  com.zaxxer.hikari.pool.HikariPool - HikariPool-1 - Added connection org.sqlite.jdbc4.JDBC4Connection@61001b64
2026-04-06 21:12:25 [main] INFO  com.zaxxer.hikari.HikariDataSource - HikariPool-1 - Start completed.
2026-04-06 21:12:25 [main] INFO  org.flywaydb.core.FlywayExecutor - Database: jdbc:sqlite:app.db (SQLite 3.50)
2026-04-06 21:12:25 [main] INFO  o.f.core.internal.command.DbValidate - Successfully validated 7 migrations (execution time 00:00.013s)
2026-04-06 21:12:25 [main] INFO  o.f.core.internal.command.DbMigrate - Current version of schema "main": 7
2026-04-06 21:12:25 [main] INFO  o.f.core.internal.command.DbMigrate - Schema "main" is up to date. No migration necessary.
2026-04-06 21:13:02 [main] INFO  com.zaxxer.hikari.HikariDataSource - HikariPool-1 - Starting...
2026-04-06 21:13:02 [main] INFO  com.zaxxer.hikari.pool.HikariPool - HikariPool-1 - Added connection org.sqlite.jdbc4.JDBC4Connection@61001b64
2026-04-06 21:13:02 [main] INFO  com.zaxxer.hikari.HikariDataSource - HikariPool-1 - Start completed.
2026-04-06 21:13:02 [main] INFO  org.flywaydb.core.FlywayExecutor - Database: jdbc:sqlite:app.db (SQLite 3.50)
2026-04-06 21:13:02 [main] INFO  o.f.core.internal.command.DbValidate - Successfully validated 7 migrations (execution time 00:00.013s)
2026-04-06 21:13:02 [main] INFO  o.f.core.internal.command.DbMigrate - Current version of schema "main": 7
2026-04-06 21:13:02 [main] INFO  o.f.core.internal.command.DbMigrate - Schema "main" is up to date. No migration necessary.
2026-04-06 21:13:16 [main] INFO  com.zaxxer.hikari.HikariDataSource - HikariPool-1 - Starting...
2026-04-06 21:13:16 [main] INFO  com.zaxxer.hikari.pool.HikariPool - HikariPool-1 - Added connection org.sqlite.jdbc4.JDBC4Connection@61001b64
2026-04-06 21:13:16 [main] INFO  com.zaxxer.hikari.HikariDataSource - HikariPool-1 - Start completed.
2026-04-06 21:13:16 [main] INFO  org.flywaydb.core.FlywayExecutor - Database: jdbc:sqlite:app.db (SQLite 3.50)
2026-04-06 21:13:16 [main] INFO  o.f.core.internal.command.DbValidate - Successfully validated 7 migrations (execution time 00:00.014s)
2026-04-06 21:13:16 [main] INFO  o.f.core.internal.command.DbMigrate - Current version of schema "main": 7
2026-04-06 21:13:16 [main] INFO  o.f.core.internal.command.DbMigrate - Schema "main" is up to date. No migration necessary.
2026-04-06 21:19:27 [main] INFO  com.zaxxer.hikari.HikariDataSource - HikariPool-1 - Starting...
2026-04-06 21:19:27 [main] INFO  com.zaxxer.hikari.pool.HikariPool - HikariPool-1 - Added connection org.sqlite.jdbc4.JDBC4Connection@61001b64
2026-04-06 21:19:27 [main] INFO  com.zaxxer.hikari.HikariDataSource - HikariPool-1 - Start completed.
2026-04-06 21:19:27 [main] INFO  org.flywaydb.core.FlywayExecutor - Database: jdbc:sqlite:app.db (SQLite 3.50)
2026-04-06 21:19:27 [main] INFO  o.f.core.internal.command.DbValidate - Successfully validated 7 migrations (execution time 00:00.014s)
2026-04-06 21:19:27 [main] INFO  o.f.core.internal.command.DbMigrate - Current version of schema "main": 7
2026-04-06 21:19:27 [main] INFO  o.f.core.internal.command.DbMigrate - Schema "main" is up to date. No migration necessary.
2026-04-06 21:20:46 [main] INFO  com.zaxxer.hikari.HikariDataSource - HikariPool-1 - Starting...
2026-04-06 21:20:47 [main] INFO  com.zaxxer.hikari.pool.HikariPool - HikariPool-1 - Added connection org.sqlite.jdbc4.JDBC4Connection@61001b64
2026-04-06 21:20:47 [main] INFO  com.zaxxer.hikari.HikariDataSource - HikariPool-1 - Start completed.
2026-04-06 21:20:47 [main] INFO  org.flywaydb.core.FlywayExecutor - Database: jdbc:sqlite:app.db (SQLite 3.50)
2026-04-06 21:20:47 [main] INFO  o.f.core.internal.command.DbValidate - Successfully validated 7 migrations (execution time 00:00.014s)
2026-04-06 21:20:47 [main] INFO  o.f.core.internal.command.DbMigrate - Current version of schema "main": 7
2026-04-06 21:20:47 [main] INFO  o.f.core.internal.command.DbMigrate - Schema "main" is up to date. No migration necessary.
2026-04-07 15:59:19 [main] INFO  com.zaxxer.hikari.HikariDataSource - HikariPool-1 - Starting...
2026-04-07 15:59:19 [main] INFO  com.zaxxer.hikari.pool.HikariPool - HikariPool-1 - Added connection org.sqlite.jdbc4.JDBC4Connection@61001b64
2026-04-07 15:59:19 [main] INFO  com.zaxxer.hikari.HikariDataSource - HikariPool-1 - Start completed.
2026-04-07 15:59:20 [main] INFO  org.flywaydb.core.FlywayExecutor - Database: jdbc:sqlite:app.db (SQLite 3.50)
2026-04-07 15:59:20 [main] INFO  o.f.core.internal.command.DbValidate - Successfully validated 7 migrations (execution time 00:00.016s)
2026-04-07 15:59:20 [main] INFO  o.f.core.internal.command.DbMigrate - Current version of schema "main": 7
2026-04-07 15:59:20 [main] INFO  o.f.core.internal.command.DbMigrate - Schema "main" is up to date. No migration necessary.
2026-04-07 16:14:33 [main] INFO  com.zaxxer.hikari.HikariDataSource - HikariPool-1 - Starting...
2026-04-07 16:14:33 [main] INFO  com.zaxxer.hikari.pool.HikariPool - HikariPool-1 - Added connection org.sqlite.jdbc4.JDBC4Connection@61001b64
2026-04-07 16:14:33 [main] INFO  com.zaxxer.hikari.HikariDataSource - HikariPool-1 - Start completed.
2026-04-07 16:14:33 [main] INFO  org.flywaydb.core.FlywayExecutor - Database: jdbc:sqlite:app.db (SQLite 3.50)
2026-04-07 16:14:33 [main] INFO  o.f.core.internal.command.DbValidate - Successfully validated 7 migrations (execution time 00:00.013s)
2026-04-07 16:14:33 [main] INFO  o.f.core.internal.command.DbMigrate - Current version of schema "main": 7
2026-04-07 16:14:33 [main] INFO  o.f.core.internal.command.DbMigrate - Schema "main" is up to date. No migration necessary.
2026-04-07 16:18:00 [main] INFO  com.zaxxer.hikari.HikariDataSource - HikariPool-1 - Starting...
2026-04-07 16:18:01 [main] INFO  com.zaxxer.hikari.pool.HikariPool - HikariPool-1 - Added connection org.sqlite.jdbc4.JDBC4Connection@61001b64
2026-04-07 16:18:01 [main] INFO  com.zaxxer.hikari.HikariDataSource - HikariPool-1 - Start completed.
2026-04-07 16:18:01 [main] INFO  org.flywaydb.core.FlywayExecutor - Database: jdbc:sqlite:app.db (SQLite 3.50)
2026-04-07 16:18:01 [main] INFO  o.f.core.internal.command.DbValidate - Successfully validated 7 migrations (execution time 00:00.013s)
2026-04-07 16:18:01 [main] INFO  o.f.core.internal.command.DbMigrate - Current version of schema "main": 7
2026-04-07 16:18:01 [main] INFO  o.f.core.internal.command.DbMigrate - Schema "main" is up to date. No migration necessary.
2026-04-07 16:19:42 [main] INFO  com.zaxxer.hikari.HikariDataSource - HikariPool-1 - Starting...
2026-04-07 16:19:42 [main] INFO  com.zaxxer.hikari.pool.HikariPool - HikariPool-1 - Added connection org.sqlite.jdbc4.JDBC4Connection@61001b64
2026-04-07 16:19:42 [main] INFO  com.zaxxer.hikari.HikariDataSource - HikariPool-1 - Start completed.
2026-04-07 16:19:42 [main] INFO  org.flywaydb.core.FlywayExecutor - Database: jdbc:sqlite:app.db (SQLite 3.50)
2026-04-07 16:19:42 [main] INFO  o.f.core.internal.command.DbValidate - Successfully validated 7 migrations (execution time 00:00.014s)
2026-04-07 16:19:42 [main] INFO  o.f.core.internal.command.DbMigrate - Current version of schema "main": 7
2026-04-07 16:19:42 [main] INFO  o.f.core.internal.command.DbMigrate - Schema "main" is up to date. No migration necessary.
2026-04-07 16:25:18 [main] INFO  com.zaxxer.hikari.HikariDataSource - HikariPool-1 - Starting...
2026-04-07 16:25:18 [main] INFO  com.zaxxer.hikari.pool.HikariPool - HikariPool-1 - Added connection org.sqlite.jdbc4.JDBC4Connection@61001b64
2026-04-07 16:25:18 [main] INFO  com.zaxxer.hikari.HikariDataSource - HikariPool-1 - Start completed.
2026-04-07 16:25:18 [main] INFO  org.flywaydb.core.FlywayExecutor - Database: jdbc:sqlite:app.db (SQLite 3.50)
2026-04-07 16:25:18 [main] INFO  o.f.core.internal.command.DbValidate - Successfully validated 7 migrations (execution time 00:00.013s)
2026-04-07 16:25:18 [main] INFO  o.f.core.internal.command.DbMigrate - Current version of schema "main": 7
2026-04-07 16:25:18 [main] INFO  o.f.core.internal.command.DbMigrate - Schema "main" is up to date. No migration necessary.
2026-04-07 16:27:26 [main] INFO  com.zaxxer.hikari.HikariDataSource - HikariPool-1 - Starting...
2026-04-07 16:27:26 [main] INFO  com.zaxxer.hikari.pool.HikariPool - HikariPool-1 - Added connection org.sqlite.jdbc4.JDBC4Connection@61001b64
2026-04-07 16:27:26 [main] INFO  com.zaxxer.hikari.HikariDataSource - HikariPool-1 - Start completed.
2026-04-07 16:27:26 [main] INFO  org.flywaydb.core.FlywayExecutor - Database: jdbc:sqlite:app.db (SQLite 3.50)
2026-04-07 16:27:26 [main] INFO  o.f.core.internal.command.DbValidate - Successfully validated 7 migrations (execution time 00:00.015s)
2026-04-07 16:27:26 [main] INFO  o.f.core.internal.command.DbMigrate - Current version of schema "main": 7
2026-04-07 16:27:26 [main] INFO  o.f.core.internal.command.DbMigrate - Schema "main" is up to date. No migration necessary.
2026-04-07 16:30:44 [main] INFO  com.zaxxer.hikari.HikariDataSource - HikariPool-1 - Starting...
2026-04-07 16:30:44 [main] INFO  com.zaxxer.hikari.pool.HikariPool - HikariPool-1 - Added connection org.sqlite.jdbc4.JDBC4Connection@61001b64
2026-04-07 16:30:44 [main] INFO  com.zaxxer.hikari.HikariDataSource - HikariPool-1 - Start completed.
2026-04-07 16:30:44 [main] INFO  org.flywaydb.core.FlywayExecutor - Database: jdbc:sqlite:app.db (SQLite 3.50)
2026-04-07 16:30:44 [main] INFO  o.f.core.internal.command.DbValidate - Successfully validated 7 migrations (execution time 00:00.013s)
2026-04-07 16:30:44 [main] INFO  o.f.core.internal.command.DbMigrate - Current version of schema "main": 7
2026-04-07 16:30:44 [main] INFO  o.f.core.internal.command.DbMigrate - Schema "main" is up to date. No migration necessary.
2026-04-07 16:35:17 [main] INFO  com.zaxxer.hikari.HikariDataSource - HikariPool-1 - Starting...
2026-04-07 16:35:17 [main] INFO  com.zaxxer.hikari.pool.HikariPool - HikariPool-1 - Added connection org.sqlite.jdbc4.JDBC4Connection@61001b64
2026-04-07 16:35:17 [main] INFO  com.zaxxer.hikari.HikariDataSource - HikariPool-1 - Start completed.
2026-04-07 16:35:17 [main] INFO  org.flywaydb.core.FlywayExecutor - Database: jdbc:sqlite:app.db (SQLite 3.50)
2026-04-07 16:35:17 [main] INFO  o.f.core.internal.command.DbValidate - Successfully validated 7 migrations (execution time 00:00.014s)
2026-04-07 16:35:17 [main] INFO  o.f.core.internal.command.DbMigrate - Current version of schema "main": 7
2026-04-07 16:35:17 [main] INFO  o.f.core.internal.command.DbMigrate - Schema "main" is up to date. No migration necessary.
2026-04-07 16:49:00 [main] INFO  com.zaxxer.hikari.HikariDataSource - HikariPool-1 - Starting...
2026-04-07 16:49:00 [main] INFO  com.zaxxer.hikari.pool.HikariPool - HikariPool-1 - Added connection org.sqlite.jdbc4.JDBC4Connection@61001b64
2026-04-07 16:49:00 [main] INFO  com.zaxxer.hikari.HikariDataSource - HikariPool-1 - Start completed.
2026-04-07 16:49:01 [main] INFO  org.flywaydb.core.FlywayExecutor - Database: jdbc:sqlite:app.db (SQLite 3.50)
2026-04-07 16:49:01 [main] INFO  o.f.core.internal.command.DbValidate - Successfully validated 7 migrations (execution time 00:00.014s)
2026-04-07 16:49:01 [main] INFO  o.f.core.internal.command.DbMigrate - Current version of schema "main": 7
2026-04-07 16:49:01 [main] INFO  o.f.core.internal.command.DbMigrate - Schema "main" is up to date. No migration necessary.
2026-04-07 16:50:47 [main] INFO  com.zaxxer.hikari.HikariDataSource - HikariPool-1 - Starting...
2026-04-07 16:50:47 [main] INFO  com.zaxxer.hikari.pool.HikariPool - HikariPool-1 - Added connection org.sqlite.jdbc4.JDBC4Connection@61001b64
2026-04-07 16:50:47 [main] INFO  com.zaxxer.hikari.HikariDataSource - HikariPool-1 - Start completed.
2026-04-07 16:50:48 [main] INFO  org.flywaydb.core.FlywayExecutor - Database: jdbc:sqlite:app.db (SQLite 3.50)
2026-04-07 16:50:48 [main] INFO  o.f.core.internal.command.DbValidate - Successfully validated 7 migrations (execution time 00:00.014s)
2026-04-07 16:50:48 [main] INFO  o.f.core.internal.command.DbMigrate - Current version of schema "main": 7
2026-04-07 16:50:48 [main] INFO  o.f.core.internal.command.DbMigrate - Schema "main" is up to date. No migration necessary.
2026-04-07 16:58:18 [main] INFO  com.zaxxer.hikari.HikariDataSource - HikariPool-1 - Starting...
2026-04-07 16:58:18 [main] INFO  com.zaxxer.hikari.pool.HikariPool - HikariPool-1 - Added connection org.sqlite.jdbc4.JDBC4Connection@61001b64
2026-04-07 16:58:18 [main] INFO  com.zaxxer.hikari.HikariDataSource - HikariPool-1 - Start completed.
2026-04-07 16:58:18 [main] INFO  org.flywaydb.core.FlywayExecutor - Database: jdbc:sqlite:app.db (SQLite 3.50)
2026-04-07 16:58:18 [main] INFO  o.f.core.internal.command.DbValidate - Successfully validated 7 migrations (execution time 00:00.013s)
2026-04-07 16:58:18 [main] INFO  o.f.core.internal.command.DbMigrate - Current version of schema "main": 7
2026-04-07 16:58:18 [main] INFO  o.f.core.internal.command.DbMigrate - Schema "main" is up to date. No migration necessary.
2026-04-07 17:04:05 [main] INFO  com.zaxxer.hikari.HikariDataSource - HikariPool-1 - Starting...
2026-04-07 17:04:05 [main] INFO  com.zaxxer.hikari.pool.HikariPool - HikariPool-1 - Added connection org.sqlite.jdbc4.JDBC4Connection@61001b64
2026-04-07 17:04:05 [main] INFO  com.zaxxer.hikari.HikariDataSource - HikariPool-1 - Start completed.
2026-04-07 17:04:05 [main] INFO  org.flywaydb.core.FlywayExecutor - Database: jdbc:sqlite:app.db (SQLite 3.50)
2026-04-07 17:04:05 [main] INFO  o.f.core.internal.command.DbValidate - Successfully validated 7 migrations (execution time 00:00.013s)
2026-04-07 17:04:05 [main] INFO  o.f.core.internal.command.DbMigrate - Current version of schema "main": 7
2026-04-07 17:04:05 [main] INFO  o.f.core.internal.command.DbMigrate - Schema "main" is up to date. No migration necessary.
2026-04-07 19:52:49 [main] INFO  com.zaxxer.hikari.HikariDataSource - HikariPool-1 - Starting...
2026-04-07 19:52:50 [main] INFO  com.zaxxer.hikari.pool.HikariPool - HikariPool-1 - Added connection org.sqlite.jdbc4.JDBC4Connection@61001b64
2026-04-07 19:52:50 [main] INFO  com.zaxxer.hikari.HikariDataSource - HikariPool-1 - Start completed.
2026-04-07 19:52:50 [main] INFO  org.flywaydb.core.FlywayExecutor - Database: jdbc:sqlite:app.db (SQLite 3.50)
2026-04-07 19:52:50 [main] INFO  o.f.core.internal.command.DbValidate - Successfully validated 7 migrations (execution time 00:00.014s)
2026-04-07 19:52:50 [main] INFO  o.f.core.internal.command.DbMigrate - Current version of schema "main": 7
2026-04-07 19:52:50 [main] INFO  o.f.core.internal.command.DbMigrate - Schema "main" is up to date. No migration necessary.
2026-04-08 16:03:58 [main] INFO  com.zaxxer.hikari.HikariDataSource - HikariPool-1 - Starting...
2026-04-08 16:03:58 [main] INFO  com.zaxxer.hikari.pool.HikariPool - HikariPool-1 - Added connection org.sqlite.jdbc4.JDBC4Connection@61001b64
2026-04-08 16:03:58 [main] INFO  com.zaxxer.hikari.HikariDataSource - HikariPool-1 - Start completed.
2026-04-08 16:03:58 [main] INFO  org.flywaydb.core.FlywayExecutor - Database: jdbc:sqlite:app.db (SQLite 3.50)
2026-04-08 16:03:58 [main] INFO  o.f.core.internal.command.DbValidate - Successfully validated 7 migrations (execution time 00:00.018s)
2026-04-08 16:03:58 [main] INFO  o.f.core.internal.command.DbMigrate - Current version of schema "main": 7
2026-04-08 16:03:58 [main] INFO  o.f.core.internal.command.DbMigrate - Schema "main" is up to date. No migration necessary.
2026-04-08 16:41:20 [main] INFO  com.zaxxer.hikari.HikariDataSource - HikariPool-1 - Starting...
2026-04-08 16:41:20 [main] INFO  com.zaxxer.hikari.pool.HikariPool - HikariPool-1 - Added connection org.sqlite.jdbc4.JDBC4Connection@61001b64
2026-04-08 16:41:20 [main] INFO  com.zaxxer.hikari.HikariDataSource - HikariPool-1 - Start completed.
2026-04-08 16:41:20 [main] INFO  org.flywaydb.core.FlywayExecutor - Database: jdbc:sqlite:app.db (SQLite 3.50)
2026-04-08 16:41:20 [main] INFO  o.f.core.internal.command.DbValidate - Successfully validated 7 migrations (execution time 00:00.014s)
2026-04-08 16:41:20 [main] INFO  o.f.core.internal.command.DbMigrate - Current version of schema "main": 7
2026-04-08 16:41:20 [main] INFO  o.f.core.internal.command.DbMigrate - Schema "main" is up to date. No migration necessary.
2026-04-08 16:41:54 [main] INFO  com.zaxxer.hikari.HikariDataSource - HikariPool-1 - Starting...
2026-04-08 16:41:54 [main] INFO  com.zaxxer.hikari.pool.HikariPool - HikariPool-1 - Added connection org.sqlite.jdbc4.JDBC4Connection@61001b64
2026-04-08 16:41:54 [main] INFO  com.zaxxer.hikari.HikariDataSource - HikariPool-1 - Start completed.
2026-04-08 16:41:54 [main] INFO  org.flywaydb.core.FlywayExecutor - Database: jdbc:sqlite:app.db (SQLite 3.50)
2026-04-08 16:41:54 [main] INFO  o.f.core.internal.command.DbValidate - Successfully validated 7 migrations (execution time 00:00.014s)
2026-04-08 16:41:54 [main] INFO  o.f.core.internal.command.DbMigrate - Current version of schema "main": 7
2026-04-08 16:41:54 [main] INFO  o.f.core.internal.command.DbMigrate - Schema "main" is up to date. No migration necessary.
2026-04-08 16:43:19 [main] INFO  com.zaxxer.hikari.HikariDataSource - HikariPool-1 - Starting...
2026-04-08 16:43:19 [main] INFO  com.zaxxer.hikari.pool.HikariPool - HikariPool-1 - Added connection org.sqlite.jdbc4.JDBC4Connection@61001b64
2026-04-08 16:43:19 [main] INFO  com.zaxxer.hikari.HikariDataSource - HikariPool-1 - Start completed.
2026-04-08 16:43:19 [main] INFO  org.flywaydb.core.FlywayExecutor - Database: jdbc:sqlite:app.db (SQLite 3.50)
2026-04-08 16:43:20 [main] INFO  o.f.core.internal.command.DbValidate - Successfully validated 7 migrations (execution time 00:00.014s)
2026-04-08 16:43:20 [main] INFO  o.f.core.internal.command.DbMigrate - Current version of schema "main": 7
2026-04-08 16:43:20 [main] INFO  o.f.core.internal.command.DbMigrate - Schema "main" is up to date. No migration necessary.
2026-04-08 16:45:18 [main] INFO  com.zaxxer.hikari.HikariDataSource - HikariPool-1 - Starting...
2026-04-08 16:45:18 [main] INFO  com.zaxxer.hikari.pool.HikariPool - HikariPool-1 - Added connection org.sqlite.jdbc4.JDBC4Connection@61001b64
2026-04-08 16:45:18 [main] INFO  com.zaxxer.hikari.HikariDataSource - HikariPool-1 - Start completed.
2026-04-08 16:45:19 [main] INFO  org.flywaydb.core.FlywayExecutor - Database: jdbc:sqlite:app.db (SQLite 3.50)
2026-04-08 16:45:19 [main] INFO  o.f.core.internal.command.DbValidate - Successfully validated 7 migrations (execution time 00:00.014s)
2026-04-08 16:45:19 [main] INFO  o.f.core.internal.command.DbMigrate - Current version of schema "main": 7
2026-04-08 16:45:19 [main] INFO  o.f.core.internal.command.DbMigrate - Schema "main" is up to date. No migration necessary.
2026-04-08 16:46:09 [main] INFO  com.zaxxer.hikari.HikariDataSource - HikariPool-1 - Starting...
2026-04-08 16:46:09 [main] INFO  com.zaxxer.hikari.pool.HikariPool - HikariPool-1 - Added connection org.sqlite.jdbc4.JDBC4Connection@61001b64
2026-04-08 16:46:09 [main] INFO  com.zaxxer.hikari.HikariDataSource - HikariPool-1 - Start completed.
2026-04-08 16:46:09 [main] INFO  org.flywaydb.core.FlywayExecutor - Database: jdbc:sqlite:app.db (SQLite 3.50)
2026-04-08 16:46:09 [main] INFO  o.f.core.internal.command.DbValidate - Successfully validated 7 migrations (execution time 00:00.014s)
2026-04-08 16:46:09 [main] INFO  o.f.core.internal.command.DbMigrate - Current version of schema "main": 7
2026-04-08 16:46:09 [main] INFO  o.f.core.internal.command.DbMigrate - Schema "main" is up to date. No migration necessary.
2026-04-08 17:00:00 [main] INFO  com.zaxxer.hikari.HikariDataSource - HikariPool-1 - Starting...
2026-04-08 17:00:00 [main] INFO  com.zaxxer.hikari.pool.HikariPool - HikariPool-1 - Added connection org.sqlite.jdbc4.JDBC4Connection@61001b64
2026-04-08 17:00:00 [main] INFO  com.zaxxer.hikari.HikariDataSource - HikariPool-1 - Start completed.
2026-04-08 17:00:00 [main] INFO  org.flywaydb.core.FlywayExecutor - Database: jdbc:sqlite:app.db (SQLite 3.50)
2026-04-08 17:00:00 [main] INFO  o.f.core.internal.command.DbValidate - Successfully validated 7 migrations (execution time 00:00.012s)
2026-04-08 17:00:00 [main] INFO  o.f.core.internal.command.DbMigrate - Current version of schema "main": 7
2026-04-08 17:00:00 [main] INFO  o.f.core.internal.command.DbMigrate - Schema "main" is up to date. No migration necessary.
2026-04-08 17:02:44 [main] INFO  com.zaxxer.hikari.HikariDataSource - HikariPool-1 - Starting...
2026-04-08 17:02:44 [main] INFO  com.zaxxer.hikari.pool.HikariPool - HikariPool-1 - Added connection org.sqlite.jdbc4.JDBC4Connection@61001b64
2026-04-08 17:02:44 [main] INFO  com.zaxxer.hikari.HikariDataSource - HikariPool-1 - Start completed.
2026-04-08 17:02:44 [main] INFO  org.flywaydb.core.FlywayExecutor - Database: jdbc:sqlite:app.db (SQLite 3.50)
2026-04-08 17:02:44 [main] INFO  o.f.core.internal.command.DbValidate - Successfully validated 7 migrations (execution time 00:00.014s)
2026-04-08 17:02:44 [main] INFO  o.f.core.internal.command.DbMigrate - Current version of schema "main": 7
2026-04-08 17:02:44 [main] INFO  o.f.core.internal.command.DbMigrate - Schema "main" is up to date. No migration necessary.
2026-04-08 17:05:54 [main] INFO  com.zaxxer.hikari.HikariDataSource - HikariPool-1 - Starting...
2026-04-08 17:05:54 [main] INFO  com.zaxxer.hikari.pool.HikariPool - HikariPool-1 - Added connection org.sqlite.jdbc4.JDBC4Connection@61001b64
2026-04-08 17:05:54 [main] INFO  com.zaxxer.hikari.HikariDataSource - HikariPool-1 - Start completed.
2026-04-08 17:05:54 [main] INFO  org.flywaydb.core.FlywayExecutor - Database: jdbc:sqlite:app.db (SQLite 3.50)
2026-04-08 17:05:54 [main] INFO  o.f.core.internal.command.DbValidate - Successfully validated 7 migrations (execution time 00:00.015s)
2026-04-08 17:05:54 [main] INFO  o.f.core.internal.command.DbMigrate - Current version of schema "main": 7
2026-04-08 17:05:54 [main] INFO  o.f.core.internal.command.DbMigrate - Schema "main" is up to date. No migration necessary.
2026-04-08 17:17:38 [main] INFO  com.zaxxer.hikari.HikariDataSource - HikariPool-1 - Starting...
2026-04-08 17:17:38 [main] INFO  com.zaxxer.hikari.pool.HikariPool - HikariPool-1 - Added connection org.sqlite.jdbc4.JDBC4Connection@61001b64
2026-04-08 17:17:38 [main] INFO  com.zaxxer.hikari.HikariDataSource - HikariPool-1 - Start completed.
2026-04-08 17:17:38 [main] INFO  org.flywaydb.core.FlywayExecutor - Database: jdbc:sqlite:app.db (SQLite 3.50)
2026-04-08 17:17:38 [main] INFO  o.f.core.internal.command.DbValidate - Successfully validated 7 migrations (execution time 00:00.016s)
2026-04-08 17:17:38 [main] INFO  o.f.core.internal.command.DbMigrate - Current version of schema "main": 7
2026-04-08 17:17:38 [main] INFO  o.f.core.internal.command.DbMigrate - Schema "main" is up to date. No migration necessary.
2026-04-08 17:38:52 [main] INFO  com.zaxxer.hikari.HikariDataSource - HikariPool-1 - Starting...
2026-04-08 17:38:52 [main] INFO  com.zaxxer.hikari.pool.HikariPool - HikariPool-1 - Added connection org.sqlite.jdbc4.JDBC4Connection@61001b64
2026-04-08 17:38:52 [main] INFO  com.zaxxer.hikari.HikariDataSource - HikariPool-1 - Start completed.
2026-04-08 17:38:53 [main] INFO  org.flywaydb.core.FlywayExecutor - Database: jdbc:sqlite:app.db (SQLite 3.50)
2026-04-08 17:38:53 [main] INFO  o.f.core.internal.command.DbValidate - Successfully validated 7 migrations (execution time 00:00.014s)
2026-04-08 17:38:53 [main] INFO  o.f.core.internal.command.DbMigrate - Current version of schema "main": 7
2026-04-08 17:38:53 [main] INFO  o.f.core.internal.command.DbMigrate - Schema "main" is up to date. No migration necessary.
2026-04-08 17:42:42 [main] INFO  com.zaxxer.hikari.HikariDataSource - HikariPool-1 - Starting...
2026-04-08 17:42:42 [main] INFO  com.zaxxer.hikari.pool.HikariPool - HikariPool-1 - Added connection org.sqlite.jdbc4.JDBC4Connection@61001b64
2026-04-08 17:42:42 [main] INFO  com.zaxxer.hikari.HikariDataSource - HikariPool-1 - Start completed.
2026-04-08 17:42:42 [main] INFO  org.flywaydb.core.FlywayExecutor - Database: jdbc:sqlite:app.db (SQLite 3.50)
2026-04-08 17:42:42 [main] INFO  o.f.core.internal.command.DbValidate - Successfully validated 7 migrations (execution time 00:00.019s)
2026-04-08 17:42:42 [main] INFO  o.f.core.internal.command.DbMigrate - Current version of schema "main": 7
2026-04-08 17:42:42 [main] INFO  o.f.core.internal.command.DbMigrate - Schema "main" is up to date. No migration necessary.
2026-04-08 17:43:57 [main] INFO  com.zaxxer.hikari.HikariDataSource - HikariPool-1 - Starting...
2026-04-08 17:43:57 [main] INFO  com.zaxxer.hikari.pool.HikariPool - HikariPool-1 - Added connection org.sqlite.jdbc4.JDBC4Connection@61001b64
2026-04-08 17:43:57 [main] INFO  com.zaxxer.hikari.HikariDataSource - HikariPool-1 - Start completed.
2026-04-08 17:43:57 [main] INFO  org.flywaydb.core.FlywayExecutor - Database: jdbc:sqlite:app.db (SQLite 3.50)
2026-04-08 17:43:57 [main] INFO  o.f.core.internal.command.DbValidate - Successfully validated 7 migrations (execution time 00:00.013s)
2026-04-08 17:43:57 [main] INFO  o.f.core.internal.command.DbMigrate - Current version of schema "main": 7
2026-04-08 17:43:57 [main] INFO  o.f.core.internal.command.DbMigrate - Schema "main" is up to date. No migration necessary.
2026-04-08 17:47:33 [main] INFO  com.zaxxer.hikari.HikariDataSource - HikariPool-1 - Starting...
2026-04-08 17:47:33 [main] INFO  com.zaxxer.hikari.pool.HikariPool - HikariPool-1 - Added connection org.sqlite.jdbc4.JDBC4Connection@61001b64
2026-04-08 17:47:33 [main] INFO  com.zaxxer.hikari.HikariDataSource - HikariPool-1 - Start completed.
2026-04-08 17:47:33 [main] INFO  org.flywaydb.core.FlywayExecutor - Database: jdbc:sqlite:app.db (SQLite 3.50)
2026-04-08 17:47:33 [main] INFO  o.f.core.internal.command.DbValidate - Successfully validated 7 migrations (execution time 00:00.015s)
2026-04-08 17:47:33 [main] INFO  o.f.core.internal.command.DbMigrate - Current version of schema "main": 7
2026-04-08 17:47:33 [main] INFO  o.f.core.internal.command.DbMigrate - Schema "main" is up to date. No migration necessary.
2026-04-08 17:49:40 [main] INFO  com.zaxxer.hikari.HikariDataSource - HikariPool-1 - Starting...
2026-04-08 17:49:40 [main] INFO  com.zaxxer.hikari.pool.HikariPool - HikariPool-1 - Added connection org.sqlite.jdbc4.JDBC4Connection@61001b64
2026-04-08 17:49:40 [main] INFO  com.zaxxer.hikari.HikariDataSource - HikariPool-1 - Start completed.
2026-04-08 17:49:41 [main] INFO  org.flywaydb.core.FlywayExecutor - Database: jdbc:sqlite:app.db (SQLite 3.50)
2026-04-08 17:49:41 [main] INFO  o.f.core.internal.command.DbValidate - Successfully validated 7 migrations (execution time 00:00.012s)
2026-04-08 17:49:41 [main] INFO  o.f.core.internal.command.DbMigrate - Current version of schema "main": 7
2026-04-08 17:49:41 [main] INFO  o.f.core.internal.command.DbMigrate - Schema "main" is up to date. No migration necessary.
2026-04-08 17:51:58 [main] INFO  com.zaxxer.hikari.HikariDataSource - HikariPool-1 - Starting...
2026-04-08 17:51:58 [main] INFO  com.zaxxer.hikari.pool.HikariPool - HikariPool-1 - Added connection org.sqlite.jdbc4.JDBC4Connection@61001b64
2026-04-08 17:51:58 [main] INFO  com.zaxxer.hikari.HikariDataSource - HikariPool-1 - Start completed.
2026-04-08 17:51:58 [main] INFO  org.flywaydb.core.FlywayExecutor - Database: jdbc:sqlite:app.db (SQLite 3.50)
2026-04-08 17:51:58 [main] INFO  o.f.core.internal.command.DbValidate - Successfully validated 7 migrations (execution time 00:00.014s)
2026-04-08 17:51:58 [main] INFO  o.f.core.internal.command.DbMigrate - Current version of schema "main": 7
2026-04-08 17:51:58 [main] INFO  o.f.core.internal.command.DbMigrate - Schema "main" is up to date. No migration necessary.
2026-04-08 17:53:13 [main] INFO  com.zaxxer.hikari.HikariDataSource - HikariPool-1 - Starting...
2026-04-08 17:53:13 [main] INFO  com.zaxxer.hikari.pool.HikariPool - HikariPool-1 - Added connection org.sqlite.jdbc4.JDBC4Connection@61001b64
2026-04-08 17:53:13 [main] INFO  com.zaxxer.hikari.HikariDataSource - HikariPool-1 - Start completed.
2026-04-08 17:53:13 [main] INFO  org.flywaydb.core.FlywayExecutor - Database: jdbc:sqlite:app.db (SQLite 3.50)
2026-04-08 17:53:13 [main] INFO  o.f.core.internal.command.DbValidate - Successfully validated 7 migrations (execution time 00:00.013s)
2026-04-08 17:53:13 [main] INFO  o.f.core.internal.command.DbMigrate - Current version of schema "main": 7
2026-04-08 17:53:13 [main] INFO  o.f.core.internal.command.DbMigrate - Schema "main" is up to date. No migration necessary.
2026-04-08 17:53:38 [main] INFO  com.zaxxer.hikari.HikariDataSource - HikariPool-1 - Starting...
2026-04-08 17:53:39 [main] INFO  com.zaxxer.hikari.pool.HikariPool - HikariPool-1 - Added connection org.sqlite.jdbc4.JDBC4Connection@61001b64
2026-04-08 17:53:39 [main] INFO  com.zaxxer.hikari.HikariDataSource - HikariPool-1 - Start completed.
2026-04-08 17:53:39 [main] INFO  org.flywaydb.core.FlywayExecutor - Database: jdbc:sqlite:app.db (SQLite 3.50)
2026-04-08 17:53:39 [main] INFO  o.f.core.internal.command.DbValidate - Successfully validated 7 migrations (execution time 00:00.013s)
2026-04-08 17:53:39 [main] INFO  o.f.core.internal.command.DbMigrate - Current version of schema "main": 7
2026-04-08 17:53:39 [main] INFO  o.f.core.internal.command.DbMigrate - Schema "main" is up to date. No migration necessary.
2026-04-08 17:58:43 [main] INFO  com.zaxxer.hikari.HikariDataSource - HikariPool-1 - Starting...
2026-04-08 17:58:43 [main] INFO  com.zaxxer.hikari.pool.HikariPool - HikariPool-1 - Added connection org.sqlite.jdbc4.JDBC4Connection@61001b64
2026-04-08 17:58:43 [main] INFO  com.zaxxer.hikari.HikariDataSource - HikariPool-1 - Start completed.
2026-04-08 17:58:43 [main] INFO  org.flywaydb.core.FlywayExecutor - Database: jdbc:sqlite:app.db (SQLite 3.50)
2026-04-08 17:58:43 [main] INFO  o.f.core.internal.command.DbValidate - Successfully validated 7 migrations (execution time 00:00.014s)
2026-04-08 17:58:43 [main] INFO  o.f.core.internal.command.DbMigrate - Current version of schema "main": 7
2026-04-08 17:58:43 [main] INFO  o.f.core.internal.command.DbMigrate - Schema "main" is up to date. No migration necessary.
2026-04-08 17:59:45 [main] INFO  com.zaxxer.hikari.HikariDataSource - HikariPool-1 - Starting...
2026-04-08 17:59:45 [main] INFO  com.zaxxer.hikari.pool.HikariPool - HikariPool-1 - Added connection org.sqlite.jdbc4.JDBC4Connection@61001b64
2026-04-08 17:59:45 [main] INFO  com.zaxxer.hikari.HikariDataSource - HikariPool-1 - Start completed.
2026-04-08 17:59:45 [main] INFO  org.flywaydb.core.FlywayExecutor - Database: jdbc:sqlite:app.db (SQLite 3.50)
2026-04-08 17:59:45 [main] INFO  o.f.core.internal.command.DbValidate - Successfully validated 7 migrations (execution time 00:00.014s)
2026-04-08 17:59:45 [main] INFO  o.f.core.internal.command.DbMigrate - Current version of schema "main": 7
2026-04-08 17:59:45 [main] INFO  o.f.core.internal.command.DbMigrate - Schema "main" is up to date. No migration necessary.
2026-04-08 18:02:38 [main] INFO  com.zaxxer.hikari.HikariDataSource - HikariPool-1 - Starting...
2026-04-08 18:02:38 [main] INFO  com.zaxxer.hikari.pool.HikariPool - HikariPool-1 - Added connection org.sqlite.jdbc4.JDBC4Connection@61001b64
2026-04-08 18:02:38 [main] INFO  com.zaxxer.hikari.HikariDataSource - HikariPool-1 - Start completed.
2026-04-08 18:02:38 [main] INFO  org.flywaydb.core.FlywayExecutor - Database: jdbc:sqlite:app.db (SQLite 3.50)
2026-04-08 18:02:38 [main] INFO  o.f.core.internal.command.DbValidate - Successfully validated 7 migrations (execution time 00:00.014s)
2026-04-08 18:02:38 [main] INFO  o.f.core.internal.command.DbMigrate - Current version of schema "main": 7
2026-04-08 18:02:38 [main] INFO  o.f.core.internal.command.DbMigrate - Schema "main" is up to date. No migration necessary.
2026-04-08 18:03:44 [main] INFO  com.zaxxer.hikari.HikariDataSource - HikariPool-1 - Starting...
2026-04-08 18:03:44 [main] INFO  com.zaxxer.hikari.pool.HikariPool - HikariPool-1 - Added connection org.sqlite.jdbc4.JDBC4Connection@61001b64
2026-04-08 18:03:44 [main] INFO  com.zaxxer.hikari.HikariDataSource - HikariPool-1 - Start completed.
2026-04-08 18:03:45 [main] INFO  org.flywaydb.core.FlywayExecutor - Database: jdbc:sqlite:app.db (SQLite 3.50)
2026-04-08 18:03:45 [main] INFO  o.f.core.internal.command.DbValidate - Successfully validated 7 migrations (execution time 00:00.012s)
2026-04-08 18:03:45 [main] INFO  o.f.core.internal.command.DbMigrate - Current version of schema "main": 7
2026-04-08 18:03:45 [main] INFO  o.f.core.internal.command.DbMigrate - Schema "main" is up to date. No migration necessary.
2026-04-08 19:16:25 [main] INFO  com.zaxxer.hikari.HikariDataSource - HikariPool-1 - Starting...
2026-04-08 19:16:25 [main] INFO  com.zaxxer.hikari.pool.HikariPool - HikariPool-1 - Added connection org.sqlite.jdbc4.JDBC4Connection@61001b64
2026-04-08 19:16:25 [main] INFO  com.zaxxer.hikari.HikariDataSource - HikariPool-1 - Start completed.
2026-04-08 19:16:25 [main] INFO  org.flywaydb.core.FlywayExecutor - Database: jdbc:sqlite:app.db (SQLite 3.50)
2026-04-08 19:16:26 [main] INFO  o.f.core.internal.command.DbValidate - Successfully validated 7 migrations (execution time 00:00.017s)
2026-04-08 19:16:26 [main] INFO  o.f.core.internal.command.DbMigrate - Current version of schema "main": 7
2026-04-08 19:16:26 [main] INFO  o.f.core.internal.command.DbMigrate - Schema "main" is up to date. No migration necessary.
2026-04-08 19:19:01 [main] INFO  com.zaxxer.hikari.HikariDataSource - HikariPool-1 - Starting...
2026-04-08 19:19:01 [main] INFO  com.zaxxer.hikari.pool.HikariPool - HikariPool-1 - Added connection org.sqlite.jdbc4.JDBC4Connection@61001b64
2026-04-08 19:19:01 [main] INFO  com.zaxxer.hikari.HikariDataSource - HikariPool-1 - Start completed.
2026-04-08 19:19:01 [main] INFO  org.flywaydb.core.FlywayExecutor - Database: jdbc:sqlite:app.db (SQLite 3.50)
2026-04-08 19:19:01 [main] INFO  o.f.core.internal.command.DbValidate - Successfully validated 7 migrations (execution time 00:00.015s)
2026-04-08 19:19:01 [main] INFO  o.f.core.internal.command.DbMigrate - Current version of schema "main": 7
2026-04-08 19:19:01 [main] INFO  o.f.core.internal.command.DbMigrate - Schema "main" is up to date. No migration necessary.
2026-04-08 19:21:52 [main] INFO  com.zaxxer.hikari.HikariDataSource - HikariPool-1 - Starting...
2026-04-08 19:21:52 [main] INFO  com.zaxxer.hikari.pool.HikariPool - HikariPool-1 - Added connection org.sqlite.jdbc4.JDBC4Connection@61001b64
2026-04-08 19:21:52 [main] INFO  com.zaxxer.hikari.HikariDataSource - HikariPool-1 - Start completed.
2026-04-08 19:21:52 [main] INFO  org.flywaydb.core.FlywayExecutor - Database: jdbc:sqlite:app.db (SQLite 3.50)
2026-04-08 19:21:52 [main] INFO  o.f.core.internal.command.DbValidate - Successfully validated 7 migrations (execution time 00:00.016s)
2026-04-08 19:21:52 [main] INFO  o.f.core.internal.command.DbMigrate - Current version of schema "main": 7
2026-04-08 19:21:52 [main] INFO  o.f.core.internal.command.DbMigrate - Schema "main" is up to date. No migration necessary.
2026-04-08 19:44:04 [main] INFO  com.zaxxer.hikari.HikariDataSource - HikariPool-1 - Starting...
2026-04-08 19:44:04 [main] INFO  com.zaxxer.hikari.pool.HikariPool - HikariPool-1 - Added connection org.sqlite.jdbc4.JDBC4Connection@61001b64
2026-04-08 19:44:04 [main] INFO  com.zaxxer.hikari.HikariDataSource - HikariPool-1 - Start completed.
2026-04-08 19:44:04 [main] INFO  org.flywaydb.core.FlywayExecutor - Database: jdbc:sqlite:app.db (SQLite 3.50)
2026-04-08 19:44:04 [main] INFO  o.f.core.internal.command.DbValidate - Successfully validated 7 migrations (execution time 00:00.014s)
2026-04-08 19:44:04 [main] INFO  o.f.core.internal.command.DbMigrate - Current version of schema "main": 7
2026-04-08 19:44:04 [main] INFO  o.f.core.internal.command.DbMigrate - Schema "main" is up to date. No migration necessary.
2026-04-08 19:44:34 [main] INFO  com.zaxxer.hikari.HikariDataSource - HikariPool-1 - Starting...
2026-04-08 19:44:35 [main] INFO  com.zaxxer.hikari.pool.HikariPool - HikariPool-1 - Added connection org.sqlite.jdbc4.JDBC4Connection@61001b64
2026-04-08 19:44:35 [main] INFO  com.zaxxer.hikari.HikariDataSource - HikariPool-1 - Start completed.
2026-04-08 19:44:35 [main] INFO  org.flywaydb.core.FlywayExecutor - Database: jdbc:sqlite:app.db (SQLite 3.50)
2026-04-08 19:44:35 [main] INFO  o.f.core.internal.command.DbValidate - Successfully validated 7 migrations (execution time 00:00.016s)
2026-04-08 19:44:35 [main] INFO  o.f.core.internal.command.DbMigrate - Current version of schema "main": 7
2026-04-08 19:44:35 [main] INFO  o.f.core.internal.command.DbMigrate - Schema "main" is up to date. No migration necessary.
2026-04-08 19:45:35 [main] INFO  com.zaxxer.hikari.HikariDataSource - HikariPool-1 - Starting...
2026-04-08 19:45:35 [main] INFO  com.zaxxer.hikari.pool.HikariPool - HikariPool-1 - Added connection org.sqlite.jdbc4.JDBC4Connection@61001b64
2026-04-08 19:45:35 [main] INFO  com.zaxxer.hikari.HikariDataSource - HikariPool-1 - Start completed.
2026-04-08 19:45:36 [main] INFO  org.flywaydb.core.FlywayExecutor - Database: jdbc:sqlite:app.db (SQLite 3.50)
2026-04-08 19:45:36 [main] INFO  o.f.core.internal.command.DbValidate - Successfully validated 7 migrations (execution time 00:00.014s)
2026-04-08 19:45:36 [main] INFO  o.f.core.internal.command.DbMigrate - Current version of schema "main": 7
2026-04-08 19:45:36 [main] INFO  o.f.core.internal.command.DbMigrate - Schema "main" is up to date. No migration necessary.
2026-04-08 19:46:16 [main] INFO  com.zaxxer.hikari.HikariDataSource - HikariPool-1 - Starting...
2026-04-08 19:46:16 [main] INFO  com.zaxxer.hikari.pool.HikariPool - HikariPool-1 - Added connection org.sqlite.jdbc4.JDBC4Connection@61001b64
2026-04-08 19:46:16 [main] INFO  com.zaxxer.hikari.HikariDataSource - HikariPool-1 - Start completed.
2026-04-08 19:46:17 [main] INFO  org.flywaydb.core.FlywayExecutor - Database: jdbc:sqlite:app.db (SQLite 3.50)
2026-04-08 19:46:17 [main] INFO  o.f.core.internal.command.DbValidate - Successfully validated 7 migrations (execution time 00:00.015s)
2026-04-08 19:46:17 [main] INFO  o.f.core.internal.command.DbMigrate - Current version of schema "main": 7
2026-04-08 19:46:17 [main] INFO  o.f.core.internal.command.DbMigrate - Schema "main" is up to date. No migration necessary.
2026-04-08 19:46:50 [main] INFO  com.zaxxer.hikari.HikariDataSource - HikariPool-1 - Starting...
2026-04-08 19:46:50 [main] INFO  com.zaxxer.hikari.pool.HikariPool - HikariPool-1 - Added connection org.sqlite.jdbc4.JDBC4Connection@2eea88a1
2026-04-08 19:46:50 [main] INFO  com.zaxxer.hikari.HikariDataSource - HikariPool-1 - Start completed.
2026-04-08 19:46:51 [main] INFO  org.flywaydb.core.FlywayExecutor - Database: jdbc:sqlite:app.db (SQLite 3.50)
2026-04-08 19:46:51 [main] INFO  o.f.core.internal.command.DbValidate - Successfully validated 7 migrations (execution time 00:00.018s)
2026-04-08 19:46:51 [main] INFO  o.f.core.internal.command.DbMigrate - Current version of schema "main": 7
2026-04-08 19:46:51 [main] INFO  o.f.core.internal.command.DbMigrate - Schema "main" is up to date. No migration necessary.
2026-04-08 19:47:44 [main] INFO  com.zaxxer.hikari.HikariDataSource - HikariPool-1 - Starting...
2026-04-08 19:47:44 [main] INFO  com.zaxxer.hikari.pool.HikariPool - HikariPool-1 - Added connection org.sqlite.jdbc4.JDBC4Connection@2eea88a1
2026-04-08 19:47:44 [main] INFO  com.zaxxer.hikari.HikariDataSource - HikariPool-1 - Start completed.
2026-04-08 19:47:44 [main] INFO  org.flywaydb.core.FlywayExecutor - Database: jdbc:sqlite:app.db (SQLite 3.50)
2026-04-08 19:47:45 [main] INFO  o.f.core.internal.command.DbValidate - Successfully validated 7 migrations (execution time 00:00.016s)
2026-04-08 19:47:45 [main] INFO  o.f.core.internal.command.DbMigrate - Current version of schema "main": 7
2026-04-08 19:47:45 [main] INFO  o.f.core.internal.command.DbMigrate - Schema "main" is up to date. No migration necessary.
2026-04-08 19:47:52 [main] INFO  com.zaxxer.hikari.HikariDataSource - HikariPool-1 - Starting...
2026-04-08 19:47:52 [main] INFO  com.zaxxer.hikari.pool.HikariPool - HikariPool-1 - Added connection org.sqlite.jdbc4.JDBC4Connection@2eea88a1
2026-04-08 19:47:52 [main] INFO  com.zaxxer.hikari.HikariDataSource - HikariPool-1 - Start completed.
2026-04-08 19:47:53 [main] INFO  org.flywaydb.core.FlywayExecutor - Database: jdbc:sqlite:app.db (SQLite 3.50)
2026-04-08 19:47:53 [main] INFO  o.f.core.internal.command.DbValidate - Successfully validated 7 migrations (execution time 00:00.017s)
2026-04-08 19:47:53 [main] INFO  o.f.core.internal.command.DbMigrate - Current version of schema "main": 7
2026-04-08 19:47:53 [main] INFO  o.f.core.internal.command.DbMigrate - Schema "main" is up to date. No migration necessary.
2026-04-08 19:49:49 [HikariPool-1 housekeeper] WARN  com.zaxxer.hikari.pool.HikariPool - HikariPool-1 - Thread starvation or clock leap detected (housekeeper delta=1m14s190ms451µs400ns).
2026-04-08 19:49:53 [main] INFO  com.zaxxer.hikari.HikariDataSource - HikariPool-1 - Starting...
2026-04-08 19:49:53 [main] INFO  com.zaxxer.hikari.pool.HikariPool - HikariPool-1 - Added connection org.sqlite.jdbc4.JDBC4Connection@61001b64
2026-04-08 19:49:53 [main] INFO  com.zaxxer.hikari.HikariDataSource - HikariPool-1 - Start completed.
2026-04-08 19:49:53 [main] INFO  org.flywaydb.core.FlywayExecutor - Database: jdbc:sqlite:app.db (SQLite 3.50)
2026-04-08 19:49:53 [main] INFO  o.f.core.internal.command.DbValidate - Successfully validated 7 migrations (execution time 00:00.015s)
2026-04-08 19:49:53 [main] INFO  o.f.core.internal.command.DbMigrate - Current version of schema "main": 7
2026-04-08 19:49:53 [main] INFO  o.f.core.internal.command.DbMigrate - Schema "main" is up to date. No migration necessary.
2026-04-08 19:50:53 [main] INFO  com.zaxxer.hikari.HikariDataSource - HikariPool-1 - Starting...
2026-04-08 19:50:53 [main] INFO  com.zaxxer.hikari.pool.HikariPool - HikariPool-1 - Added connection org.sqlite.jdbc4.JDBC4Connection@61001b64
2026-04-08 19:50:53 [main] INFO  com.zaxxer.hikari.HikariDataSource - HikariPool-1 - Start completed.
2026-04-08 19:50:53 [main] INFO  org.flywaydb.core.FlywayExecutor - Database: jdbc:sqlite:app.db (SQLite 3.50)
2026-04-08 19:50:53 [main] INFO  o.f.core.internal.command.DbValidate - Successfully validated 7 migrations (execution time 00:00.017s)
2026-04-08 19:50:53 [main] INFO  o.f.core.internal.command.DbMigrate - Current version of schema "main": 7
2026-04-08 19:50:53 [main] INFO  o.f.core.internal.command.DbMigrate - Schema "main" is up to date. No migration necessary.
2026-04-08 19:51:26 [main] INFO  com.zaxxer.hikari.HikariDataSource - HikariPool-1 - Starting...
2026-04-08 19:51:26 [main] INFO  com.zaxxer.hikari.pool.HikariPool - HikariPool-1 - Added connection org.sqlite.jdbc4.JDBC4Connection@61001b64
2026-04-08 19:51:26 [main] INFO  com.zaxxer.hikari.HikariDataSource - HikariPool-1 - Start completed.
2026-04-08 19:51:26 [main] INFO  org.flywaydb.core.FlywayExecutor - Database: jdbc:sqlite:app.db (SQLite 3.50)
2026-04-08 19:51:26 [main] INFO  o.f.core.internal.command.DbValidate - Successfully validated 7 migrations (execution time 00:00.015s)
2026-04-08 19:51:26 [main] INFO  o.f.core.internal.command.DbMigrate - Current version of schema "main": 7
2026-04-08 19:51:26 [main] INFO  o.f.core.internal.command.DbMigrate - Schema "main" is up to date. No migration necessary.
2026-04-08 19:51:31 [main] INFO  com.zaxxer.hikari.HikariDataSource - HikariPool-1 - Starting...
2026-04-08 19:51:31 [main] INFO  com.zaxxer.hikari.pool.HikariPool - HikariPool-1 - Added connection org.sqlite.jdbc4.JDBC4Connection@61001b64
2026-04-08 19:51:31 [main] INFO  com.zaxxer.hikari.HikariDataSource - HikariPool-1 - Start completed.
2026-04-08 19:51:32 [main] INFO  org.flywaydb.core.FlywayExecutor - Database: jdbc:sqlite:app.db (SQLite 3.50)
2026-04-08 19:51:32 [main] INFO  o.f.core.internal.command.DbValidate - Successfully validated 7 migrations (execution time 00:00.015s)
2026-04-08 19:51:32 [main] INFO  o.f.core.internal.command.DbMigrate - Current version of schema "main": 7
2026-04-08 19:51:32 [main] INFO  o.f.core.internal.command.DbMigrate - Schema "main" is up to date. No migration necessary.
2026-04-08 19:52:52 [main] INFO  com.zaxxer.hikari.HikariDataSource - HikariPool-1 - Starting...
2026-04-08 19:52:52 [main] INFO  com.zaxxer.hikari.pool.HikariPool - HikariPool-1 - Added connection org.sqlite.jdbc4.JDBC4Connection@61001b64
2026-04-08 19:52:52 [main] INFO  com.zaxxer.hikari.HikariDataSource - HikariPool-1 - Start completed.
2026-04-08 19:52:52 [main] INFO  org.flywaydb.core.FlywayExecutor - Database: jdbc:sqlite:app.db (SQLite 3.50)
2026-04-08 19:52:52 [main] INFO  o.f.core.internal.command.DbValidate - Successfully validated 7 migrations (execution time 00:00.014s)
2026-04-08 19:52:52 [main] INFO  o.f.core.internal.command.DbMigrate - Current version of schema "main": 7
2026-04-08 19:52:52 [main] INFO  o.f.core.internal.command.DbMigrate - Schema "main" is up to date. No migration necessary.
2026-04-08 19:53:50 [main] INFO  com.zaxxer.hikari.HikariDataSource - HikariPool-1 - Starting...
2026-04-08 19:53:50 [main] INFO  com.zaxxer.hikari.pool.HikariPool - HikariPool-1 - Added connection org.sqlite.jdbc4.JDBC4Connection@61001b64
2026-04-08 19:53:50 [main] INFO  com.zaxxer.hikari.HikariDataSource - HikariPool-1 - Start completed.
2026-04-08 19:53:50 [main] INFO  org.flywaydb.core.FlywayExecutor - Database: jdbc:sqlite:app.db (SQLite 3.50)
2026-04-08 19:53:50 [main] INFO  o.f.core.internal.command.DbValidate - Successfully validated 7 migrations (execution time 00:00.014s)
2026-04-08 19:53:50 [main] INFO  o.f.core.internal.command.DbMigrate - Current version of schema "main": 7
2026-04-08 19:53:50 [main] INFO  o.f.core.internal.command.DbMigrate - Schema "main" is up to date. No migration necessary.
2026-04-08 20:01:23 [main] INFO  com.zaxxer.hikari.HikariDataSource - HikariPool-1 - Starting...
2026-04-08 20:01:23 [main] INFO  com.zaxxer.hikari.pool.HikariPool - HikariPool-1 - Added connection org.sqlite.jdbc4.JDBC4Connection@61001b64
2026-04-08 20:01:23 [main] INFO  com.zaxxer.hikari.HikariDataSource - HikariPool-1 - Start completed.
2026-04-08 20:01:23 [main] INFO  org.flywaydb.core.FlywayExecutor - Database: jdbc:sqlite:app.db (SQLite 3.50)
2026-04-08 20:01:23 [main] INFO  o.f.core.internal.command.DbValidate - Successfully validated 7 migrations (execution time 00:00.016s)
2026-04-08 20:01:23 [main] INFO  o.f.core.internal.command.DbMigrate - Current version of schema "main": 7
2026-04-08 20:01:23 [main] INFO  o.f.core.internal.command.DbMigrate - Schema "main" is up to date. No migration necessary.
2026-04-08 20:03:02 [main] INFO  com.zaxxer.hikari.HikariDataSource - HikariPool-1 - Starting...
2026-04-08 20:03:02 [main] INFO  com.zaxxer.hikari.pool.HikariPool - HikariPool-1 - Added connection org.sqlite.jdbc4.JDBC4Connection@61001b64
2026-04-08 20:03:02 [main] INFO  com.zaxxer.hikari.HikariDataSource - HikariPool-1 - Start completed.
2026-04-08 20:03:02 [main] INFO  org.flywaydb.core.FlywayExecutor - Database: jdbc:sqlite:app.db (SQLite 3.50)
2026-04-08 20:03:02 [main] INFO  o.f.core.internal.command.DbValidate - Successfully validated 7 migrations (execution time 00:00.015s)
2026-04-08 20:03:02 [main] INFO  o.f.core.internal.command.DbMigrate - Current version of schema "main": 7
2026-04-08 20:03:02 [main] INFO  o.f.core.internal.command.DbMigrate - Schema "main" is up to date. No migration necessary.
2026-04-09 20:09:13 [main] INFO  com.zaxxer.hikari.HikariDataSource - HikariPool-1 - Starting...
2026-04-09 20:09:13 [main] INFO  com.zaxxer.hikari.pool.HikariPool - HikariPool-1 - Added connection org.sqlite.jdbc4.JDBC4Connection@61001b64
2026-04-09 20:09:13 [main] INFO  com.zaxxer.hikari.HikariDataSource - HikariPool-1 - Start completed.
2026-04-09 20:09:14 [main] INFO  org.flywaydb.core.FlywayExecutor - Database: jdbc:sqlite:app.db (SQLite 3.50)
2026-04-09 20:09:14 [main] INFO  o.f.core.internal.command.DbValidate - Successfully validated 7 migrations (execution time 00:00.017s)
2026-04-09 20:09:14 [main] INFO  o.f.core.internal.command.DbMigrate - Current version of schema "main": 7
2026-04-09 20:09:14 [main] INFO  o.f.core.internal.command.DbMigrate - Schema "main" is up to date. No migration necessary.
2026-04-09 20:10:58 [main] INFO  com.zaxxer.hikari.HikariDataSource - HikariPool-1 - Starting...
2026-04-09 20:10:58 [main] INFO  com.zaxxer.hikari.pool.HikariPool - HikariPool-1 - Added connection org.sqlite.jdbc4.JDBC4Connection@61001b64
2026-04-09 20:10:58 [main] INFO  com.zaxxer.hikari.HikariDataSource - HikariPool-1 - Start completed.
2026-04-09 20:10:58 [main] INFO  org.flywaydb.core.FlywayExecutor - Database: jdbc:sqlite:app.db (SQLite 3.50)
2026-04-09 20:10:58 [main] INFO  o.f.core.internal.command.DbValidate - Successfully validated 7 migrations (execution time 00:00.016s)
2026-04-09 20:10:58 [main] INFO  o.f.core.internal.command.DbMigrate - Current version of schema "main": 7
2026-04-09 20:10:58 [main] INFO  o.f.core.internal.command.DbMigrate - Schema "main" is up to date. No migration necessary.
2026-04-09 20:12:08 [main] INFO  com.zaxxer.hikari.HikariDataSource - HikariPool-1 - Starting...
2026-04-09 20:12:08 [main] INFO  com.zaxxer.hikari.pool.HikariPool - HikariPool-1 - Added connection org.sqlite.jdbc4.JDBC4Connection@61001b64
2026-04-09 20:12:08 [main] INFO  com.zaxxer.hikari.HikariDataSource - HikariPool-1 - Start completed.
2026-04-09 20:12:09 [main] INFO  org.flywaydb.core.FlywayExecutor - Database: jdbc:sqlite:app.db (SQLite 3.50)
2026-04-09 20:12:09 [main] INFO  o.f.core.internal.command.DbValidate - Successfully validated 7 migrations (execution time 00:00.014s)
2026-04-09 20:12:09 [main] INFO  o.f.core.internal.command.DbMigrate - Current version of schema "main": 7
2026-04-09 20:12:09 [main] INFO  o.f.core.internal.command.DbMigrate - Schema "main" is up to date. No migration necessary.
2026-04-09 20:21:06 [main] INFO  com.zaxxer.hikari.HikariDataSource - HikariPool-1 - Starting...
2026-04-09 20:21:06 [main] INFO  com.zaxxer.hikari.pool.HikariPool - HikariPool-1 - Added connection org.sqlite.jdbc4.JDBC4Connection@61001b64
2026-04-09 20:21:06 [main] INFO  com.zaxxer.hikari.HikariDataSource - HikariPool-1 - Start completed.
2026-04-09 20:21:06 [main] INFO  org.flywaydb.core.FlywayExecutor - Database: jdbc:sqlite:app.db (SQLite 3.50)
2026-04-09 20:21:06 [main] INFO  o.f.core.internal.command.DbValidate - Successfully validated 7 migrations (execution time 00:00.013s)
2026-04-09 20:21:06 [main] INFO  o.f.core.internal.command.DbMigrate - Current version of schema "main": 7
2026-04-09 20:21:06 [main] INFO  o.f.core.internal.command.DbMigrate - Schema "main" is up to date. No migration necessary.
2026-04-09 20:50:50 [main] INFO  com.zaxxer.hikari.HikariDataSource - HikariPool-1 - Starting...
2026-04-09 20:50:50 [main] INFO  com.zaxxer.hikari.pool.HikariPool - HikariPool-1 - Added connection org.sqlite.jdbc4.JDBC4Connection@61001b64
2026-04-09 20:50:50 [main] INFO  com.zaxxer.hikari.HikariDataSource - HikariPool-1 - Start completed.
2026-04-09 20:50:51 [main] INFO  org.flywaydb.core.FlywayExecutor - Database: jdbc:sqlite:app.db (SQLite 3.50)
2026-04-09 20:50:51 [main] INFO  o.f.core.internal.command.DbValidate - Successfully validated 7 migrations (execution time 00:00.014s)
2026-04-09 20:50:51 [main] INFO  o.f.core.internal.command.DbMigrate - Current version of schema "main": 7
2026-04-09 20:50:51 [main] INFO  o.f.core.internal.command.DbMigrate - Schema "main" is up to date. No migration necessary.
2026-04-09 20:51:00 [main] INFO  com.zaxxer.hikari.HikariDataSource - HikariPool-1 - Starting...
2026-04-09 20:51:00 [main] INFO  com.zaxxer.hikari.pool.HikariPool - HikariPool-1 - Added connection org.sqlite.jdbc4.JDBC4Connection@61001b64
2026-04-09 20:51:00 [main] INFO  com.zaxxer.hikari.HikariDataSource - HikariPool-1 - Start completed.
2026-04-09 20:51:00 [main] INFO  org.flywaydb.core.FlywayExecutor - Database: jdbc:sqlite:app.db (SQLite 3.50)
2026-04-09 20:51:00 [main] INFO  o.f.core.internal.command.DbValidate - Successfully validated 7 migrations (execution time 00:00.013s)
2026-04-09 20:51:00 [main] INFO  o.f.core.internal.command.DbMigrate - Current version of schema "main": 7
2026-04-09 20:51:00 [main] INFO  o.f.core.internal.command.DbMigrate - Schema "main" is up to date. No migration necessary.
2026-04-09 20:51:55 [main] INFO  com.zaxxer.hikari.HikariDataSource - HikariPool-1 - Starting...
2026-04-09 20:51:55 [main] INFO  com.zaxxer.hikari.pool.HikariPool - HikariPool-1 - Added connection org.sqlite.jdbc4.JDBC4Connection@61001b64
2026-04-09 20:51:55 [main] INFO  com.zaxxer.hikari.HikariDataSource - HikariPool-1 - Start completed.
2026-04-09 20:51:56 [main] INFO  org.flywaydb.core.FlywayExecutor - Database: jdbc:sqlite:app.db (SQLite 3.50)
2026-04-09 20:51:56 [main] INFO  o.f.core.internal.command.DbValidate - Successfully validated 7 migrations (execution time 00:00.018s)
2026-04-09 20:51:56 [main] INFO  o.f.core.internal.command.DbMigrate - Current version of schema "main": 7
2026-04-09 20:51:56 [main] INFO  o.f.core.internal.command.DbMigrate - Schema "main" is up to date. No migration necessary.
2026-04-09 21:03:10 [main] INFO  com.zaxxer.hikari.HikariDataSource - HikariPool-1 - Starting...
2026-04-09 21:03:10 [main] INFO  com.zaxxer.hikari.pool.HikariPool - HikariPool-1 - Added connection org.sqlite.jdbc4.JDBC4Connection@61001b64
2026-04-09 21:03:10 [main] INFO  com.zaxxer.hikari.HikariDataSource - HikariPool-1 - Start completed.
2026-04-09 21:03:10 [main] INFO  org.flywaydb.core.FlywayExecutor - Database: jdbc:sqlite:app.db (SQLite 3.50)
2026-04-09 21:03:10 [main] INFO  o.f.core.internal.command.DbValidate - Successfully validated 7 migrations (execution time 00:00.016s)
2026-04-09 21:03:10 [main] INFO  o.f.core.internal.command.DbMigrate - Current version of schema "main": 7
2026-04-09 21:03:10 [main] INFO  o.f.core.internal.command.DbMigrate - Schema "main" is up to date. No migration necessary.
2026-04-09 21:11:45 [main] INFO  com.zaxxer.hikari.HikariDataSource - HikariPool-1 - Starting...
2026-04-09 21:11:45 [main] INFO  com.zaxxer.hikari.pool.HikariPool - HikariPool-1 - Added connection org.sqlite.jdbc4.JDBC4Connection@61001b64
2026-04-09 21:11:45 [main] INFO  com.zaxxer.hikari.HikariDataSource - HikariPool-1 - Start completed.
2026-04-09 21:11:46 [main] INFO  org.flywaydb.core.FlywayExecutor - Database: jdbc:sqlite:app.db (SQLite 3.50)
2026-04-09 21:11:46 [main] INFO  o.f.core.internal.command.DbValidate - Successfully validated 7 migrations (execution time 00:00.014s)
2026-04-09 21:11:46 [main] INFO  o.f.core.internal.command.DbMigrate - Current version of schema "main": 7
2026-04-09 21:11:46 [main] INFO  o.f.core.internal.command.DbMigrate - Schema "main" is up to date. No migration necessary.
2026-04-09 21:12:30 [main] INFO  com.zaxxer.hikari.HikariDataSource - HikariPool-1 - Starting...
2026-04-09 21:12:30 [main] INFO  com.zaxxer.hikari.pool.HikariPool - HikariPool-1 - Added connection org.sqlite.jdbc4.JDBC4Connection@61001b64
2026-04-09 21:12:30 [main] INFO  com.zaxxer.hikari.HikariDataSource - HikariPool-1 - Start completed.
2026-04-09 21:12:30 [main] INFO  org.flywaydb.core.FlywayExecutor - Database: jdbc:sqlite:app.db (SQLite 3.50)
2026-04-09 21:12:30 [main] INFO  o.f.core.internal.command.DbValidate - Successfully validated 7 migrations (execution time 00:00.015s)
2026-04-09 21:12:30 [main] INFO  o.f.core.internal.command.DbMigrate - Current version of schema "main": 7
2026-04-09 21:12:30 [main] INFO  o.f.core.internal.command.DbMigrate - Schema "main" is up to date. No migration necessary.
2026-04-09 21:14:38 [main] INFO  com.zaxxer.hikari.HikariDataSource - HikariPool-1 - Starting...
2026-04-09 21:14:38 [main] INFO  com.zaxxer.hikari.pool.HikariPool - HikariPool-1 - Added connection org.sqlite.jdbc4.JDBC4Connection@61001b64
2026-04-09 21:14:38 [main] INFO  com.zaxxer.hikari.HikariDataSource - HikariPool-1 - Start completed.
2026-04-09 21:14:38 [main] INFO  org.flywaydb.core.FlywayExecutor - Database: jdbc:sqlite:app.db (SQLite 3.50)
2026-04-09 21:14:38 [main] INFO  o.f.core.internal.command.DbValidate - Successfully validated 7 migrations (execution time 00:00.014s)
2026-04-09 21:14:38 [main] INFO  o.f.core.internal.command.DbMigrate - Current version of schema "main": 7
2026-04-09 21:14:38 [main] INFO  o.f.core.internal.command.DbMigrate - Schema "main" is up to date. No migration necessary.
2026-04-11 13:14:48 [main] INFO  com.zaxxer.hikari.HikariDataSource - HikariPool-1 - Starting...
2026-04-11 13:14:48 [main] INFO  com.zaxxer.hikari.pool.HikariPool - HikariPool-1 - Added connection org.sqlite.jdbc4.JDBC4Connection@61001b64
2026-04-11 13:14:48 [main] INFO  com.zaxxer.hikari.HikariDataSource - HikariPool-1 - Start completed.
2026-04-11 13:14:48 [main] INFO  org.flywaydb.core.FlywayExecutor - Database: jdbc:sqlite:app.db (SQLite 3.50)
2026-04-11 13:14:48 [main] INFO  o.f.core.internal.command.DbValidate - Successfully validated 7 migrations (execution time 00:00.018s)
2026-04-11 13:14:48 [main] INFO  o.f.core.internal.command.DbMigrate - Current version of schema "main": 7
2026-04-11 13:14:48 [main] INFO  o.f.core.internal.command.DbMigrate - Schema "main" is up to date. No migration necessary.
2026-04-11 14:15:38 [main] INFO  com.zaxxer.hikari.HikariDataSource - HikariPool-1 - Starting...
2026-04-11 14:15:38 [main] INFO  com.zaxxer.hikari.pool.HikariPool - HikariPool-1 - Added connection org.sqlite.jdbc4.JDBC4Connection@61001b64
2026-04-11 14:15:38 [main] INFO  com.zaxxer.hikari.HikariDataSource - HikariPool-1 - Start completed.
2026-04-11 14:15:38 [main] INFO  org.flywaydb.core.FlywayExecutor - Database: jdbc:sqlite:app.db (SQLite 3.50)
2026-04-11 14:15:38 [main] INFO  o.f.core.internal.command.DbValidate - Successfully validated 7 migrations (execution time 00:00.017s)
2026-04-11 14:15:38 [main] INFO  o.f.core.internal.command.DbMigrate - Current version of schema "main": 7
2026-04-11 14:15:38 [main] INFO  o.f.core.internal.command.DbMigrate - Schema "main" is up to date. No migration necessary.
2026-04-11 14:16:47 [main] INFO  com.zaxxer.hikari.HikariDataSource - HikariPool-1 - Starting...
2026-04-11 14:16:48 [main] INFO  com.zaxxer.hikari.pool.HikariPool - HikariPool-1 - Added connection org.sqlite.jdbc4.JDBC4Connection@61001b64
2026-04-11 14:16:48 [main] INFO  com.zaxxer.hikari.HikariDataSource - HikariPool-1 - Start completed.
2026-04-11 14:16:48 [main] INFO  org.flywaydb.core.FlywayExecutor - Database: jdbc:sqlite:app.db (SQLite 3.50)
2026-04-11 14:16:48 [main] INFO  o.f.core.internal.command.DbValidate - Successfully validated 7 migrations (execution time 00:00.014s)
2026-04-11 14:16:48 [main] INFO  o.f.core.internal.command.DbMigrate - Current version of schema "main": 7
2026-04-11 14:16:48 [main] INFO  o.f.core.internal.command.DbMigrate - Schema "main" is up to date. No migration necessary.
2026-04-11 14:17:50 [main] INFO  com.zaxxer.hikari.HikariDataSource - HikariPool-1 - Starting...
2026-04-11 14:17:51 [main] INFO  com.zaxxer.hikari.pool.HikariPool - HikariPool-1 - Added connection org.sqlite.jdbc4.JDBC4Connection@61001b64
2026-04-11 14:17:51 [main] INFO  com.zaxxer.hikari.HikariDataSource - HikariPool-1 - Start completed.
2026-04-11 14:17:51 [main] INFO  org.flywaydb.core.FlywayExecutor - Database: jdbc:sqlite:app.db (SQLite 3.50)
2026-04-11 14:17:51 [main] INFO  o.f.core.internal.command.DbValidate - Successfully validated 7 migrations (execution time 00:00.014s)
2026-04-11 14:17:51 [main] INFO  o.f.core.internal.command.DbMigrate - Current version of schema "main": 7
2026-04-11 14:17:51 [main] INFO  o.f.core.internal.command.DbMigrate - Schema "main" is up to date. No migration necessary.
2026-04-11 14:19:39 [main] INFO  com.zaxxer.hikari.HikariDataSource - HikariPool-1 - Starting...
2026-04-11 14:19:39 [main] INFO  com.zaxxer.hikari.pool.HikariPool - HikariPool-1 - Added connection org.sqlite.jdbc4.JDBC4Connection@61001b64
2026-04-11 14:19:39 [main] INFO  com.zaxxer.hikari.HikariDataSource - HikariPool-1 - Start completed.
2026-04-11 14:19:40 [main] INFO  org.flywaydb.core.FlywayExecutor - Database: jdbc:sqlite:app.db (SQLite 3.50)
2026-04-11 14:19:40 [main] INFO  o.f.core.internal.command.DbValidate - Successfully validated 7 migrations (execution time 00:00.014s)
2026-04-11 14:19:40 [main] INFO  o.f.core.internal.command.DbMigrate - Current version of schema "main": 7
2026-04-11 14:19:40 [main] INFO  o.f.core.internal.command.DbMigrate - Schema "main" is up to date. No migration necessary.
2026-04-11 14:52:19 [main] INFO  com.zaxxer.hikari.HikariDataSource - HikariPool-1 - Starting...
2026-04-11 14:52:19 [main] INFO  com.zaxxer.hikari.pool.HikariPool - HikariPool-1 - Added connection org.sqlite.jdbc4.JDBC4Connection@61001b64
2026-04-11 14:52:19 [main] INFO  com.zaxxer.hikari.HikariDataSource - HikariPool-1 - Start completed.
2026-04-11 14:52:20 [main] INFO  org.flywaydb.core.FlywayExecutor - Database: jdbc:sqlite:app.db (SQLite 3.50)
2026-04-11 14:52:20 [main] INFO  o.f.core.internal.command.DbValidate - Successfully validated 7 migrations (execution time 00:00.014s)
2026-04-11 14:52:20 [main] INFO  o.f.core.internal.command.DbMigrate - Current version of schema "main": 7
2026-04-11 14:52:20 [main] INFO  o.f.core.internal.command.DbMigrate - Schema "main" is up to date. No migration necessary.
2026-04-11 14:54:49 [main] INFO  com.zaxxer.hikari.HikariDataSource - HikariPool-1 - Starting...
2026-04-11 14:54:49 [main] INFO  com.zaxxer.hikari.pool.HikariPool - HikariPool-1 - Added connection org.sqlite.jdbc4.JDBC4Connection@61001b64
2026-04-11 14:54:49 [main] INFO  com.zaxxer.hikari.HikariDataSource - HikariPool-1 - Start completed.
2026-04-11 14:54:49 [main] INFO  org.flywaydb.core.FlywayExecutor - Database: jdbc:sqlite:app.db (SQLite 3.50)
2026-04-11 14:54:49 [main] INFO  o.f.core.internal.command.DbValidate - Successfully validated 7 migrations (execution time 00:00.013s)
2026-04-11 14:54:49 [main] INFO  o.f.core.internal.command.DbMigrate - Current version of schema "main": 7
2026-04-11 14:54:49 [main] INFO  o.f.core.internal.command.DbMigrate - Schema "main" is up to date. No migration necessary.
2026-04-11 14:58:32 [main] INFO  com.zaxxer.hikari.HikariDataSource - HikariPool-1 - Starting...
2026-04-11 14:58:32 [main] INFO  com.zaxxer.hikari.pool.HikariPool - HikariPool-1 - Added connection org.sqlite.jdbc4.JDBC4Connection@61001b64
2026-04-11 14:58:32 [main] INFO  com.zaxxer.hikari.HikariDataSource - HikariPool-1 - Start completed.
2026-04-11 14:58:32 [main] INFO  org.flywaydb.core.FlywayExecutor - Database: jdbc:sqlite:app.db (SQLite 3.50)
2026-04-11 14:58:32 [main] INFO  o.f.core.internal.command.DbValidate - Successfully validated 7 migrations (execution time 00:00.014s)
2026-04-11 14:58:32 [main] INFO  o.f.core.internal.command.DbMigrate - Current version of schema "main": 7
2026-04-11 14:58:32 [main] INFO  o.f.core.internal.command.DbMigrate - Schema "main" is up to date. No migration necessary.
2026-04-11 15:13:43 [main] INFO  com.zaxxer.hikari.HikariDataSource - HikariPool-1 - Starting...
2026-04-11 15:13:43 [main] INFO  com.zaxxer.hikari.pool.HikariPool - HikariPool-1 - Added connection org.sqlite.jdbc4.JDBC4Connection@61001b64
2026-04-11 15:13:43 [main] INFO  com.zaxxer.hikari.HikariDataSource - HikariPool-1 - Start completed.
2026-04-11 15:13:43 [main] INFO  org.flywaydb.core.FlywayExecutor - Database: jdbc:sqlite:app.db (SQLite 3.50)
2026-04-11 15:13:43 [main] INFO  o.f.core.internal.command.DbValidate - Successfully validated 7 migrations (execution time 00:00.013s)
2026-04-11 15:13:43 [main] INFO  o.f.core.internal.command.DbMigrate - Current version of schema "main": 7
2026-04-11 15:13:43 [main] INFO  o.f.core.internal.command.DbMigrate - Schema "main" is up to date. No migration necessary.
2026-04-11 15:14:18 [main] INFO  com.zaxxer.hikari.HikariDataSource - HikariPool-1 - Starting...
2026-04-11 15:14:18 [main] INFO  com.zaxxer.hikari.pool.HikariPool - HikariPool-1 - Added connection org.sqlite.jdbc4.JDBC4Connection@61001b64
2026-04-11 15:14:18 [main] INFO  com.zaxxer.hikari.HikariDataSource - HikariPool-1 - Start completed.
2026-04-11 15:14:18 [main] INFO  org.flywaydb.core.FlywayExecutor - Database: jdbc:sqlite:app.db (SQLite 3.50)
2026-04-11 15:14:18 [main] INFO  o.f.core.internal.command.DbValidate - Successfully validated 7 migrations (execution time 00:00.013s)
2026-04-11 15:14:18 [main] INFO  o.f.core.internal.command.DbMigrate - Current version of schema "main": 7
2026-04-11 15:14:18 [main] INFO  o.f.core.internal.command.DbMigrate - Schema "main" is up to date. No migration necessary.
2026-04-11 15:14:44 [main] INFO  com.zaxxer.hikari.HikariDataSource - HikariPool-1 - Starting...
2026-04-11 15:14:44 [main] INFO  com.zaxxer.hikari.pool.HikariPool - HikariPool-1 - Added connection org.sqlite.jdbc4.JDBC4Connection@61001b64
2026-04-11 15:14:44 [main] INFO  com.zaxxer.hikari.HikariDataSource - HikariPool-1 - Start completed.
2026-04-11 15:14:45 [main] INFO  org.flywaydb.core.FlywayExecutor - Database: jdbc:sqlite:app.db (SQLite 3.50)
2026-04-11 15:14:45 [main] INFO  o.f.core.internal.command.DbValidate - Successfully validated 7 migrations (execution time 00:00.013s)
2026-04-11 15:14:45 [main] INFO  o.f.core.internal.command.DbMigrate - Current version of schema "main": 7
2026-04-11 15:14:45 [main] INFO  o.f.core.internal.command.DbMigrate - Schema "main" is up to date. No migration necessary.
2026-04-11 15:15:30 [main] INFO  com.zaxxer.hikari.HikariDataSource - HikariPool-1 - Starting...
2026-04-11 15:15:30 [main] INFO  com.zaxxer.hikari.pool.HikariPool - HikariPool-1 - Added connection org.sqlite.jdbc4.JDBC4Connection@61001b64
2026-04-11 15:15:30 [main] INFO  com.zaxxer.hikari.HikariDataSource - HikariPool-1 - Start completed.
2026-04-11 15:15:30 [main] INFO  org.flywaydb.core.FlywayExecutor - Database: jdbc:sqlite:app.db (SQLite 3.50)
2026-04-11 15:15:30 [main] INFO  o.f.core.internal.command.DbValidate - Successfully validated 7 migrations (execution time 00:00.012s)
2026-04-11 15:15:30 [main] INFO  o.f.core.internal.command.DbMigrate - Current version of schema "main": 7
2026-04-11 15:15:30 [main] INFO  o.f.core.internal.command.DbMigrate - Schema "main" is up to date. No migration necessary.
2026-04-11 15:18:34 [main] INFO  com.zaxxer.hikari.HikariDataSource - HikariPool-1 - Starting...
2026-04-11 15:18:34 [main] INFO  com.zaxxer.hikari.pool.HikariPool - HikariPool-1 - Added connection org.sqlite.jdbc4.JDBC4Connection@61001b64
2026-04-11 15:18:34 [main] INFO  com.zaxxer.hikari.HikariDataSource - HikariPool-1 - Start completed.
2026-04-11 15:18:34 [main] INFO  org.flywaydb.core.FlywayExecutor - Database: jdbc:sqlite:app.db (SQLite 3.50)
2026-04-11 15:18:34 [main] INFO  o.f.core.internal.command.DbValidate - Successfully validated 7 migrations (execution time 00:00.014s)
2026-04-11 15:18:34 [main] INFO  o.f.core.internal.command.DbMigrate - Current version of schema "main": 7
2026-04-11 15:18:34 [main] INFO  o.f.core.internal.command.DbMigrate - Schema "main" is up to date. No migration necessary.
2026-04-11 15:19:09 [main] INFO  com.zaxxer.hikari.HikariDataSource - HikariPool-1 - Starting...
2026-04-11 15:19:09 [main] INFO  com.zaxxer.hikari.pool.HikariPool - HikariPool-1 - Added connection org.sqlite.jdbc4.JDBC4Connection@61001b64
2026-04-11 15:19:09 [main] INFO  com.zaxxer.hikari.HikariDataSource - HikariPool-1 - Start completed.
2026-04-11 15:19:09 [main] INFO  org.flywaydb.core.FlywayExecutor - Database: jdbc:sqlite:app.db (SQLite 3.50)
2026-04-11 15:19:09 [main] INFO  o.f.core.internal.command.DbValidate - Successfully validated 7 migrations (execution time 00:00.012s)
2026-04-11 15:19:09 [main] INFO  o.f.core.internal.command.DbMigrate - Current version of schema "main": 7
2026-04-11 15:19:09 [main] INFO  o.f.core.internal.command.DbMigrate - Schema "main" is up to date. No migration necessary.
2026-04-11 15:19:26 [main] INFO  com.zaxxer.hikari.HikariDataSource - HikariPool-1 - Starting...
2026-04-11 15:19:26 [main] INFO  com.zaxxer.hikari.pool.HikariPool - HikariPool-1 - Added connection org.sqlite.jdbc4.JDBC4Connection@61001b64
2026-04-11 15:19:26 [main] INFO  com.zaxxer.hikari.HikariDataSource - HikariPool-1 - Start completed.
2026-04-11 15:19:26 [main] INFO  org.flywaydb.core.FlywayExecutor - Database: jdbc:sqlite:app.db (SQLite 3.50)
2026-04-11 15:19:26 [main] INFO  o.f.core.internal.command.DbValidate - Successfully validated 7 migrations (execution time 00:00.013s)
2026-04-11 15:19:26 [main] INFO  o.f.core.internal.command.DbMigrate - Current version of schema "main": 7
2026-04-11 15:19:26 [main] INFO  o.f.core.internal.command.DbMigrate - Schema "main" is up to date. No migration necessary.
2026-04-11 15:19:35 [main] INFO  com.zaxxer.hikari.HikariDataSource - HikariPool-1 - Starting...
2026-04-11 15:19:35 [main] INFO  com.zaxxer.hikari.pool.HikariPool - HikariPool-1 - Added connection org.sqlite.jdbc4.JDBC4Connection@61001b64
2026-04-11 15:19:35 [main] INFO  com.zaxxer.hikari.HikariDataSource - HikariPool-1 - Start completed.
2026-04-11 15:19:35 [main] INFO  org.flywaydb.core.FlywayExecutor - Database: jdbc:sqlite:app.db (SQLite 3.50)
2026-04-11 15:19:35 [main] INFO  o.f.core.internal.command.DbValidate - Successfully validated 7 migrations (execution time 00:00.014s)
2026-04-11 15:19:35 [main] INFO  o.f.core.internal.command.DbMigrate - Current version of schema "main": 7
2026-04-11 15:19:35 [main] INFO  o.f.core.internal.command.DbMigrate - Schema "main" is up to date. No migration necessary.
2026-04-11 15:19:51 [main] INFO  com.zaxxer.hikari.HikariDataSource - HikariPool-1 - Starting...
2026-04-11 15:19:51 [main] INFO  com.zaxxer.hikari.pool.HikariPool - HikariPool-1 - Added connection org.sqlite.jdbc4.JDBC4Connection@61001b64
2026-04-11 15:19:51 [main] INFO  com.zaxxer.hikari.HikariDataSource - HikariPool-1 - Start completed.
2026-04-11 15:19:52 [main] INFO  org.flywaydb.core.FlywayExecutor - Database: jdbc:sqlite:app.db (SQLite 3.50)
2026-04-11 15:19:52 [main] INFO  o.f.core.internal.command.DbValidate - Successfully validated 7 migrations (execution time 00:00.014s)
2026-04-11 15:19:52 [main] INFO  o.f.core.internal.command.DbMigrate - Current version of schema "main": 7
2026-04-11 15:19:52 [main] INFO  o.f.core.internal.command.DbMigrate - Schema "main" is up to date. No migration necessary.
2026-04-11 15:21:30 [main] INFO  com.zaxxer.hikari.HikariDataSource - HikariPool-1 - Starting...
2026-04-11 15:21:31 [main] INFO  com.zaxxer.hikari.pool.HikariPool - HikariPool-1 - Added connection org.sqlite.jdbc4.JDBC4Connection@61001b64
2026-04-11 15:21:31 [main] INFO  com.zaxxer.hikari.HikariDataSource - HikariPool-1 - Start completed.
2026-04-11 15:21:31 [main] INFO  org.flywaydb.core.FlywayExecutor - Database: jdbc:sqlite:app.db (SQLite 3.50)
2026-04-11 15:21:31 [main] INFO  o.f.core.internal.command.DbValidate - Successfully validated 7 migrations (execution time 00:00.014s)
2026-04-11 15:21:31 [main] INFO  o.f.core.internal.command.DbMigrate - Current version of schema "main": 7
2026-04-11 15:21:31 [main] INFO  o.f.core.internal.command.DbMigrate - Schema "main" is up to date. No migration necessary.
2026-04-11 15:24:01 [main] INFO  com.zaxxer.hikari.HikariDataSource - HikariPool-1 - Starting...
2026-04-11 15:24:01 [main] INFO  com.zaxxer.hikari.pool.HikariPool - HikariPool-1 - Added connection org.sqlite.jdbc4.JDBC4Connection@61001b64
2026-04-11 15:24:01 [main] INFO  com.zaxxer.hikari.HikariDataSource - HikariPool-1 - Start completed.
2026-04-11 15:24:01 [main] INFO  org.flywaydb.core.FlywayExecutor - Database: jdbc:sqlite:app.db (SQLite 3.50)
2026-04-11 15:24:01 [main] INFO  o.f.core.internal.command.DbValidate - Successfully validated 7 migrations (execution time 00:00.014s)
2026-04-11 15:24:01 [main] INFO  o.f.core.internal.command.DbMigrate - Current version of schema "main": 7
2026-04-11 15:24:01 [main] INFO  o.f.core.internal.command.DbMigrate - Schema "main" is up to date. No migration necessary.
2026-04-11 15:26:41 [main] INFO  com.zaxxer.hikari.HikariDataSource - HikariPool-1 - Starting...
2026-04-11 15:26:41 [main] INFO  com.zaxxer.hikari.pool.HikariPool - HikariPool-1 - Added connection org.sqlite.jdbc4.JDBC4Connection@61001b64
2026-04-11 15:26:41 [main] INFO  com.zaxxer.hikari.HikariDataSource - HikariPool-1 - Start completed.
2026-04-11 15:26:41 [main] INFO  org.flywaydb.core.FlywayExecutor - Database: jdbc:sqlite:app.db (SQLite 3.50)
2026-04-11 15:26:41 [main] INFO  o.f.core.internal.command.DbValidate - Successfully validated 7 migrations (execution time 00:00.013s)
2026-04-11 15:26:41 [main] INFO  o.f.core.internal.command.DbMigrate - Current version of schema "main": 7
2026-04-11 15:26:41 [main] INFO  o.f.core.internal.command.DbMigrate - Schema "main" is up to date. No migration necessary.
2026-04-11 15:30:14 [main] INFO  com.zaxxer.hikari.HikariDataSource - HikariPool-1 - Starting...
2026-04-11 15:30:14 [main] INFO  com.zaxxer.hikari.pool.HikariPool - HikariPool-1 - Added connection org.sqlite.jdbc4.JDBC4Connection@61001b64
2026-04-11 15:30:14 [main] INFO  com.zaxxer.hikari.HikariDataSource - HikariPool-1 - Start completed.
2026-04-11 15:30:14 [main] INFO  org.flywaydb.core.FlywayExecutor - Database: jdbc:sqlite:app.db (SQLite 3.50)
2026-04-11 15:30:14 [main] INFO  o.f.core.internal.command.DbValidate - Successfully validated 7 migrations (execution time 00:00.014s)
2026-04-11 15:30:14 [main] INFO  o.f.core.internal.command.DbMigrate - Current version of schema "main": 7
2026-04-11 15:30:14 [main] INFO  o.f.core.internal.command.DbMigrate - Schema "main" is up to date. No migration necessary.
2026-04-11 15:31:41 [main] INFO  com.zaxxer.hikari.HikariDataSource - HikariPool-1 - Starting...
2026-04-11 15:31:41 [main] INFO  com.zaxxer.hikari.pool.HikariPool - HikariPool-1 - Added connection org.sqlite.jdbc4.JDBC4Connection@61001b64
2026-04-11 15:31:41 [main] INFO  com.zaxxer.hikari.HikariDataSource - HikariPool-1 - Start completed.
2026-04-11 15:31:41 [main] INFO  org.flywaydb.core.FlywayExecutor - Database: jdbc:sqlite:app.db (SQLite 3.50)
2026-04-11 15:31:41 [main] INFO  o.f.core.internal.command.DbValidate - Successfully validated 7 migrations (execution time 00:00.014s)
2026-04-11 15:31:41 [main] INFO  o.f.core.internal.command.DbMigrate - Current version of schema "main": 7
2026-04-11 15:31:41 [main] INFO  o.f.core.internal.command.DbMigrate - Schema "main" is up to date. No migration necessary.
2026-04-11 15:32:09 [main] INFO  com.zaxxer.hikari.HikariDataSource - HikariPool-1 - Starting...
2026-04-11 15:32:09 [main] INFO  com.zaxxer.hikari.pool.HikariPool - HikariPool-1 - Added connection org.sqlite.jdbc4.JDBC4Connection@61001b64
2026-04-11 15:32:09 [main] INFO  com.zaxxer.hikari.HikariDataSource - HikariPool-1 - Start completed.
2026-04-11 15:32:09 [main] INFO  org.flywaydb.core.FlywayExecutor - Database: jdbc:sqlite:app.db (SQLite 3.50)
2026-04-11 15:32:09 [main] INFO  o.f.core.internal.command.DbValidate - Successfully validated 7 migrations (execution time 00:00.014s)
2026-04-11 15:32:09 [main] INFO  o.f.core.internal.command.DbMigrate - Current version of schema "main": 7
2026-04-11 15:32:09 [main] INFO  o.f.core.internal.command.DbMigrate - Schema "main" is up to date. No migration necessary.
2026-04-11 15:34:11 [main] INFO  com.zaxxer.hikari.HikariDataSource - HikariPool-1 - Starting...
2026-04-11 15:34:11 [main] INFO  com.zaxxer.hikari.pool.HikariPool - HikariPool-1 - Added connection org.sqlite.jdbc4.JDBC4Connection@61001b64
2026-04-11 15:34:11 [main] INFO  com.zaxxer.hikari.HikariDataSource - HikariPool-1 - Start completed.
2026-04-11 15:34:11 [main] INFO  org.flywaydb.core.FlywayExecutor - Database: jdbc:sqlite:app.db (SQLite 3.50)
2026-04-11 15:34:11 [main] INFO  o.f.core.internal.command.DbValidate - Successfully validated 7 migrations (execution time 00:00.015s)
2026-04-11 15:34:11 [main] INFO  o.f.core.internal.command.DbMigrate - Current version of schema "main": 7
2026-04-11 15:34:11 [main] INFO  o.f.core.internal.command.DbMigrate - Schema "main" is up to date. No migration necessary.
2026-04-11 15:37:44 [main] INFO  com.zaxxer.hikari.HikariDataSource - HikariPool-1 - Starting...
2026-04-11 15:37:44 [main] INFO  com.zaxxer.hikari.pool.HikariPool - HikariPool-1 - Added connection org.sqlite.jdbc4.JDBC4Connection@61001b64
2026-04-11 15:37:44 [main] INFO  com.zaxxer.hikari.HikariDataSource - HikariPool-1 - Start completed.
2026-04-11 15:37:45 [main] INFO  org.flywaydb.core.FlywayExecutor - Database: jdbc:sqlite:app.db (SQLite 3.50)
2026-04-11 15:37:45 [main] INFO  o.f.core.internal.command.DbValidate - Successfully validated 7 migrations (execution time 00:00.014s)
2026-04-11 15:37:45 [main] INFO  o.f.core.internal.command.DbMigrate - Current version of schema "main": 7
2026-04-11 15:37:45 [main] INFO  o.f.core.internal.command.DbMigrate - Schema "main" is up to date. No migration necessary.
2026-04-11 15:44:15 [main] INFO  com.zaxxer.hikari.HikariDataSource - HikariPool-1 - Starting...
2026-04-11 15:44:15 [main] INFO  com.zaxxer.hikari.pool.HikariPool - HikariPool-1 - Added connection org.sqlite.jdbc4.JDBC4Connection@61001b64
2026-04-11 15:44:15 [main] INFO  com.zaxxer.hikari.HikariDataSource - HikariPool-1 - Start completed.
2026-04-11 15:44:15 [main] INFO  org.flywaydb.core.FlywayExecutor - Database: jdbc:sqlite:app.db (SQLite 3.50)
2026-04-11 15:44:15 [main] INFO  o.f.core.internal.command.DbValidate - Successfully validated 7 migrations (execution time 00:00.012s)
2026-04-11 15:44:15 [main] INFO  o.f.core.internal.command.DbMigrate - Current version of schema "main": 7
2026-04-11 15:44:15 [main] INFO  o.f.core.internal.command.DbMigrate - Schema "main" is up to date. No migration necessary.
2026-04-11 16:19:43 [main] INFO  com.zaxxer.hikari.HikariDataSource - HikariPool-1 - Starting...
2026-04-11 16:19:43 [main] INFO  com.zaxxer.hikari.pool.HikariPool - HikariPool-1 - Added connection org.sqlite.jdbc4.JDBC4Connection@61001b64
2026-04-11 16:19:43 [main] INFO  com.zaxxer.hikari.HikariDataSource - HikariPool-1 - Start completed.
2026-04-11 16:19:44 [main] INFO  org.flywaydb.core.FlywayExecutor - Database: jdbc:sqlite:app.db (SQLite 3.50)
2026-04-11 16:19:44 [main] INFO  o.f.core.internal.command.DbValidate - Successfully validated 7 migrations (execution time 00:00.013s)
2026-04-11 16:19:44 [main] INFO  o.f.core.internal.command.DbMigrate - Current version of schema "main": 7
2026-04-11 16:19:44 [main] INFO  o.f.core.internal.command.DbMigrate - Schema "main" is up to date. No migration necessary.
2026-04-11 16:20:28 [main] INFO  com.zaxxer.hikari.HikariDataSource - HikariPool-1 - Starting...
2026-04-11 16:20:28 [main] INFO  com.zaxxer.hikari.pool.HikariPool - HikariPool-1 - Added connection org.sqlite.jdbc4.JDBC4Connection@61001b64
2026-04-11 16:20:28 [main] INFO  com.zaxxer.hikari.HikariDataSource - HikariPool-1 - Start completed.
2026-04-11 16:20:29 [main] INFO  org.flywaydb.core.FlywayExecutor - Database: jdbc:sqlite:app.db (SQLite 3.50)
2026-04-11 16:20:29 [main] INFO  o.f.core.internal.command.DbValidate - Successfully validated 7 migrations (execution time 00:00.013s)
2026-04-11 16:20:29 [main] INFO  o.f.core.internal.command.DbMigrate - Current version of schema "main": 7
2026-04-11 16:20:29 [main] INFO  o.f.core.internal.command.DbMigrate - Schema "main" is up to date. No migration necessary.
2026-04-11 16:36:02 [main] INFO  com.zaxxer.hikari.HikariDataSource - HikariPool-1 - Starting...
2026-04-11 16:36:02 [main] INFO  com.zaxxer.hikari.pool.HikariPool - HikariPool-1 - Added connection org.sqlite.jdbc4.JDBC4Connection@61001b64
2026-04-11 16:36:02 [main] INFO  com.zaxxer.hikari.HikariDataSource - HikariPool-1 - Start completed.
2026-04-11 16:36:02 [main] INFO  org.flywaydb.core.FlywayExecutor - Database: jdbc:sqlite:app.db (SQLite 3.50)
2026-04-11 16:36:02 [main] INFO  o.f.core.internal.command.DbValidate - Successfully validated 7 migrations (execution time 00:00.013s)
2026-04-11 16:36:02 [main] INFO  o.f.core.internal.command.DbMigrate - Current version of schema "main": 7
2026-04-11 16:36:02 [main] INFO  o.f.core.internal.command.DbMigrate - Schema "main" is up to date. No migration necessary.
2026-04-11 16:37:28 [main] INFO  com.zaxxer.hikari.HikariDataSource - HikariPool-1 - Starting...
2026-04-11 16:37:28 [main] INFO  com.zaxxer.hikari.pool.HikariPool - HikariPool-1 - Added connection org.sqlite.jdbc4.JDBC4Connection@61001b64
2026-04-11 16:37:28 [main] INFO  com.zaxxer.hikari.HikariDataSource - HikariPool-1 - Start completed.
2026-04-11 16:37:28 [main] INFO  org.flywaydb.core.FlywayExecutor - Database: jdbc:sqlite:app.db (SQLite 3.50)
2026-04-11 16:37:28 [main] INFO  o.f.core.internal.command.DbValidate - Successfully validated 7 migrations (execution time 00:00.014s)
2026-04-11 16:37:28 [main] INFO  o.f.core.internal.command.DbMigrate - Current version of schema "main": 7
2026-04-11 16:37:28 [main] INFO  o.f.core.internal.command.DbMigrate - Schema "main" is up to date. No migration necessary.
2026-04-11 16:38:06 [main] INFO  com.zaxxer.hikari.HikariDataSource - HikariPool-1 - Starting...
2026-04-11 16:38:07 [main] INFO  com.zaxxer.hikari.pool.HikariPool - HikariPool-1 - Added connection org.sqlite.jdbc4.JDBC4Connection@61001b64
2026-04-11 16:38:07 [main] INFO  com.zaxxer.hikari.HikariDataSource - HikariPool-1 - Start completed.
2026-04-11 16:38:07 [main] INFO  org.flywaydb.core.FlywayExecutor - Database: jdbc:sqlite:app.db (SQLite 3.50)
2026-04-11 16:38:07 [main] INFO  o.f.core.internal.command.DbValidate - Successfully validated 7 migrations (execution time 00:00.014s)
2026-04-11 16:38:07 [main] INFO  o.f.core.internal.command.DbMigrate - Current version of schema "main": 7
2026-04-11 16:38:07 [main] INFO  o.f.core.internal.command.DbMigrate - Schema "main" is up to date. No migration necessary.
2026-04-11 16:38:24 [main] INFO  com.zaxxer.hikari.HikariDataSource - HikariPool-1 - Starting...
2026-04-11 16:38:24 [main] INFO  com.zaxxer.hikari.pool.HikariPool - HikariPool-1 - Added connection org.sqlite.jdbc4.JDBC4Connection@61001b64
2026-04-11 16:38:24 [main] INFO  com.zaxxer.hikari.HikariDataSource - HikariPool-1 - Start completed.
2026-04-11 16:38:24 [main] INFO  org.flywaydb.core.FlywayExecutor - Database: jdbc:sqlite:app.db (SQLite 3.50)
2026-04-11 16:38:24 [main] INFO  o.f.core.internal.command.DbValidate - Successfully validated 7 migrations (execution time 00:00.013s)
2026-04-11 16:38:24 [main] INFO  o.f.core.internal.command.DbMigrate - Current version of schema "main": 7
2026-04-11 16:38:24 [main] INFO  o.f.core.internal.command.DbMigrate - Schema "main" is up to date. No migration necessary.
2026-04-11 16:39:37 [main] INFO  com.zaxxer.hikari.HikariDataSource - HikariPool-1 - Starting...
2026-04-11 16:39:38 [main] INFO  com.zaxxer.hikari.pool.HikariPool - HikariPool-1 - Added connection org.sqlite.jdbc4.JDBC4Connection@61001b64
2026-04-11 16:39:38 [main] INFO  com.zaxxer.hikari.HikariDataSource - HikariPool-1 - Start completed.
2026-04-11 16:39:38 [main] INFO  org.flywaydb.core.FlywayExecutor - Database: jdbc:sqlite:app.db (SQLite 3.50)
2026-04-11 16:39:38 [main] INFO  o.f.core.internal.command.DbValidate - Successfully validated 7 migrations (execution time 00:00.013s)
2026-04-11 16:39:38 [main] INFO  o.f.core.internal.command.DbMigrate - Current version of schema "main": 7
2026-04-11 16:39:38 [main] INFO  o.f.core.internal.command.DbMigrate - Schema "main" is up to date. No migration necessary.
2026-04-11 16:40:29 [main] INFO  com.zaxxer.hikari.HikariDataSource - HikariPool-1 - Starting...
2026-04-11 16:40:29 [main] INFO  com.zaxxer.hikari.pool.HikariPool - HikariPool-1 - Added connection org.sqlite.jdbc4.JDBC4Connection@61001b64
2026-04-11 16:40:29 [main] INFO  com.zaxxer.hikari.HikariDataSource - HikariPool-1 - Start completed.
2026-04-11 16:40:29 [main] INFO  org.flywaydb.core.FlywayExecutor - Database: jdbc:sqlite:app.db (SQLite 3.50)
2026-04-11 16:40:29 [main] INFO  o.f.core.internal.command.DbValidate - Successfully validated 7 migrations (execution time 00:00.013s)
2026-04-11 16:40:29 [main] INFO  o.f.core.internal.command.DbMigrate - Current version of schema "main": 7
2026-04-11 16:40:29 [main] INFO  o.f.core.internal.command.DbMigrate - Schema "main" is up to date. No migration necessary.
2026-04-11 16:41:01 [main] INFO  com.zaxxer.hikari.HikariDataSource - HikariPool-1 - Starting...
2026-04-11 16:41:01 [main] INFO  com.zaxxer.hikari.pool.HikariPool - HikariPool-1 - Added connection org.sqlite.jdbc4.JDBC4Connection@61001b64
2026-04-11 16:41:01 [main] INFO  com.zaxxer.hikari.HikariDataSource - HikariPool-1 - Start completed.
2026-04-11 16:41:01 [main] INFO  org.flywaydb.core.FlywayExecutor - Database: jdbc:sqlite:app.db (SQLite 3.50)
2026-04-11 16:41:01 [main] INFO  o.f.core.internal.command.DbValidate - Successfully validated 7 migrations (execution time 00:00.014s)
2026-04-11 16:41:01 [main] INFO  o.f.core.internal.command.DbMigrate - Current version of schema "main": 7
2026-04-11 16:41:01 [main] INFO  o.f.core.internal.command.DbMigrate - Schema "main" is up to date. No migration necessary.
2026-04-11 16:42:05 [main] INFO  com.zaxxer.hikari.HikariDataSource - HikariPool-1 - Starting...
2026-04-11 16:42:05 [main] INFO  com.zaxxer.hikari.pool.HikariPool - HikariPool-1 - Added connection org.sqlite.jdbc4.JDBC4Connection@61001b64
2026-04-11 16:42:05 [main] INFO  com.zaxxer.hikari.HikariDataSource - HikariPool-1 - Start completed.
2026-04-11 16:42:05 [main] INFO  org.flywaydb.core.FlywayExecutor - Database: jdbc:sqlite:app.db (SQLite 3.50)
2026-04-11 16:42:05 [main] INFO  o.f.core.internal.command.DbValidate - Successfully validated 7 migrations (execution time 00:00.013s)
2026-04-11 16:42:05 [main] INFO  o.f.core.internal.command.DbMigrate - Current version of schema "main": 7
2026-04-11 16:42:05 [main] INFO  o.f.core.internal.command.DbMigrate - Schema "main" is up to date. No migration necessary.
2026-04-11 16:43:55 [main] INFO  com.zaxxer.hikari.HikariDataSource - HikariPool-1 - Starting...
2026-04-11 16:43:55 [main] INFO  com.zaxxer.hikari.pool.HikariPool - HikariPool-1 - Added connection org.sqlite.jdbc4.JDBC4Connection@61001b64
2026-04-11 16:43:55 [main] INFO  com.zaxxer.hikari.HikariDataSource - HikariPool-1 - Start completed.
2026-04-11 16:43:55 [main] INFO  org.flywaydb.core.FlywayExecutor - Database: jdbc:sqlite:app.db (SQLite 3.50)
2026-04-11 16:43:55 [main] INFO  o.f.core.internal.command.DbValidate - Successfully validated 7 migrations (execution time 00:00.012s)
2026-04-11 16:43:55 [main] INFO  o.f.core.internal.command.DbMigrate - Current version of schema "main": 7
2026-04-11 16:43:55 [main] INFO  o.f.core.internal.command.DbMigrate - Schema "main" is up to date. No migration necessary.
2026-04-11 16:46:50 [main] INFO  com.zaxxer.hikari.HikariDataSource - HikariPool-1 - Starting...
2026-04-11 16:46:50 [main] INFO  com.zaxxer.hikari.pool.HikariPool - HikariPool-1 - Added connection org.sqlite.jdbc4.JDBC4Connection@61001b64
2026-04-11 16:46:50 [main] INFO  com.zaxxer.hikari.HikariDataSource - HikariPool-1 - Start completed.
2026-04-11 16:46:50 [main] INFO  org.flywaydb.core.FlywayExecutor - Database: jdbc:sqlite:app.db (SQLite 3.50)
2026-04-11 16:46:50 [main] INFO  o.f.core.internal.command.DbValidate - Successfully validated 7 migrations (execution time 00:00.014s)
2026-04-11 16:46:50 [main] INFO  o.f.core.internal.command.DbMigrate - Current version of schema "main": 7
2026-04-11 16:46:50 [main] INFO  o.f.core.internal.command.DbMigrate - Schema "main" is up to date. No migration necessary.
2026-04-11 16:48:45 [main] INFO  com.zaxxer.hikari.HikariDataSource - HikariPool-1 - Starting...
2026-04-11 16:48:45 [main] INFO  com.zaxxer.hikari.pool.HikariPool - HikariPool-1 - Added connection org.sqlite.jdbc4.JDBC4Connection@61001b64
2026-04-11 16:48:45 [main] INFO  com.zaxxer.hikari.HikariDataSource - HikariPool-1 - Start completed.
2026-04-11 16:48:45 [main] INFO  org.flywaydb.core.FlywayExecutor - Database: jdbc:sqlite:app.db (SQLite 3.50)
2026-04-11 16:48:45 [main] INFO  o.f.core.internal.command.DbValidate - Successfully validated 7 migrations (execution time 00:00.014s)
2026-04-11 16:48:45 [main] INFO  o.f.core.internal.command.DbMigrate - Current version of schema "main": 7
2026-04-11 16:48:45 [main] INFO  o.f.core.internal.command.DbMigrate - Schema "main" is up to date. No migration necessary.
2026-04-11 16:50:18 [main] INFO  com.zaxxer.hikari.HikariDataSource - HikariPool-1 - Starting...
2026-04-11 16:50:18 [main] INFO  com.zaxxer.hikari.pool.HikariPool - HikariPool-1 - Added connection org.sqlite.jdbc4.JDBC4Connection@61001b64
2026-04-11 16:50:18 [main] INFO  com.zaxxer.hikari.HikariDataSource - HikariPool-1 - Start completed.
2026-04-11 16:50:18 [main] INFO  org.flywaydb.core.FlywayExecutor - Database: jdbc:sqlite:app.db (SQLite 3.50)
2026-04-11 16:50:18 [main] INFO  o.f.core.internal.command.DbValidate - Successfully validated 7 migrations (execution time 00:00.013s)
2026-04-11 16:50:18 [main] INFO  o.f.core.internal.command.DbMigrate - Current version of schema "main": 7
2026-04-11 16:50:18 [main] INFO  o.f.core.internal.command.DbMigrate - Schema "main" is up to date. No migration necessary.
2026-04-11 17:01:20 [main] INFO  com.zaxxer.hikari.HikariDataSource - HikariPool-1 - Starting...
2026-04-11 17:01:20 [main] INFO  com.zaxxer.hikari.pool.HikariPool - HikariPool-1 - Added connection org.sqlite.jdbc4.JDBC4Connection@61001b64
2026-04-11 17:01:20 [main] INFO  com.zaxxer.hikari.HikariDataSource - HikariPool-1 - Start completed.
2026-04-11 17:01:20 [main] INFO  org.flywaydb.core.FlywayExecutor - Database: jdbc:sqlite:app.db (SQLite 3.50)
2026-04-11 17:01:20 [main] INFO  o.f.core.internal.command.DbValidate - Successfully validated 7 migrations (execution time 00:00.013s)
2026-04-11 17:01:20 [main] INFO  o.f.core.internal.command.DbMigrate - Current version of schema "main": 7
2026-04-11 17:01:20 [main] INFO  o.f.core.internal.command.DbMigrate - Schema "main" is up to date. No migration necessary.
2026-04-11 17:02:13 [main] INFO  com.zaxxer.hikari.HikariDataSource - HikariPool-1 - Starting...
2026-04-11 17:02:13 [main] INFO  com.zaxxer.hikari.pool.HikariPool - HikariPool-1 - Added connection org.sqlite.jdbc4.JDBC4Connection@61001b64
2026-04-11 17:02:13 [main] INFO  com.zaxxer.hikari.HikariDataSource - HikariPool-1 - Start completed.
2026-04-11 17:02:13 [main] INFO  org.flywaydb.core.FlywayExecutor - Database: jdbc:sqlite:app.db (SQLite 3.50)
2026-04-11 17:02:13 [main] INFO  o.f.core.internal.command.DbValidate - Successfully validated 7 migrations (execution time 00:00.013s)
2026-04-11 17:02:13 [main] INFO  o.f.core.internal.command.DbMigrate - Current version of schema "main": 7
2026-04-11 17:02:13 [main] INFO  o.f.core.internal.command.DbMigrate - Schema "main" is up to date. No migration necessary.
2026-04-11 17:05:29 [main] INFO  com.zaxxer.hikari.HikariDataSource - HikariPool-1 - Starting...
2026-04-11 17:05:29 [main] INFO  com.zaxxer.hikari.pool.HikariPool - HikariPool-1 - Added connection org.sqlite.jdbc4.JDBC4Connection@61001b64
2026-04-11 17:05:29 [main] INFO  com.zaxxer.hikari.HikariDataSource - HikariPool-1 - Start completed.
2026-04-11 17:05:29 [main] INFO  org.flywaydb.core.FlywayExecutor - Database: jdbc:sqlite:app.db (SQLite 3.50)
2026-04-11 17:05:29 [main] INFO  o.f.core.internal.command.DbValidate - Successfully validated 7 migrations (execution time 00:00.014s)
2026-04-11 17:05:29 [main] INFO  o.f.core.internal.command.DbMigrate - Current version of schema "main": 7
2026-04-11 17:05:29 [main] INFO  o.f.core.internal.command.DbMigrate - Schema "main" is up to date. No migration necessary.
2026-04-11 17:12:09 [main] INFO  com.zaxxer.hikari.HikariDataSource - HikariPool-1 - Starting...
2026-04-11 17:12:10 [main] INFO  com.zaxxer.hikari.pool.HikariPool - HikariPool-1 - Added connection org.sqlite.jdbc4.JDBC4Connection@61001b64
2026-04-11 17:12:10 [main] INFO  com.zaxxer.hikari.HikariDataSource - HikariPool-1 - Start completed.
2026-04-11 17:12:10 [main] INFO  org.flywaydb.core.FlywayExecutor - Database: jdbc:sqlite:app.db (SQLite 3.50)
2026-04-11 17:12:10 [main] INFO  o.f.core.internal.command.DbValidate - Successfully validated 7 migrations (execution time 00:00.014s)
2026-04-11 17:12:10 [main] INFO  o.f.core.internal.command.DbMigrate - Current version of schema "main": 7
2026-04-11 17:12:10 [main] INFO  o.f.core.internal.command.DbMigrate - Schema "main" is up to date. No migration necessary.
2026-04-11 17:14:08 [main] INFO  com.zaxxer.hikari.HikariDataSource - HikariPool-1 - Starting...
2026-04-11 17:14:08 [main] INFO  com.zaxxer.hikari.pool.HikariPool - HikariPool-1 - Added connection org.sqlite.jdbc4.JDBC4Connection@61001b64
2026-04-11 17:14:08 [main] INFO  com.zaxxer.hikari.HikariDataSource - HikariPool-1 - Start completed.
2026-04-11 17:14:08 [main] INFO  org.flywaydb.core.FlywayExecutor - Database: jdbc:sqlite:app.db (SQLite 3.50)
2026-04-11 17:14:08 [main] INFO  o.f.core.internal.command.DbValidate - Successfully validated 7 migrations (execution time 00:00.013s)
2026-04-11 17:14:08 [main] INFO  o.f.core.internal.command.DbMigrate - Current version of schema "main": 7
2026-04-11 17:14:08 [main] INFO  o.f.core.internal.command.DbMigrate - Schema "main" is up to date. No migration necessary.
2026-04-11 17:19:02 [main] INFO  com.zaxxer.hikari.HikariDataSource - HikariPool-1 - Starting...
2026-04-11 17:19:02 [main] INFO  com.zaxxer.hikari.pool.HikariPool - HikariPool-1 - Added connection org.sqlite.jdbc4.JDBC4Connection@61001b64
2026-04-11 17:19:02 [main] INFO  com.zaxxer.hikari.HikariDataSource - HikariPool-1 - Start completed.
2026-04-11 17:19:02 [main] INFO  org.flywaydb.core.FlywayExecutor - Database: jdbc:sqlite:app.db (SQLite 3.50)
2026-04-11 17:19:02 [main] INFO  o.f.core.internal.command.DbValidate - Successfully validated 7 migrations (execution time 00:00.013s)
2026-04-11 17:19:02 [main] INFO  o.f.core.internal.command.DbMigrate - Current version of schema "main": 7
2026-04-11 17:19:02 [main] INFO  o.f.core.internal.command.DbMigrate - Schema "main" is up to date. No migration necessary.
2026-04-11 17:20:59 [main] INFO  com.zaxxer.hikari.HikariDataSource - HikariPool-1 - Starting...
2026-04-11 17:20:59 [main] INFO  com.zaxxer.hikari.pool.HikariPool - HikariPool-1 - Added connection org.sqlite.jdbc4.JDBC4Connection@61001b64
2026-04-11 17:20:59 [main] INFO  com.zaxxer.hikari.HikariDataSource - HikariPool-1 - Start completed.
2026-04-11 17:20:59 [main] INFO  org.flywaydb.core.FlywayExecutor - Database: jdbc:sqlite:app.db (SQLite 3.50)
2026-04-11 17:20:59 [main] INFO  o.f.core.internal.command.DbValidate - Successfully validated 7 migrations (execution time 00:00.014s)
2026-04-11 17:20:59 [main] INFO  o.f.core.internal.command.DbMigrate - Current version of schema "main": 7
2026-04-11 17:20:59 [main] INFO  o.f.core.internal.command.DbMigrate - Schema "main" is up to date. No migration necessary.
2026-04-11 17:21:57 [main] INFO  com.zaxxer.hikari.HikariDataSource - HikariPool-1 - Starting...
2026-04-11 17:21:57 [main] INFO  com.zaxxer.hikari.pool.HikariPool - HikariPool-1 - Added connection org.sqlite.jdbc4.JDBC4Connection@61001b64
2026-04-11 17:21:57 [main] INFO  com.zaxxer.hikari.HikariDataSource - HikariPool-1 - Start completed.
2026-04-11 17:21:57 [main] INFO  org.flywaydb.core.FlywayExecutor - Database: jdbc:sqlite:app.db (SQLite 3.50)
2026-04-11 17:21:57 [main] INFO  o.f.core.internal.command.DbValidate - Successfully validated 7 migrations (execution time 00:00.013s)
2026-04-11 17:21:57 [main] INFO  o.f.core.internal.command.DbMigrate - Current version of schema "main": 7
2026-04-11 17:21:57 [main] INFO  o.f.core.internal.command.DbMigrate - Schema "main" is up to date. No migration necessary.
2026-04-11 17:23:08 [main] INFO  com.zaxxer.hikari.HikariDataSource - HikariPool-1 - Starting...
2026-04-11 17:23:08 [main] INFO  com.zaxxer.hikari.pool.HikariPool - HikariPool-1 - Added connection org.sqlite.jdbc4.JDBC4Connection@61001b64
2026-04-11 17:23:08 [main] INFO  com.zaxxer.hikari.HikariDataSource - HikariPool-1 - Start completed.
2026-04-11 17:23:08 [main] INFO  org.flywaydb.core.FlywayExecutor - Database: jdbc:sqlite:app.db (SQLite 3.50)
2026-04-11 17:23:08 [main] INFO  o.f.core.internal.command.DbValidate - Successfully validated 7 migrations (execution time 00:00.013s)
2026-04-11 17:23:08 [main] INFO  o.f.core.internal.command.DbMigrate - Current version of schema "main": 7
2026-04-11 17:23:08 [main] INFO  o.f.core.internal.command.DbMigrate - Schema "main" is up to date. No migration necessary.
2026-04-11 17:25:11 [main] INFO  com.zaxxer.hikari.HikariDataSource - HikariPool-1 - Starting...
2026-04-11 17:25:11 [main] INFO  com.zaxxer.hikari.pool.HikariPool - HikariPool-1 - Added connection org.sqlite.jdbc4.JDBC4Connection@61001b64
2026-04-11 17:25:11 [main] INFO  com.zaxxer.hikari.HikariDataSource - HikariPool-1 - Start completed.
2026-04-11 17:25:12 [main] INFO  org.flywaydb.core.FlywayExecutor - Database: jdbc:sqlite:app.db (SQLite 3.50)
2026-04-11 17:25:12 [main] INFO  o.f.core.internal.command.DbValidate - Successfully validated 7 migrations (execution time 00:00.015s)
2026-04-11 17:25:12 [main] INFO  o.f.core.internal.command.DbMigrate - Current version of schema "main": 7
2026-04-11 17:25:12 [main] INFO  o.f.core.internal.command.DbMigrate - Schema "main" is up to date. No migration necessary.
2026-04-11 17:27:02 [main] INFO  com.zaxxer.hikari.HikariDataSource - HikariPool-1 - Starting...
2026-04-11 17:27:02 [main] INFO  com.zaxxer.hikari.pool.HikariPool - HikariPool-1 - Added connection org.sqlite.jdbc4.JDBC4Connection@61001b64
2026-04-11 17:27:02 [main] INFO  com.zaxxer.hikari.HikariDataSource - HikariPool-1 - Start completed.
2026-04-11 17:27:02 [main] INFO  org.flywaydb.core.FlywayExecutor - Database: jdbc:sqlite:app.db (SQLite 3.50)
2026-04-11 17:27:02 [main] INFO  o.f.core.internal.command.DbValidate - Successfully validated 7 migrations (execution time 00:00.017s)
2026-04-11 17:27:02 [main] INFO  o.f.core.internal.command.DbMigrate - Current version of schema "main": 7
2026-04-11 17:27:02 [main] INFO  o.f.core.internal.command.DbMigrate - Schema "main" is up to date. No migration necessary.
2026-04-11 17:43:52 [main] INFO  com.zaxxer.hikari.HikariDataSource - HikariPool-1 - Starting...
2026-04-11 17:43:52 [main] INFO  com.zaxxer.hikari.pool.HikariPool - HikariPool-1 - Added connection org.sqlite.jdbc4.JDBC4Connection@61001b64
2026-04-11 17:43:52 [main] INFO  com.zaxxer.hikari.HikariDataSource - HikariPool-1 - Start completed.
2026-04-11 17:43:52 [main] INFO  org.flywaydb.core.FlywayExecutor - Database: jdbc:sqlite:app.db (SQLite 3.50)
2026-04-11 17:43:52 [main] INFO  o.f.core.internal.command.DbValidate - Successfully validated 7 migrations (execution time 00:00.013s)
2026-04-11 17:43:52 [main] INFO  o.f.core.internal.command.DbMigrate - Current version of schema "main": 7
2026-04-11 17:43:52 [main] INFO  o.f.core.internal.command.DbMigrate - Schema "main" is up to date. No migration necessary.
2026-04-11 17:44:50 [main] INFO  com.zaxxer.hikari.HikariDataSource - HikariPool-1 - Starting...
2026-04-11 17:44:51 [main] INFO  com.zaxxer.hikari.pool.HikariPool - HikariPool-1 - Added connection org.sqlite.jdbc4.JDBC4Connection@61001b64
2026-04-11 17:44:51 [main] INFO  com.zaxxer.hikari.HikariDataSource - HikariPool-1 - Start completed.
2026-04-11 17:44:51 [main] INFO  org.flywaydb.core.FlywayExecutor - Database: jdbc:sqlite:app.db (SQLite 3.50)
2026-04-11 17:44:51 [main] INFO  o.f.core.internal.command.DbValidate - Successfully validated 7 migrations (execution time 00:00.013s)
2026-04-11 17:44:51 [main] INFO  o.f.core.internal.command.DbMigrate - Current version of schema "main": 7
2026-04-11 17:44:51 [main] INFO  o.f.core.internal.command.DbMigrate - Schema "main" is up to date. No migration necessary.
2026-04-11 17:49:44 [main] INFO  com.zaxxer.hikari.HikariDataSource - HikariPool-1 - Starting...
2026-04-11 17:49:44 [main] INFO  com.zaxxer.hikari.pool.HikariPool - HikariPool-1 - Added connection org.sqlite.jdbc4.JDBC4Connection@61001b64
2026-04-11 17:49:44 [main] INFO  com.zaxxer.hikari.HikariDataSource - HikariPool-1 - Start completed.
2026-04-11 17:49:44 [main] INFO  org.flywaydb.core.FlywayExecutor - Database: jdbc:sqlite:app.db (SQLite 3.50)
2026-04-11 17:49:44 [main] INFO  o.f.core.internal.command.DbValidate - Successfully validated 7 migrations (execution time 00:00.013s)
2026-04-11 17:49:44 [main] INFO  o.f.core.internal.command.DbMigrate - Current version of schema "main": 7
2026-04-11 17:49:44 [main] INFO  o.f.core.internal.command.DbMigrate - Schema "main" is up to date. No migration necessary.
2026-04-11 17:52:03 [main] INFO  com.zaxxer.hikari.HikariDataSource - HikariPool-1 - Starting...
2026-04-11 17:52:03 [main] INFO  com.zaxxer.hikari.pool.HikariPool - HikariPool-1 - Added connection org.sqlite.jdbc4.JDBC4Connection@61001b64
2026-04-11 17:52:03 [main] INFO  com.zaxxer.hikari.HikariDataSource - HikariPool-1 - Start completed.
2026-04-11 17:52:03 [main] INFO  org.flywaydb.core.FlywayExecutor - Database: jdbc:sqlite:app.db (SQLite 3.50)
2026-04-11 17:52:03 [main] INFO  o.f.core.internal.command.DbValidate - Successfully validated 7 migrations (execution time 00:00.013s)
2026-04-11 17:52:03 [main] INFO  o.f.core.internal.command.DbMigrate - Current version of schema "main": 7
2026-04-11 17:52:03 [main] INFO  o.f.core.internal.command.DbMigrate - Schema "main" is up to date. No migration necessary.
2026-04-11 17:53:42 [main] INFO  com.zaxxer.hikari.HikariDataSource - HikariPool-1 - Starting...
2026-04-11 17:53:42 [main] INFO  com.zaxxer.hikari.pool.HikariPool - HikariPool-1 - Added connection org.sqlite.jdbc4.JDBC4Connection@61001b64
2026-04-11 17:53:42 [main] INFO  com.zaxxer.hikari.HikariDataSource - HikariPool-1 - Start completed.
2026-04-11 17:53:42 [main] INFO  org.flywaydb.core.FlywayExecutor - Database: jdbc:sqlite:app.db (SQLite 3.50)
2026-04-11 17:53:42 [main] INFO  o.f.core.internal.command.DbValidate - Successfully validated 7 migrations (execution time 00:00.013s)
2026-04-11 17:53:42 [main] INFO  o.f.core.internal.command.DbMigrate - Current version of schema "main": 7
2026-04-11 17:53:42 [main] INFO  o.f.core.internal.command.DbMigrate - Schema "main" is up to date. No migration necessary.
2026-04-11 17:54:45 [main] INFO  com.zaxxer.hikari.HikariDataSource - HikariPool-1 - Starting...
2026-04-11 17:54:45 [main] INFO  com.zaxxer.hikari.pool.HikariPool - HikariPool-1 - Added connection org.sqlite.jdbc4.JDBC4Connection@61001b64
2026-04-11 17:54:45 [main] INFO  com.zaxxer.hikari.HikariDataSource - HikariPool-1 - Start completed.
2026-04-11 17:54:45 [main] INFO  org.flywaydb.core.FlywayExecutor - Database: jdbc:sqlite:app.db (SQLite 3.50)
2026-04-11 17:54:45 [main] INFO  o.f.core.internal.command.DbValidate - Successfully validated 7 migrations (execution time 00:00.016s)
2026-04-11 17:54:45 [main] INFO  o.f.core.internal.command.DbMigrate - Current version of schema "main": 7
2026-04-11 17:54:45 [main] INFO  o.f.core.internal.command.DbMigrate - Schema "main" is up to date. No migration necessary.
2026-04-11 17:56:34 [main] INFO  com.zaxxer.hikari.HikariDataSource - HikariPool-1 - Starting...
2026-04-11 17:56:34 [main] INFO  com.zaxxer.hikari.pool.HikariPool - HikariPool-1 - Added connection org.sqlite.jdbc4.JDBC4Connection@61001b64
2026-04-11 17:56:34 [main] INFO  com.zaxxer.hikari.HikariDataSource - HikariPool-1 - Start completed.
2026-04-11 17:56:34 [main] INFO  org.flywaydb.core.FlywayExecutor - Database: jdbc:sqlite:app.db (SQLite 3.50)
2026-04-11 17:56:34 [main] INFO  o.f.core.internal.command.DbValidate - Successfully validated 7 migrations (execution time 00:00.014s)
2026-04-11 17:56:34 [main] INFO  o.f.core.internal.command.DbMigrate - Current version of schema "main": 7
2026-04-11 17:56:34 [main] INFO  o.f.core.internal.command.DbMigrate - Schema "main" is up to date. No migration necessary.
2026-04-11 17:58:18 [main] INFO  com.zaxxer.hikari.HikariDataSource - HikariPool-1 - Starting...
2026-04-11 17:58:18 [main] INFO  com.zaxxer.hikari.pool.HikariPool - HikariPool-1 - Added connection org.sqlite.jdbc4.JDBC4Connection@61001b64
2026-04-11 17:58:18 [main] INFO  com.zaxxer.hikari.HikariDataSource - HikariPool-1 - Start completed.
2026-04-11 17:58:18 [main] INFO  org.flywaydb.core.FlywayExecutor - Database: jdbc:sqlite:app.db (SQLite 3.50)
2026-04-11 17:58:18 [main] INFO  o.f.core.internal.command.DbValidate - Successfully validated 7 migrations (execution time 00:00.014s)
2026-04-11 17:58:18 [main] INFO  o.f.core.internal.command.DbMigrate - Current version of schema "main": 7
2026-04-11 17:58:18 [main] INFO  o.f.core.internal.command.DbMigrate - Schema "main" is up to date. No migration necessary.
2026-04-11 17:58:31 [main] INFO  com.zaxxer.hikari.HikariDataSource - HikariPool-1 - Starting...
2026-04-11 17:58:31 [main] INFO  com.zaxxer.hikari.pool.HikariPool - HikariPool-1 - Added connection org.sqlite.jdbc4.JDBC4Connection@61001b64
2026-04-11 17:58:31 [main] INFO  com.zaxxer.hikari.HikariDataSource - HikariPool-1 - Start completed.
2026-04-11 17:58:31 [main] INFO  org.flywaydb.core.FlywayExecutor - Database: jdbc:sqlite:app.db (SQLite 3.50)
2026-04-11 17:58:31 [main] INFO  o.f.core.internal.command.DbValidate - Successfully validated 7 migrations (execution time 00:00.014s)
2026-04-11 17:58:31 [main] INFO  o.f.core.internal.command.DbMigrate - Current version of schema "main": 7
2026-04-11 17:58:31 [main] INFO  o.f.core.internal.command.DbMigrate - Schema "main" is up to date. No migration necessary.
2026-04-11 17:59:21 [main] INFO  com.zaxxer.hikari.HikariDataSource - HikariPool-1 - Starting...
2026-04-11 17:59:21 [main] INFO  com.zaxxer.hikari.pool.HikariPool - HikariPool-1 - Added connection org.sqlite.jdbc4.JDBC4Connection@61001b64
2026-04-11 17:59:21 [main] INFO  com.zaxxer.hikari.HikariDataSource - HikariPool-1 - Start completed.
2026-04-11 17:59:21 [main] INFO  org.flywaydb.core.FlywayExecutor - Database: jdbc:sqlite:app.db (SQLite 3.50)
2026-04-11 17:59:21 [main] INFO  o.f.core.internal.command.DbValidate - Successfully validated 7 migrations (execution time 00:00.013s)
2026-04-11 17:59:21 [main] INFO  o.f.core.internal.command.DbMigrate - Current version of schema "main": 7
2026-04-11 17:59:21 [main] INFO  o.f.core.internal.command.DbMigrate - Schema "main" is up to date. No migration necessary.
2026-04-11 18:00:30 [main] INFO  com.zaxxer.hikari.HikariDataSource - HikariPool-1 - Starting...
2026-04-11 18:00:30 [main] INFO  com.zaxxer.hikari.pool.HikariPool - HikariPool-1 - Added connection org.sqlite.jdbc4.JDBC4Connection@61001b64
2026-04-11 18:00:30 [main] INFO  com.zaxxer.hikari.HikariDataSource - HikariPool-1 - Start completed.
2026-04-11 18:00:30 [main] INFO  org.flywaydb.core.FlywayExecutor - Database: jdbc:sqlite:app.db (SQLite 3.50)
2026-04-11 18:00:30 [main] INFO  o.f.core.internal.command.DbValidate - Successfully validated 7 migrations (execution time 00:00.019s)
2026-04-11 18:00:30 [main] INFO  o.f.core.internal.command.DbMigrate - Current version of schema "main": 7
2026-04-11 18:00:30 [main] INFO  o.f.core.internal.command.DbMigrate - Schema "main" is up to date. No migration necessary.
2026-04-11 18:01:00 [main] INFO  com.zaxxer.hikari.HikariDataSource - HikariPool-1 - Starting...
2026-04-11 18:01:00 [main] INFO  com.zaxxer.hikari.pool.HikariPool - HikariPool-1 - Added connection org.sqlite.jdbc4.JDBC4Connection@61001b64
2026-04-11 18:01:00 [main] INFO  com.zaxxer.hikari.HikariDataSource - HikariPool-1 - Start completed.
2026-04-11 18:01:00 [main] INFO  org.flywaydb.core.FlywayExecutor - Database: jdbc:sqlite:app.db (SQLite 3.50)
2026-04-11 18:01:00 [main] INFO  o.f.core.internal.command.DbValidate - Successfully validated 7 migrations (execution time 00:00.013s)
2026-04-11 18:01:00 [main] INFO  o.f.core.internal.command.DbMigrate - Current version of schema "main": 7
2026-04-11 18:01:00 [main] INFO  o.f.core.internal.command.DbMigrate - Schema "main" is up to date. No migration necessary.
2026-04-11 18:01:26 [main] INFO  com.zaxxer.hikari.HikariDataSource - HikariPool-1 - Starting...
2026-04-11 18:01:26 [main] INFO  com.zaxxer.hikari.pool.HikariPool - HikariPool-1 - Added connection org.sqlite.jdbc4.JDBC4Connection@61001b64
2026-04-11 18:01:26 [main] INFO  com.zaxxer.hikari.HikariDataSource - HikariPool-1 - Start completed.
2026-04-11 18:01:26 [main] INFO  org.flywaydb.core.FlywayExecutor - Database: jdbc:sqlite:app.db (SQLite 3.50)
2026-04-11 18:01:26 [main] INFO  o.f.core.internal.command.DbValidate - Successfully validated 7 migrations (execution time 00:00.015s)
2026-04-11 18:01:26 [main] INFO  o.f.core.internal.command.DbMigrate - Current version of schema "main": 7
2026-04-11 18:01:26 [main] INFO  o.f.core.internal.command.DbMigrate - Schema "main" is up to date. No migration necessary.
2026-04-11 18:02:41 [main] INFO  com.zaxxer.hikari.HikariDataSource - HikariPool-1 - Starting...
2026-04-11 18:02:41 [main] INFO  com.zaxxer.hikari.pool.HikariPool - HikariPool-1 - Added connection org.sqlite.jdbc4.JDBC4Connection@61001b64
2026-04-11 18:02:41 [main] INFO  com.zaxxer.hikari.HikariDataSource - HikariPool-1 - Start completed.
2026-04-11 18:02:41 [main] INFO  org.flywaydb.core.FlywayExecutor - Database: jdbc:sqlite:app.db (SQLite 3.50)
2026-04-11 18:02:41 [main] INFO  o.f.core.internal.command.DbValidate - Successfully validated 7 migrations (execution time 00:00.015s)
2026-04-11 18:02:41 [main] INFO  o.f.core.internal.command.DbMigrate - Current version of schema "main": 7
2026-04-11 18:02:41 [main] INFO  o.f.core.internal.command.DbMigrate - Schema "main" is up to date. No migration necessary.
2026-04-11 18:05:17 [main] INFO  com.zaxxer.hikari.HikariDataSource - HikariPool-1 - Starting...
2026-04-11 18:05:17 [main] INFO  com.zaxxer.hikari.pool.HikariPool - HikariPool-1 - Added connection org.sqlite.jdbc4.JDBC4Connection@61001b64
2026-04-11 18:05:17 [main] INFO  com.zaxxer.hikari.HikariDataSource - HikariPool-1 - Start completed.
2026-04-11 18:05:17 [main] INFO  org.flywaydb.core.FlywayExecutor - Database: jdbc:sqlite:app.db (SQLite 3.50)
2026-04-11 18:05:17 [main] INFO  o.f.core.internal.command.DbValidate - Successfully validated 7 migrations (execution time 00:00.013s)
2026-04-11 18:05:17 [main] INFO  o.f.core.internal.command.DbMigrate - Current version of schema "main": 7
2026-04-11 18:05:17 [main] INFO  o.f.core.internal.command.DbMigrate - Schema "main" is up to date. No migration necessary.
2026-04-11 18:06:53 [main] INFO  com.zaxxer.hikari.HikariDataSource - HikariPool-1 - Starting...
2026-04-11 18:06:53 [main] INFO  com.zaxxer.hikari.pool.HikariPool - HikariPool-1 - Added connection org.sqlite.jdbc4.JDBC4Connection@61001b64
2026-04-11 18:06:53 [main] INFO  com.zaxxer.hikari.HikariDataSource - HikariPool-1 - Start completed.
2026-04-11 18:06:54 [main] INFO  org.flywaydb.core.FlywayExecutor - Database: jdbc:sqlite:app.db (SQLite 3.50)
2026-04-11 18:06:54 [main] INFO  o.f.core.internal.command.DbValidate - Successfully validated 7 migrations (execution time 00:00.014s)
2026-04-11 18:06:54 [main] INFO  o.f.core.internal.command.DbMigrate - Current version of schema "main": 7
2026-04-11 18:06:54 [main] INFO  o.f.core.internal.command.DbMigrate - Schema "main" is up to date. No migration necessary.
2026-04-11 18:09:06 [main] INFO  com.zaxxer.hikari.HikariDataSource - HikariPool-1 - Starting...
2026-04-11 18:09:07 [main] INFO  com.zaxxer.hikari.pool.HikariPool - HikariPool-1 - Added connection org.sqlite.jdbc4.JDBC4Connection@61001b64
2026-04-11 18:09:07 [main] INFO  com.zaxxer.hikari.HikariDataSource - HikariPool-1 - Start completed.
2026-04-11 18:09:07 [main] INFO  org.flywaydb.core.FlywayExecutor - Database: jdbc:sqlite:app.db (SQLite 3.50)
2026-04-11 18:09:07 [main] INFO  o.f.core.internal.command.DbValidate - Successfully validated 7 migrations (execution time 00:00.013s)
2026-04-11 18:09:07 [main] INFO  o.f.core.internal.command.DbMigrate - Current version of schema "main": 7
2026-04-11 18:09:07 [main] INFO  o.f.core.internal.command.DbMigrate - Schema "main" is up to date. No migration necessary.
2026-04-11 18:09:28 [main] INFO  com.zaxxer.hikari.HikariDataSource - HikariPool-1 - Starting...
2026-04-11 18:09:28 [main] INFO  com.zaxxer.hikari.pool.HikariPool - HikariPool-1 - Added connection org.sqlite.jdbc4.JDBC4Connection@61001b64
2026-04-11 18:09:28 [main] INFO  com.zaxxer.hikari.HikariDataSource - HikariPool-1 - Start completed.
2026-04-11 18:09:28 [main] INFO  org.flywaydb.core.FlywayExecutor - Database: jdbc:sqlite:app.db (SQLite 3.50)
2026-04-11 18:09:28 [main] INFO  o.f.core.internal.command.DbValidate - Successfully validated 7 migrations (execution time 00:00.012s)
2026-04-11 18:09:28 [main] INFO  o.f.core.internal.command.DbMigrate - Current version of schema "main": 7
2026-04-11 18:09:28 [main] INFO  o.f.core.internal.command.DbMigrate - Schema "main" is up to date. No migration necessary.
2026-04-11 18:10:47 [main] INFO  com.zaxxer.hikari.HikariDataSource - HikariPool-1 - Starting...
2026-04-11 18:10:47 [main] INFO  com.zaxxer.hikari.pool.HikariPool - HikariPool-1 - Added connection org.sqlite.jdbc4.JDBC4Connection@61001b64
2026-04-11 18:10:47 [main] INFO  com.zaxxer.hikari.HikariDataSource - HikariPool-1 - Start completed.
2026-04-11 18:10:47 [main] INFO  org.flywaydb.core.FlywayExecutor - Database: jdbc:sqlite:app.db (SQLite 3.50)
2026-04-11 18:10:47 [main] INFO  o.f.core.internal.command.DbValidate - Successfully validated 7 migrations (execution time 00:00.013s)
2026-04-11 18:10:47 [main] INFO  o.f.core.internal.command.DbMigrate - Current version of schema "main": 7
2026-04-11 18:10:47 [main] INFO  o.f.core.internal.command.DbMigrate - Schema "main" is up to date. No migration necessary.
2026-04-11 18:16:39 [main] INFO  com.zaxxer.hikari.HikariDataSource - HikariPool-1 - Starting...
2026-04-11 18:16:39 [main] INFO  com.zaxxer.hikari.pool.HikariPool - HikariPool-1 - Added connection org.sqlite.jdbc4.JDBC4Connection@61001b64
2026-04-11 18:16:39 [main] INFO  com.zaxxer.hikari.HikariDataSource - HikariPool-1 - Start completed.
2026-04-11 18:16:40 [main] INFO  org.flywaydb.core.FlywayExecutor - Database: jdbc:sqlite:app.db (SQLite 3.50)
2026-04-11 18:16:40 [main] INFO  o.f.core.internal.command.DbValidate - Successfully validated 7 migrations (execution time 00:00.014s)
2026-04-11 18:16:40 [main] INFO  o.f.core.internal.command.DbMigrate - Current version of schema "main": 7
2026-04-11 18:16:40 [main] INFO  o.f.core.internal.command.DbMigrate - Schema "main" is up to date. No migration necessary.
2026-04-11 18:18:41 [main] INFO  com.zaxxer.hikari.HikariDataSource - HikariPool-1 - Starting...
2026-04-11 18:18:41 [main] INFO  com.zaxxer.hikari.pool.HikariPool - HikariPool-1 - Added connection org.sqlite.jdbc4.JDBC4Connection@61001b64
2026-04-11 18:18:41 [main] INFO  com.zaxxer.hikari.HikariDataSource - HikariPool-1 - Start completed.
2026-04-11 18:18:41 [main] INFO  org.flywaydb.core.FlywayExecutor - Database: jdbc:sqlite:app.db (SQLite 3.50)
2026-04-11 18:18:41 [main] INFO  o.f.core.internal.command.DbValidate - Successfully validated 7 migrations (execution time 00:00.013s)
2026-04-11 18:18:41 [main] INFO  o.f.core.internal.command.DbMigrate - Current version of schema "main": 7
2026-04-11 18:18:41 [main] INFO  o.f.core.internal.command.DbMigrate - Schema "main" is up to date. No migration necessary.
2026-04-11 18:21:12 [main] INFO  com.zaxxer.hikari.HikariDataSource - HikariPool-1 - Starting...
2026-04-11 18:21:12 [main] INFO  com.zaxxer.hikari.pool.HikariPool - HikariPool-1 - Added connection org.sqlite.jdbc4.JDBC4Connection@61001b64
2026-04-11 18:21:12 [main] INFO  com.zaxxer.hikari.HikariDataSource - HikariPool-1 - Start completed.
2026-04-11 18:21:13 [main] INFO  org.flywaydb.core.FlywayExecutor - Database: jdbc:sqlite:app.db (SQLite 3.50)
2026-04-11 18:21:13 [main] INFO  o.f.core.internal.command.DbValidate - Successfully validated 7 migrations (execution time 00:00.015s)
2026-04-11 18:21:13 [main] INFO  o.f.core.internal.command.DbMigrate - Current version of schema "main": 7
2026-04-11 18:21:13 [main] INFO  o.f.core.internal.command.DbMigrate - Schema "main" is up to date. No migration necessary.
2026-04-11 18:24:07 [main] INFO  com.zaxxer.hikari.HikariDataSource - HikariPool-1 - Starting...
2026-04-11 18:24:07 [main] INFO  com.zaxxer.hikari.pool.HikariPool - HikariPool-1 - Added connection org.sqlite.jdbc4.JDBC4Connection@61001b64
2026-04-11 18:24:07 [main] INFO  com.zaxxer.hikari.HikariDataSource - HikariPool-1 - Start completed.
2026-04-11 18:24:07 [main] INFO  org.flywaydb.core.FlywayExecutor - Database: jdbc:sqlite:app.db (SQLite 3.50)
2026-04-11 18:24:07 [main] INFO  o.f.core.internal.command.DbValidate - Successfully validated 7 migrations (execution time 00:00.016s)
2026-04-11 18:24:07 [main] INFO  o.f.core.internal.command.DbMigrate - Current version of schema "main": 7
2026-04-11 18:24:07 [main] INFO  o.f.core.internal.command.DbMigrate - Schema "main" is up to date. No migration necessary.
2026-04-11 18:28:04 [main] INFO  com.zaxxer.hikari.HikariDataSource - HikariPool-1 - Starting...
2026-04-11 18:28:05 [main] INFO  com.zaxxer.hikari.pool.HikariPool - HikariPool-1 - Added connection org.sqlite.jdbc4.JDBC4Connection@61001b64
2026-04-11 18:28:05 [main] INFO  com.zaxxer.hikari.HikariDataSource - HikariPool-1 - Start completed.
2026-04-11 18:28:05 [main] INFO  org.flywaydb.core.FlywayExecutor - Database: jdbc:sqlite:app.db (SQLite 3.50)
2026-04-11 18:28:05 [main] INFO  o.f.core.internal.command.DbValidate - Successfully validated 7 migrations (execution time 00:00.014s)
2026-04-11 18:28:05 [main] INFO  o.f.core.internal.command.DbMigrate - Current version of schema "main": 7
2026-04-11 18:28:05 [main] INFO  o.f.core.internal.command.DbMigrate - Schema "main" is up to date. No migration necessary.
2026-04-11 18:32:24 [main] INFO  com.zaxxer.hikari.HikariDataSource - HikariPool-1 - Starting...
2026-04-11 18:32:24 [main] INFO  com.zaxxer.hikari.pool.HikariPool - HikariPool-1 - Added connection org.sqlite.jdbc4.JDBC4Connection@61001b64
2026-04-11 18:32:24 [main] INFO  com.zaxxer.hikari.HikariDataSource - HikariPool-1 - Start completed.
2026-04-11 18:32:24 [main] INFO  org.flywaydb.core.FlywayExecutor - Database: jdbc:sqlite:app.db (SQLite 3.50)
2026-04-11 18:32:24 [main] INFO  o.f.core.internal.command.DbValidate - Successfully validated 7 migrations (execution time 00:00.013s)
2026-04-11 18:32:24 [main] INFO  o.f.core.internal.command.DbMigrate - Current version of schema "main": 7
2026-04-11 18:32:24 [main] INFO  o.f.core.internal.command.DbMigrate - Schema "main" is up to date. No migration necessary.
2026-04-11 18:34:37 [main] INFO  com.zaxxer.hikari.HikariDataSource - HikariPool-1 - Starting...
2026-04-11 18:34:37 [main] INFO  com.zaxxer.hikari.pool.HikariPool - HikariPool-1 - Added connection org.sqlite.jdbc4.JDBC4Connection@61001b64
2026-04-11 18:34:37 [main] INFO  com.zaxxer.hikari.HikariDataSource - HikariPool-1 - Start completed.
2026-04-11 18:34:37 [main] INFO  org.flywaydb.core.FlywayExecutor - Database: jdbc:sqlite:app.db (SQLite 3.50)
2026-04-11 18:34:37 [main] INFO  o.f.core.internal.command.DbValidate - Successfully validated 7 migrations (execution time 00:00.014s)
2026-04-11 18:34:37 [main] INFO  o.f.core.internal.command.DbMigrate - Current version of schema "main": 7
2026-04-11 18:34:37 [main] INFO  o.f.core.internal.command.DbMigrate - Schema "main" is up to date. No migration necessary.
2026-04-13 16:06:16 [main] INFO  com.zaxxer.hikari.HikariDataSource - HikariPool-1 - Starting...
2026-04-13 16:06:16 [main] INFO  com.zaxxer.hikari.pool.HikariPool - HikariPool-1 - Added connection org.sqlite.jdbc4.JDBC4Connection@61001b64
2026-04-13 16:06:16 [main] INFO  com.zaxxer.hikari.HikariDataSource - HikariPool-1 - Start completed.
2026-04-13 16:06:17 [main] INFO  org.flywaydb.core.FlywayExecutor - Database: jdbc:sqlite:app.db (SQLite 3.50)
2026-04-13 16:06:17 [main] INFO  o.f.core.internal.command.DbValidate - Successfully validated 7 migrations (execution time 00:00.020s)
2026-04-13 16:06:17 [main] INFO  o.f.core.internal.command.DbMigrate - Current version of schema "main": 7
2026-04-13 16:06:17 [main] INFO  o.f.core.internal.command.DbMigrate - Schema "main" is up to date. No migration necessary.
2026-04-13 16:18:41 [main] INFO  com.zaxxer.hikari.HikariDataSource - HikariPool-1 - Starting...
2026-04-13 16:18:42 [main] INFO  com.zaxxer.hikari.pool.HikariPool - HikariPool-1 - Added connection org.sqlite.jdbc4.JDBC4Connection@61001b64
2026-04-13 16:18:42 [main] INFO  com.zaxxer.hikari.HikariDataSource - HikariPool-1 - Start completed.
2026-04-13 16:18:42 [main] INFO  org.flywaydb.core.FlywayExecutor - Database: jdbc:sqlite:app.db (SQLite 3.50)
2026-04-13 16:18:42 [main] INFO  o.f.core.internal.command.DbValidate - Successfully validated 7 migrations (execution time 00:00.013s)
2026-04-13 16:18:42 [main] INFO  o.f.core.internal.command.DbMigrate - Current version of schema "main": 7
2026-04-13 16:18:42 [main] INFO  o.f.core.internal.command.DbMigrate - Schema "main" is up to date. No migration necessary.
2026-04-13 16:44:43 [main] INFO  com.zaxxer.hikari.HikariDataSource - HikariPool-1 - Starting...
2026-04-13 16:44:44 [main] INFO  com.zaxxer.hikari.pool.HikariPool - HikariPool-1 - Added connection org.sqlite.jdbc4.JDBC4Connection@61001b64
2026-04-13 16:44:44 [main] INFO  com.zaxxer.hikari.HikariDataSource - HikariPool-1 - Start completed.
2026-04-13 16:44:44 [main] INFO  org.flywaydb.core.FlywayExecutor - Database: jdbc:sqlite:app.db (SQLite 3.50)
2026-04-13 16:44:44 [main] INFO  o.f.core.internal.command.DbValidate - Successfully validated 7 migrations (execution time 00:00.016s)
2026-04-13 16:44:44 [main] INFO  o.f.core.internal.command.DbMigrate - Current version of schema "main": 7
2026-04-13 16:44:44 [main] INFO  o.f.core.internal.command.DbMigrate - Schema "main" is up to date. No migration necessary.
2026-04-13 16:45:48 [main] INFO  com.zaxxer.hikari.HikariDataSource - HikariPool-1 - Starting...
2026-04-13 16:45:49 [main] INFO  com.zaxxer.hikari.pool.HikariPool - HikariPool-1 - Added connection org.sqlite.jdbc4.JDBC4Connection@61001b64
2026-04-13 16:45:49 [main] INFO  com.zaxxer.hikari.HikariDataSource - HikariPool-1 - Start completed.
2026-04-13 16:45:49 [main] INFO  org.flywaydb.core.FlywayExecutor - Database: jdbc:sqlite:app.db (SQLite 3.50)
2026-04-13 16:45:49 [main] INFO  o.f.core.internal.command.DbValidate - Successfully validated 7 migrations (execution time 00:00.014s)
2026-04-13 16:45:49 [main] INFO  o.f.core.internal.command.DbMigrate - Current version of schema "main": 7
2026-04-13 16:45:49 [main] INFO  o.f.core.internal.command.DbMigrate - Schema "main" is up to date. No migration necessary.
2026-04-13 16:51:14 [main] INFO  com.zaxxer.hikari.HikariDataSource - HikariPool-1 - Starting...
2026-04-13 16:51:15 [main] INFO  com.zaxxer.hikari.pool.HikariPool - HikariPool-1 - Added connection org.sqlite.jdbc4.JDBC4Connection@61001b64
2026-04-13 16:51:15 [main] INFO  com.zaxxer.hikari.HikariDataSource - HikariPool-1 - Start completed.
2026-04-13 16:51:15 [main] INFO  org.flywaydb.core.FlywayExecutor - Database: jdbc:sqlite:app.db (SQLite 3.50)
2026-04-13 16:51:15 [main] INFO  o.f.core.internal.command.DbValidate - Successfully validated 7 migrations (execution time 00:00.014s)
2026-04-13 16:51:15 [main] INFO  o.f.core.internal.command.DbMigrate - Current version of schema "main": 7
2026-04-13 16:51:15 [main] INFO  o.f.core.internal.command.DbMigrate - Schema "main" is up to date. No migration necessary.
2026-04-13 16:52:37 [main] INFO  com.zaxxer.hikari.HikariDataSource - HikariPool-1 - Starting...
2026-04-13 16:52:38 [main] INFO  com.zaxxer.hikari.pool.HikariPool - HikariPool-1 - Added connection org.sqlite.jdbc4.JDBC4Connection@61001b64
2026-04-13 16:52:38 [main] INFO  com.zaxxer.hikari.HikariDataSource - HikariPool-1 - Start completed.
2026-04-13 16:52:38 [main] INFO  org.flywaydb.core.FlywayExecutor - Database: jdbc:sqlite:app.db (SQLite 3.50)
2026-04-13 16:52:38 [main] INFO  o.f.core.internal.command.DbValidate - Successfully validated 7 migrations (execution time 00:00.014s)
2026-04-13 16:52:38 [main] INFO  o.f.core.internal.command.DbMigrate - Current version of schema "main": 7
2026-04-13 16:52:38 [main] INFO  o.f.core.internal.command.DbMigrate - Schema "main" is up to date. No migration necessary.
2026-04-13 16:53:15 [main] INFO  com.zaxxer.hikari.HikariDataSource - HikariPool-1 - Starting...
2026-04-13 16:53:15 [main] INFO  com.zaxxer.hikari.pool.HikariPool - HikariPool-1 - Added connection org.sqlite.jdbc4.JDBC4Connection@61001b64
2026-04-13 16:53:15 [main] INFO  com.zaxxer.hikari.HikariDataSource - HikariPool-1 - Start completed.
2026-04-13 16:53:15 [main] INFO  org.flywaydb.core.FlywayExecutor - Database: jdbc:sqlite:app.db (SQLite 3.50)
2026-04-13 16:53:15 [main] INFO  o.f.core.internal.command.DbValidate - Successfully validated 7 migrations (execution time 00:00.014s)
2026-04-13 16:53:15 [main] INFO  o.f.core.internal.command.DbMigrate - Current version of schema "main": 7
2026-04-13 16:53:15 [main] INFO  o.f.core.internal.command.DbMigrate - Schema "main" is up to date. No migration necessary.
2026-04-13 16:55:07 [main] INFO  com.zaxxer.hikari.HikariDataSource - HikariPool-1 - Starting...
2026-04-13 16:55:07 [main] INFO  com.zaxxer.hikari.pool.HikariPool - HikariPool-1 - Added connection org.sqlite.jdbc4.JDBC4Connection@61001b64
2026-04-13 16:55:07 [main] INFO  com.zaxxer.hikari.HikariDataSource - HikariPool-1 - Start completed.
2026-04-13 16:55:07 [main] INFO  org.flywaydb.core.FlywayExecutor - Database: jdbc:sqlite:app.db (SQLite 3.50)
2026-04-13 16:55:07 [main] INFO  o.f.core.internal.command.DbValidate - Successfully validated 7 migrations (execution time 00:00.014s)
2026-04-13 16:55:07 [main] INFO  o.f.core.internal.command.DbMigrate - Current version of schema "main": 7
2026-04-13 16:55:07 [main] INFO  o.f.core.internal.command.DbMigrate - Schema "main" is up to date. No migration necessary.
2026-04-13 16:55:49 [main] INFO  com.zaxxer.hikari.HikariDataSource - HikariPool-1 - Starting...
2026-04-13 16:55:49 [main] INFO  com.zaxxer.hikari.pool.HikariPool - HikariPool-1 - Added connection org.sqlite.jdbc4.JDBC4Connection@61001b64
2026-04-13 16:55:49 [main] INFO  com.zaxxer.hikari.HikariDataSource - HikariPool-1 - Start completed.
2026-04-13 16:55:50 [main] INFO  org.flywaydb.core.FlywayExecutor - Database: jdbc:sqlite:app.db (SQLite 3.50)
2026-04-13 16:55:50 [main] INFO  o.f.core.internal.command.DbValidate - Successfully validated 7 migrations (execution time 00:00.013s)
2026-04-13 16:55:50 [main] INFO  o.f.core.internal.command.DbMigrate - Current version of schema "main": 7
2026-04-13 16:55:50 [main] INFO  o.f.core.internal.command.DbMigrate - Schema "main" is up to date. No migration necessary.
2026-04-13 16:56:28 [main] INFO  com.zaxxer.hikari.HikariDataSource - HikariPool-1 - Starting...
2026-04-13 16:56:28 [main] INFO  com.zaxxer.hikari.pool.HikariPool - HikariPool-1 - Added connection org.sqlite.jdbc4.JDBC4Connection@61001b64
2026-04-13 16:56:28 [main] INFO  com.zaxxer.hikari.HikariDataSource - HikariPool-1 - Start completed.
2026-04-13 16:56:29 [main] INFO  org.flywaydb.core.FlywayExecutor - Database: jdbc:sqlite:app.db (SQLite 3.50)
2026-04-13 16:56:29 [main] INFO  o.f.core.internal.command.DbValidate - Successfully validated 7 migrations (execution time 00:00.014s)
2026-04-13 16:56:29 [main] INFO  o.f.core.internal.command.DbMigrate - Current version of schema "main": 7
2026-04-13 16:56:29 [main] INFO  o.f.core.internal.command.DbMigrate - Schema "main" is up to date. No migration necessary.
2026-04-13 17:00:55 [main] INFO  com.zaxxer.hikari.HikariDataSource - HikariPool-1 - Starting...
2026-04-13 17:00:55 [main] INFO  com.zaxxer.hikari.pool.HikariPool - HikariPool-1 - Added connection org.sqlite.jdbc4.JDBC4Connection@61001b64
2026-04-13 17:00:55 [main] INFO  com.zaxxer.hikari.HikariDataSource - HikariPool-1 - Start completed.
2026-04-13 17:00:55 [main] INFO  org.flywaydb.core.FlywayExecutor - Database: jdbc:sqlite:app.db (SQLite 3.50)
2026-04-13 17:00:55 [main] INFO  o.f.core.internal.command.DbValidate - Successfully validated 7 migrations (execution time 00:00.013s)
2026-04-13 17:00:55 [main] INFO  o.f.core.internal.command.DbMigrate - Current version of schema "main": 7
2026-04-13 17:00:55 [main] INFO  o.f.core.internal.command.DbMigrate - Schema "main" is up to date. No migration necessary.
2026-04-13 17:01:57 [main] INFO  com.zaxxer.hikari.HikariDataSource - HikariPool-1 - Starting...
2026-04-13 17:01:57 [main] INFO  com.zaxxer.hikari.pool.HikariPool - HikariPool-1 - Added connection org.sqlite.jdbc4.JDBC4Connection@61001b64
2026-04-13 17:01:57 [main] INFO  com.zaxxer.hikari.HikariDataSource - HikariPool-1 - Start completed.
2026-04-13 17:01:57 [main] INFO  org.flywaydb.core.FlywayExecutor - Database: jdbc:sqlite:app.db (SQLite 3.50)
2026-04-13 17:01:57 [main] INFO  o.f.core.internal.command.DbValidate - Successfully validated 7 migrations (execution time 00:00.016s)
2026-04-13 17:01:57 [main] INFO  o.f.core.internal.command.DbMigrate - Current version of schema "main": 7
2026-04-13 17:01:57 [main] INFO  o.f.core.internal.command.DbMigrate - Schema "main" is up to date. No migration necessary.
2026-04-13 17:05:25 [main] INFO  com.zaxxer.hikari.HikariDataSource - HikariPool-1 - Starting...
2026-04-13 17:05:25 [main] INFO  com.zaxxer.hikari.pool.HikariPool - HikariPool-1 - Added connection org.sqlite.jdbc4.JDBC4Connection@61001b64
2026-04-13 17:05:25 [main] INFO  com.zaxxer.hikari.HikariDataSource - HikariPool-1 - Start completed.
2026-04-13 17:05:26 [main] INFO  org.flywaydb.core.FlywayExecutor - Database: jdbc:sqlite:app.db (SQLite 3.50)
2026-04-13 17:05:26 [main] INFO  o.f.core.internal.command.DbValidate - Successfully validated 7 migrations (execution time 00:00.016s)
2026-04-13 17:05:26 [main] INFO  o.f.core.internal.command.DbMigrate - Current version of schema "main": 7
2026-04-13 17:05:26 [main] INFO  o.f.core.internal.command.DbMigrate - Schema "main" is up to date. No migration necessary.
2026-04-13 17:10:52 [main] INFO  com.zaxxer.hikari.HikariDataSource - HikariPool-1 - Starting...
2026-04-13 17:10:52 [main] INFO  com.zaxxer.hikari.pool.HikariPool - HikariPool-1 - Added connection org.sqlite.jdbc4.JDBC4Connection@61001b64
2026-04-13 17:10:52 [main] INFO  com.zaxxer.hikari.HikariDataSource - HikariPool-1 - Start completed.
2026-04-13 17:10:52 [main] INFO  org.flywaydb.core.FlywayExecutor - Database: jdbc:sqlite:app.db (SQLite 3.50)
2026-04-13 17:10:52 [main] INFO  o.f.core.internal.command.DbValidate - Successfully validated 7 migrations (execution time 00:00.015s)
2026-04-13 17:10:52 [main] INFO  o.f.core.internal.command.DbMigrate - Current version of schema "main": 7
2026-04-13 17:10:52 [main] INFO  o.f.core.internal.command.DbMigrate - Schema "main" is up to date. No migration necessary.
2026-04-13 17:18:32 [main] INFO  com.zaxxer.hikari.HikariDataSource - HikariPool-1 - Starting...
2026-04-13 17:18:32 [main] INFO  com.zaxxer.hikari.pool.HikariPool - HikariPool-1 - Added connection org.sqlite.jdbc4.JDBC4Connection@61001b64
2026-04-13 17:18:32 [main] INFO  com.zaxxer.hikari.HikariDataSource - HikariPool-1 - Start completed.
2026-04-13 17:18:32 [main] INFO  org.flywaydb.core.FlywayExecutor - Database: jdbc:sqlite:app.db (SQLite 3.50)
2026-04-13 17:18:32 [main] INFO  o.f.core.internal.command.DbValidate - Successfully validated 7 migrations (execution time 00:00.015s)
2026-04-13 17:18:32 [main] INFO  o.f.core.internal.command.DbMigrate - Current version of schema "main": 7
2026-04-13 17:18:32 [main] INFO  o.f.core.internal.command.DbMigrate - Schema "main" is up to date. No migration necessary.
2026-04-13 17:21:06 [main] INFO  com.zaxxer.hikari.HikariDataSource - HikariPool-1 - Starting...
2026-04-13 17:21:06 [main] INFO  com.zaxxer.hikari.pool.HikariPool - HikariPool-1 - Added connection org.sqlite.jdbc4.JDBC4Connection@61001b64
2026-04-13 17:21:06 [main] INFO  com.zaxxer.hikari.HikariDataSource - HikariPool-1 - Start completed.
2026-04-13 17:21:07 [main] INFO  org.flywaydb.core.FlywayExecutor - Database: jdbc:sqlite:app.db (SQLite 3.50)
2026-04-13 17:21:07 [main] INFO  o.f.core.internal.command.DbValidate - Successfully validated 7 migrations (execution time 00:00.014s)
2026-04-13 17:21:07 [main] INFO  o.f.core.internal.command.DbMigrate - Current version of schema "main": 7
2026-04-13 17:21:07 [main] INFO  o.f.core.internal.command.DbMigrate - Schema "main" is up to date. No migration necessary.
2026-04-13 17:21:16 [main] INFO  com.zaxxer.hikari.HikariDataSource - HikariPool-1 - Starting...
2026-04-13 17:21:16 [main] INFO  com.zaxxer.hikari.pool.HikariPool - HikariPool-1 - Added connection org.sqlite.jdbc4.JDBC4Connection@61001b64
2026-04-13 17:21:16 [main] INFO  com.zaxxer.hikari.HikariDataSource - HikariPool-1 - Start completed.
2026-04-13 17:21:16 [main] INFO  org.flywaydb.core.FlywayExecutor - Database: jdbc:sqlite:app.db (SQLite 3.50)
2026-04-13 17:21:16 [main] INFO  o.f.core.internal.command.DbValidate - Successfully validated 7 migrations (execution time 00:00.014s)
2026-04-13 17:21:16 [main] INFO  o.f.core.internal.command.DbMigrate - Current version of schema "main": 7
2026-04-13 17:21:16 [main] INFO  o.f.core.internal.command.DbMigrate - Schema "main" is up to date. No migration necessary.
2026-04-13 17:21:45 [main] INFO  com.zaxxer.hikari.HikariDataSource - HikariPool-1 - Starting...
2026-04-13 17:21:45 [main] INFO  com.zaxxer.hikari.pool.HikariPool - HikariPool-1 - Added connection org.sqlite.jdbc4.JDBC4Connection@61001b64
2026-04-13 17:21:45 [main] INFO  com.zaxxer.hikari.HikariDataSource - HikariPool-1 - Start completed.
2026-04-13 17:21:45 [main] INFO  org.flywaydb.core.FlywayExecutor - Database: jdbc:sqlite:app.db (SQLite 3.50)
2026-04-13 17:21:45 [main] INFO  o.f.core.internal.command.DbValidate - Successfully validated 7 migrations (execution time 00:00.014s)
2026-04-13 17:21:45 [main] INFO  o.f.core.internal.command.DbMigrate - Current version of schema "main": 7
2026-04-13 17:21:45 [main] INFO  o.f.core.internal.command.DbMigrate - Schema "main" is up to date. No migration necessary.
2026-04-13 17:22:25 [main] INFO  com.zaxxer.hikari.HikariDataSource - HikariPool-1 - Starting...
2026-04-13 17:22:25 [main] INFO  com.zaxxer.hikari.pool.HikariPool - HikariPool-1 - Added connection org.sqlite.jdbc4.JDBC4Connection@61001b64
2026-04-13 17:22:25 [main] INFO  com.zaxxer.hikari.HikariDataSource - HikariPool-1 - Start completed.
2026-04-13 17:22:25 [main] INFO  org.flywaydb.core.FlywayExecutor - Database: jdbc:sqlite:app.db (SQLite 3.50)
2026-04-13 17:22:25 [main] INFO  o.f.core.internal.command.DbValidate - Successfully validated 7 migrations (execution time 00:00.013s)
2026-04-13 17:22:25 [main] INFO  o.f.core.internal.command.DbMigrate - Current version of schema "main": 7
2026-04-13 17:22:25 [main] INFO  o.f.core.internal.command.DbMigrate - Schema "main" is up to date. No migration necessary.
2026-04-13 17:23:17 [main] INFO  com.zaxxer.hikari.HikariDataSource - HikariPool-1 - Starting...
2026-04-13 17:23:17 [main] INFO  com.zaxxer.hikari.pool.HikariPool - HikariPool-1 - Added connection org.sqlite.jdbc4.JDBC4Connection@61001b64
2026-04-13 17:23:17 [main] INFO  com.zaxxer.hikari.HikariDataSource - HikariPool-1 - Start completed.
2026-04-13 17:23:17 [main] INFO  org.flywaydb.core.FlywayExecutor - Database: jdbc:sqlite:app.db (SQLite 3.50)
2026-04-13 17:23:17 [main] INFO  o.f.core.internal.command.DbValidate - Successfully validated 7 migrations (execution time 00:00.014s)
2026-04-13 17:23:17 [main] INFO  o.f.core.internal.command.DbMigrate - Current version of schema "main": 7
2026-04-13 17:23:17 [main] INFO  o.f.core.internal.command.DbMigrate - Schema "main" is up to date. No migration necessary.
2026-04-13 17:24:44 [main] INFO  com.zaxxer.hikari.HikariDataSource - HikariPool-1 - Starting...
2026-04-13 17:24:44 [main] INFO  com.zaxxer.hikari.pool.HikariPool - HikariPool-1 - Added connection org.sqlite.jdbc4.JDBC4Connection@61001b64
2026-04-13 17:24:44 [main] INFO  com.zaxxer.hikari.HikariDataSource - HikariPool-1 - Start completed.
2026-04-13 17:24:44 [main] INFO  org.flywaydb.core.FlywayExecutor - Database: jdbc:sqlite:app.db (SQLite 3.50)
2026-04-13 17:24:44 [main] INFO  o.f.core.internal.command.DbValidate - Successfully validated 7 migrations (execution time 00:00.014s)
2026-04-13 17:24:44 [main] INFO  o.f.core.internal.command.DbMigrate - Current version of schema "main": 7
2026-04-13 17:24:44 [main] INFO  o.f.core.internal.command.DbMigrate - Schema "main" is up to date. No migration necessary.
2026-04-13 17:32:16 [main] INFO  com.zaxxer.hikari.HikariDataSource - HikariPool-1 - Starting...
2026-04-13 17:32:16 [main] INFO  com.zaxxer.hikari.pool.HikariPool - HikariPool-1 - Added connection org.sqlite.jdbc4.JDBC4Connection@61001b64
2026-04-13 17:32:16 [main] INFO  com.zaxxer.hikari.HikariDataSource - HikariPool-1 - Start completed.
2026-04-13 17:32:16 [main] INFO  org.flywaydb.core.FlywayExecutor - Database: jdbc:sqlite:app.db (SQLite 3.50)
2026-04-13 17:32:16 [main] INFO  o.f.core.internal.command.DbValidate - Successfully validated 7 migrations (execution time 00:00.014s)
2026-04-13 17:32:16 [main] INFO  o.f.core.internal.command.DbMigrate - Current version of schema "main": 7
2026-04-13 17:32:16 [main] INFO  o.f.core.internal.command.DbMigrate - Schema "main" is up to date. No migration necessary.
2026-04-13 17:39:48 [main] INFO  com.zaxxer.hikari.HikariDataSource - HikariPool-1 - Starting...
2026-04-13 17:39:48 [main] INFO  com.zaxxer.hikari.pool.HikariPool - HikariPool-1 - Added connection org.sqlite.jdbc4.JDBC4Connection@61001b64
2026-04-13 17:39:48 [main] INFO  com.zaxxer.hikari.HikariDataSource - HikariPool-1 - Start completed.
2026-04-13 17:39:48 [main] INFO  org.flywaydb.core.FlywayExecutor - Database: jdbc:sqlite:app.db (SQLite 3.50)
2026-04-13 17:39:48 [main] INFO  o.f.core.internal.command.DbValidate - Successfully validated 7 migrations (execution time 00:00.015s)
2026-04-13 17:39:48 [main] INFO  o.f.core.internal.command.DbMigrate - Current version of schema "main": 7
2026-04-13 17:39:48 [main] INFO  o.f.core.internal.command.DbMigrate - Schema "main" is up to date. No migration necessary.
2026-04-13 17:40:02 [main] INFO  com.zaxxer.hikari.HikariDataSource - HikariPool-1 - Starting...
2026-04-13 17:40:02 [main] INFO  com.zaxxer.hikari.pool.HikariPool - HikariPool-1 - Added connection org.sqlite.jdbc4.JDBC4Connection@61001b64
2026-04-13 17:40:02 [main] INFO  com.zaxxer.hikari.HikariDataSource - HikariPool-1 - Start completed.
2026-04-13 17:40:02 [main] INFO  org.flywaydb.core.FlywayExecutor - Database: jdbc:sqlite:app.db (SQLite 3.50)
2026-04-13 17:40:02 [main] INFO  o.f.core.internal.command.DbValidate - Successfully validated 7 migrations (execution time 00:00.015s)
2026-04-13 17:40:02 [main] INFO  o.f.core.internal.command.DbMigrate - Current version of schema "main": 7
2026-04-13 17:40:02 [main] INFO  o.f.core.internal.command.DbMigrate - Schema "main" is up to date. No migration necessary.
2026-04-13 17:41:24 [main] INFO  com.zaxxer.hikari.HikariDataSource - HikariPool-1 - Starting...
2026-04-13 17:41:24 [main] INFO  com.zaxxer.hikari.pool.HikariPool - HikariPool-1 - Added connection org.sqlite.jdbc4.JDBC4Connection@61001b64
2026-04-13 17:41:24 [main] INFO  com.zaxxer.hikari.HikariDataSource - HikariPool-1 - Start completed.
2026-04-13 17:41:25 [main] INFO  org.flywaydb.core.FlywayExecutor - Database: jdbc:sqlite:app.db (SQLite 3.50)
2026-04-13 17:41:25 [main] INFO  o.f.core.internal.command.DbValidate - Successfully validated 7 migrations (execution time 00:00.013s)
2026-04-13 17:41:25 [main] INFO  o.f.core.internal.command.DbMigrate - Current version of schema "main": 7
2026-04-13 17:41:25 [main] INFO  o.f.core.internal.command.DbMigrate - Schema "main" is up to date. No migration necessary.
2026-04-13 17:43:06 [main] INFO  com.zaxxer.hikari.HikariDataSource - HikariPool-1 - Starting...
2026-04-13 17:43:06 [main] INFO  com.zaxxer.hikari.pool.HikariPool - HikariPool-1 - Added connection org.sqlite.jdbc4.JDBC4Connection@61001b64
2026-04-13 17:43:06 [main] INFO  com.zaxxer.hikari.HikariDataSource - HikariPool-1 - Start completed.
2026-04-13 17:43:06 [main] INFO  org.flywaydb.core.FlywayExecutor - Database: jdbc:sqlite:app.db (SQLite 3.50)
2026-04-13 17:43:06 [main] INFO  o.f.core.internal.command.DbValidate - Successfully validated 7 migrations (execution time 00:00.013s)
2026-04-13 17:43:06 [main] INFO  o.f.core.internal.command.DbMigrate - Current version of schema "main": 7
2026-04-13 17:43:06 [main] INFO  o.f.core.internal.command.DbMigrate - Schema "main" is up to date. No migration necessary.
2026-04-13 17:44:40 [main] INFO  com.zaxxer.hikari.HikariDataSource - HikariPool-1 - Starting...
2026-04-13 17:44:40 [main] INFO  com.zaxxer.hikari.pool.HikariPool - HikariPool-1 - Added connection org.sqlite.jdbc4.JDBC4Connection@61001b64
2026-04-13 17:44:40 [main] INFO  com.zaxxer.hikari.HikariDataSource - HikariPool-1 - Start completed.
2026-04-13 17:44:41 [main] INFO  org.flywaydb.core.FlywayExecutor - Database: jdbc:sqlite:app.db (SQLite 3.50)
2026-04-13 17:44:41 [main] INFO  o.f.core.internal.command.DbValidate - Successfully validated 7 migrations (execution time 00:00.015s)
2026-04-13 17:44:41 [main] INFO  o.f.core.internal.command.DbMigrate - Current version of schema "main": 7
2026-04-13 17:44:41 [main] INFO  o.f.core.internal.command.DbMigrate - Schema "main" is up to date. No migration necessary.
2026-04-13 17:45:34 [main] INFO  com.zaxxer.hikari.HikariDataSource - HikariPool-1 - Starting...
2026-04-13 17:45:34 [main] INFO  com.zaxxer.hikari.pool.HikariPool - HikariPool-1 - Added connection org.sqlite.jdbc4.JDBC4Connection@61001b64
2026-04-13 17:45:34 [main] INFO  com.zaxxer.hikari.HikariDataSource - HikariPool-1 - Start completed.
2026-04-13 17:45:34 [main] INFO  org.flywaydb.core.FlywayExecutor - Database: jdbc:sqlite:app.db (SQLite 3.50)
2026-04-13 17:45:34 [main] INFO  o.f.core.internal.command.DbValidate - Successfully validated 7 migrations (execution time 00:00.017s)
2026-04-13 17:45:34 [main] INFO  o.f.core.internal.command.DbMigrate - Current version of schema "main": 7
2026-04-13 17:45:34 [main] INFO  o.f.core.internal.command.DbMigrate - Schema "main" is up to date. No migration necessary.
2026-04-13 17:46:14 [main] INFO  com.zaxxer.hikari.HikariDataSource - HikariPool-1 - Starting...
2026-04-13 17:46:14 [main] INFO  com.zaxxer.hikari.pool.HikariPool - HikariPool-1 - Added connection org.sqlite.jdbc4.JDBC4Connection@61001b64
2026-04-13 17:46:14 [main] INFO  com.zaxxer.hikari.HikariDataSource - HikariPool-1 - Start completed.
2026-04-13 17:46:15 [main] INFO  org.flywaydb.core.FlywayExecutor - Database: jdbc:sqlite:app.db (SQLite 3.50)
2026-04-13 17:46:15 [main] INFO  o.f.core.internal.command.DbValidate - Successfully validated 7 migrations (execution time 00:00.015s)
2026-04-13 17:46:15 [main] INFO  o.f.core.internal.command.DbMigrate - Current version of schema "main": 7
2026-04-13 17:46:15 [main] INFO  o.f.core.internal.command.DbMigrate - Schema "main" is up to date. No migration necessary.
2026-04-13 17:47:39 [main] INFO  com.zaxxer.hikari.HikariDataSource - HikariPool-1 - Starting...
2026-04-13 17:47:39 [main] INFO  com.zaxxer.hikari.pool.HikariPool - HikariPool-1 - Added connection org.sqlite.jdbc4.JDBC4Connection@61001b64
2026-04-13 17:47:39 [main] INFO  com.zaxxer.hikari.HikariDataSource - HikariPool-1 - Start completed.
2026-04-13 17:47:39 [main] INFO  org.flywaydb.core.FlywayExecutor - Database: jdbc:sqlite:app.db (SQLite 3.50)
2026-04-13 17:47:39 [main] INFO  o.f.core.internal.command.DbValidate - Successfully validated 7 migrations (execution time 00:00.017s)
2026-04-13 17:47:39 [main] INFO  o.f.core.internal.command.DbMigrate - Current version of schema "main": 7
2026-04-13 17:47:39 [main] INFO  o.f.core.internal.command.DbMigrate - Schema "main" is up to date. No migration necessary.
2026-04-13 17:53:53 [main] INFO  com.zaxxer.hikari.HikariDataSource - HikariPool-1 - Starting...
2026-04-13 17:53:53 [main] INFO  com.zaxxer.hikari.pool.HikariPool - HikariPool-1 - Added connection org.sqlite.jdbc4.JDBC4Connection@61001b64
2026-04-13 17:53:53 [main] INFO  com.zaxxer.hikari.HikariDataSource - HikariPool-1 - Start completed.
2026-04-13 17:53:53 [main] INFO  org.flywaydb.core.FlywayExecutor - Database: jdbc:sqlite:app.db (SQLite 3.50)
2026-04-13 17:53:53 [main] INFO  o.f.core.internal.command.DbValidate - Successfully validated 7 migrations (execution time 00:00.012s)
2026-04-13 17:53:53 [main] INFO  o.f.core.internal.command.DbMigrate - Current version of schema "main": 7
2026-04-13 17:53:53 [main] INFO  o.f.core.internal.command.DbMigrate - Schema "main" is up to date. No migration necessary.
2026-04-13 17:55:19 [main] INFO  com.zaxxer.hikari.HikariDataSource - HikariPool-1 - Starting...
2026-04-13 17:55:19 [main] INFO  com.zaxxer.hikari.pool.HikariPool - HikariPool-1 - Added connection org.sqlite.jdbc4.JDBC4Connection@61001b64
2026-04-13 17:55:19 [main] INFO  com.zaxxer.hikari.HikariDataSource - HikariPool-1 - Start completed.
2026-04-13 17:55:20 [main] INFO  org.flywaydb.core.FlywayExecutor - Database: jdbc:sqlite:app.db (SQLite 3.50)
2026-04-13 17:55:20 [main] INFO  o.f.core.internal.command.DbValidate - Successfully validated 7 migrations (execution time 00:00.015s)
2026-04-13 17:55:20 [main] INFO  o.f.core.internal.command.DbMigrate - Current version of schema "main": 7
2026-04-13 17:55:20 [main] INFO  o.f.core.internal.command.DbMigrate - Schema "main" is up to date. No migration necessary.
2026-04-13 17:56:48 [main] INFO  com.zaxxer.hikari.HikariDataSource - HikariPool-1 - Starting...
2026-04-13 17:56:48 [main] INFO  com.zaxxer.hikari.pool.HikariPool - HikariPool-1 - Added connection org.sqlite.jdbc4.JDBC4Connection@61001b64
2026-04-13 17:56:48 [main] INFO  com.zaxxer.hikari.HikariDataSource - HikariPool-1 - Start completed.
2026-04-13 17:56:48 [main] INFO  org.flywaydb.core.FlywayExecutor - Database: jdbc:sqlite:app.db (SQLite 3.50)
2026-04-13 17:56:48 [main] INFO  o.f.core.internal.command.DbValidate - Successfully validated 7 migrations (execution time 00:00.015s)
2026-04-13 17:56:48 [main] INFO  o.f.core.internal.command.DbMigrate - Current version of schema "main": 7
2026-04-13 17:56:48 [main] INFO  o.f.core.internal.command.DbMigrate - Schema "main" is up to date. No migration necessary.
2026-04-13 17:57:22 [main] INFO  com.zaxxer.hikari.HikariDataSource - HikariPool-1 - Starting...
2026-04-13 17:57:23 [main] INFO  com.zaxxer.hikari.pool.HikariPool - HikariPool-1 - Added connection org.sqlite.jdbc4.JDBC4Connection@61001b64
2026-04-13 17:57:23 [main] INFO  com.zaxxer.hikari.HikariDataSource - HikariPool-1 - Start completed.
2026-04-13 17:57:23 [main] INFO  org.flywaydb.core.FlywayExecutor - Database: jdbc:sqlite:app.db (SQLite 3.50)
2026-04-13 17:57:23 [main] INFO  o.f.core.internal.command.DbValidate - Successfully validated 7 migrations (execution time 00:00.015s)
2026-04-13 17:57:23 [main] INFO  o.f.core.internal.command.DbMigrate - Current version of schema "main": 7
2026-04-13 17:57:23 [main] INFO  o.f.core.internal.command.DbMigrate - Schema "main" is up to date. No migration necessary.
2026-04-13 18:00:10 [main] INFO  com.zaxxer.hikari.HikariDataSource - HikariPool-1 - Starting...
2026-04-13 18:00:10 [main] INFO  com.zaxxer.hikari.pool.HikariPool - HikariPool-1 - Added connection org.sqlite.jdbc4.JDBC4Connection@61001b64
2026-04-13 18:00:10 [main] INFO  com.zaxxer.hikari.HikariDataSource - HikariPool-1 - Start completed.
2026-04-13 18:00:10 [main] INFO  org.flywaydb.core.FlywayExecutor - Database: jdbc:sqlite:app.db (SQLite 3.50)
2026-04-13 18:00:10 [main] INFO  o.f.core.internal.command.DbValidate - Successfully validated 7 migrations (execution time 00:00.016s)
2026-04-13 18:00:10 [main] INFO  o.f.core.internal.command.DbMigrate - Current version of schema "main": 7
2026-04-13 18:00:10 [main] INFO  o.f.core.internal.command.DbMigrate - Schema "main" is up to date. No migration necessary.
2026-04-13 18:01:58 [main] INFO  com.zaxxer.hikari.HikariDataSource - HikariPool-1 - Starting...
2026-04-13 18:01:58 [main] INFO  com.zaxxer.hikari.pool.HikariPool - HikariPool-1 - Added connection org.sqlite.jdbc4.JDBC4Connection@61001b64
2026-04-13 18:01:58 [main] INFO  com.zaxxer.hikari.HikariDataSource - HikariPool-1 - Start completed.
2026-04-13 18:01:58 [main] INFO  org.flywaydb.core.FlywayExecutor - Database: jdbc:sqlite:app.db (SQLite 3.50)
2026-04-13 18:01:58 [main] INFO  o.f.core.internal.command.DbValidate - Successfully validated 7 migrations (execution time 00:00.014s)
2026-04-13 18:01:58 [main] INFO  o.f.core.internal.command.DbMigrate - Current version of schema "main": 7
2026-04-13 18:01:58 [main] INFO  o.f.core.internal.command.DbMigrate - Schema "main" is up to date. No migration necessary.
2026-04-13 18:03:32 [main] INFO  com.zaxxer.hikari.HikariDataSource - HikariPool-1 - Starting...
2026-04-13 18:03:32 [main] INFO  com.zaxxer.hikari.pool.HikariPool - HikariPool-1 - Added connection org.sqlite.jdbc4.JDBC4Connection@61001b64
2026-04-13 18:03:32 [main] INFO  com.zaxxer.hikari.HikariDataSource - HikariPool-1 - Start completed.
2026-04-13 18:03:33 [main] INFO  org.flywaydb.core.FlywayExecutor - Database: jdbc:sqlite:app.db (SQLite 3.50)
2026-04-13 18:03:33 [main] INFO  o.f.core.internal.command.DbValidate - Successfully validated 7 migrations (execution time 00:00.013s)
2026-04-13 18:03:33 [main] INFO  o.f.core.internal.command.DbMigrate - Current version of schema "main": 7
2026-04-13 18:03:33 [main] INFO  o.f.core.internal.command.DbMigrate - Schema "main" is up to date. No migration necessary.
2026-04-13 18:19:32 [main] INFO  com.zaxxer.hikari.HikariDataSource - HikariPool-1 - Starting...
2026-04-13 18:19:32 [main] INFO  com.zaxxer.hikari.pool.HikariPool - HikariPool-1 - Added connection org.sqlite.jdbc4.JDBC4Connection@61001b64
2026-04-13 18:19:32 [main] INFO  com.zaxxer.hikari.HikariDataSource - HikariPool-1 - Start completed.
2026-04-13 18:19:32 [main] INFO  org.flywaydb.core.FlywayExecutor - Database: jdbc:sqlite:app.db (SQLite 3.50)
2026-04-13 18:19:32 [main] INFO  o.f.core.internal.command.DbValidate - Successfully validated 7 migrations (execution time 00:00.017s)
2026-04-13 18:19:32 [main] INFO  o.f.core.internal.command.DbMigrate - Current version of schema "main": 7
2026-04-13 18:19:32 [main] INFO  o.f.core.internal.command.DbMigrate - Schema "main" is up to date. No migration necessary.
2026-04-13 18:20:10 [main] INFO  com.zaxxer.hikari.HikariDataSource - HikariPool-1 - Starting...
2026-04-13 18:20:10 [main] INFO  com.zaxxer.hikari.pool.HikariPool - HikariPool-1 - Added connection org.sqlite.jdbc4.JDBC4Connection@61001b64
2026-04-13 18:20:10 [main] INFO  com.zaxxer.hikari.HikariDataSource - HikariPool-1 - Start completed.
2026-04-13 18:20:11 [main] INFO  org.flywaydb.core.FlywayExecutor - Database: jdbc:sqlite:app.db (SQLite 3.50)
2026-04-13 18:20:11 [main] INFO  o.f.core.internal.command.DbValidate - Successfully validated 7 migrations (execution time 00:00.014s)
2026-04-13 18:20:11 [main] INFO  o.f.core.internal.command.DbMigrate - Current version of schema "main": 7
2026-04-13 18:20:11 [main] INFO  o.f.core.internal.command.DbMigrate - Schema "main" is up to date. No migration necessary.
2026-04-13 18:20:44 [main] INFO  com.zaxxer.hikari.HikariDataSource - HikariPool-1 - Starting...
2026-04-13 18:20:44 [main] INFO  com.zaxxer.hikari.pool.HikariPool - HikariPool-1 - Added connection org.sqlite.jdbc4.JDBC4Connection@61001b64
2026-04-13 18:20:44 [main] INFO  com.zaxxer.hikari.HikariDataSource - HikariPool-1 - Start completed.
2026-04-13 18:20:44 [main] INFO  org.flywaydb.core.FlywayExecutor - Database: jdbc:sqlite:app.db (SQLite 3.50)
2026-04-13 18:20:44 [main] INFO  o.f.core.internal.command.DbValidate - Successfully validated 7 migrations (execution time 00:00.014s)
2026-04-13 18:20:44 [main] INFO  o.f.core.internal.command.DbMigrate - Current version of schema "main": 7
2026-04-13 18:20:44 [main] INFO  o.f.core.internal.command.DbMigrate - Schema "main" is up to date. No migration necessary.
2026-04-13 18:22:55 [main] INFO  com.zaxxer.hikari.HikariDataSource - HikariPool-1 - Starting...
2026-04-13 18:22:55 [main] INFO  com.zaxxer.hikari.pool.HikariPool - HikariPool-1 - Added connection org.sqlite.jdbc4.JDBC4Connection@61001b64
2026-04-13 18:22:55 [main] INFO  com.zaxxer.hikari.HikariDataSource - HikariPool-1 - Start completed.
2026-04-13 18:22:56 [main] INFO  org.flywaydb.core.FlywayExecutor - Database: jdbc:sqlite:app.db (SQLite 3.50)
2026-04-13 18:22:56 [main] INFO  o.f.core.internal.command.DbValidate - Successfully validated 7 migrations (execution time 00:00.013s)
2026-04-13 18:22:56 [main] INFO  o.f.core.internal.command.DbMigrate - Current version of schema "main": 7
2026-04-13 18:22:56 [main] INFO  o.f.core.internal.command.DbMigrate - Schema "main" is up to date. No migration necessary.
2026-04-13 18:26:16 [main] INFO  com.zaxxer.hikari.HikariDataSource - HikariPool-1 - Starting...
2026-04-13 18:26:16 [main] INFO  com.zaxxer.hikari.pool.HikariPool - HikariPool-1 - Added connection org.sqlite.jdbc4.JDBC4Connection@61001b64
2026-04-13 18:26:16 [main] INFO  com.zaxxer.hikari.HikariDataSource - HikariPool-1 - Start completed.
2026-04-13 18:26:16 [main] INFO  org.flywaydb.core.FlywayExecutor - Database: jdbc:sqlite:app.db (SQLite 3.50)
2026-04-13 18:26:16 [main] INFO  o.f.core.internal.command.DbValidate - Successfully validated 7 migrations (execution time 00:00.015s)
2026-04-13 18:26:16 [main] INFO  o.f.core.internal.command.DbMigrate - Current version of schema "main": 7
2026-04-13 18:26:16 [main] INFO  o.f.core.internal.command.DbMigrate - Schema "main" is up to date. No migration necessary.
2026-04-13 18:26:54 [main] INFO  com.zaxxer.hikari.HikariDataSource - HikariPool-1 - Starting...
2026-04-13 18:26:54 [main] INFO  com.zaxxer.hikari.pool.HikariPool - HikariPool-1 - Added connection org.sqlite.jdbc4.JDBC4Connection@61001b64
2026-04-13 18:26:54 [main] INFO  com.zaxxer.hikari.HikariDataSource - HikariPool-1 - Start completed.
2026-04-13 18:26:54 [main] INFO  org.flywaydb.core.FlywayExecutor - Database: jdbc:sqlite:app.db (SQLite 3.50)
2026-04-13 18:26:54 [main] INFO  o.f.core.internal.command.DbValidate - Successfully validated 7 migrations (execution time 00:00.014s)
2026-04-13 18:26:54 [main] INFO  o.f.core.internal.command.DbMigrate - Current version of schema "main": 7
2026-04-13 18:26:54 [main] INFO  o.f.core.internal.command.DbMigrate - Schema "main" is up to date. No migration necessary.
2026-04-13 18:28:26 [main] INFO  com.zaxxer.hikari.HikariDataSource - HikariPool-1 - Starting...
2026-04-13 18:28:26 [main] INFO  com.zaxxer.hikari.pool.HikariPool - HikariPool-1 - Added connection org.sqlite.jdbc4.JDBC4Connection@61001b64
2026-04-13 18:28:26 [main] INFO  com.zaxxer.hikari.HikariDataSource - HikariPool-1 - Start completed.
2026-04-13 18:28:26 [main] INFO  org.flywaydb.core.FlywayExecutor - Database: jdbc:sqlite:app.db (SQLite 3.50)
2026-04-13 18:28:26 [main] INFO  o.f.core.internal.command.DbValidate - Successfully validated 7 migrations (execution time 00:00.014s)
2026-04-13 18:28:26 [main] INFO  o.f.core.internal.command.DbMigrate - Current version of schema "main": 7
2026-04-13 18:28:26 [main] INFO  o.f.core.internal.command.DbMigrate - Schema "main" is up to date. No migration necessary.
2026-04-14 15:33:21 [main] INFO  com.zaxxer.hikari.HikariDataSource - HikariPool-1 - Starting...
2026-04-14 15:33:21 [main] INFO  com.zaxxer.hikari.pool.HikariPool - HikariPool-1 - Added connection org.sqlite.jdbc4.JDBC4Connection@61001b64
2026-04-14 15:33:21 [main] INFO  com.zaxxer.hikari.HikariDataSource - HikariPool-1 - Start completed.
2026-04-14 15:33:21 [main] INFO  org.flywaydb.core.FlywayExecutor - Database: jdbc:sqlite:app.db (SQLite 3.50)
2026-04-14 15:33:21 [main] INFO  o.f.core.internal.command.DbValidate - Successfully validated 7 migrations (execution time 00:00.019s)
2026-04-14 15:33:21 [main] INFO  o.f.core.internal.command.DbMigrate - Current version of schema "main": 7
2026-04-14 15:33:21 [main] INFO  o.f.core.internal.command.DbMigrate - Schema "main" is up to date. No migration necessary.
2026-04-14 15:34:29 [main] INFO  com.zaxxer.hikari.HikariDataSource - HikariPool-1 - Starting...
2026-04-14 15:34:30 [main] INFO  com.zaxxer.hikari.pool.HikariPool - HikariPool-1 - Added connection org.sqlite.jdbc4.JDBC4Connection@61001b64
2026-04-14 15:34:30 [main] INFO  com.zaxxer.hikari.HikariDataSource - HikariPool-1 - Start completed.
2026-04-14 15:34:30 [main] INFO  org.flywaydb.core.FlywayExecutor - Database: jdbc:sqlite:app.db (SQLite 3.50)
2026-04-14 15:34:30 [main] INFO  o.f.core.internal.command.DbValidate - Successfully validated 7 migrations (execution time 00:00.013s)
2026-04-14 15:34:30 [main] INFO  o.f.core.internal.command.DbMigrate - Current version of schema "main": 7
2026-04-14 15:34:30 [main] INFO  o.f.core.internal.command.DbMigrate - Schema "main" is up to date. No migration necessary.
2026-04-14 15:41:24 [main] INFO  com.zaxxer.hikari.HikariDataSource - HikariPool-1 - Starting...
2026-04-14 15:41:24 [main] INFO  com.zaxxer.hikari.pool.HikariPool - HikariPool-1 - Added connection org.sqlite.jdbc4.JDBC4Connection@61001b64
2026-04-14 15:41:24 [main] INFO  com.zaxxer.hikari.HikariDataSource - HikariPool-1 - Start completed.
2026-04-14 15:41:24 [main] INFO  org.flywaydb.core.FlywayExecutor - Database: jdbc:sqlite:app.db (SQLite 3.50)
2026-04-14 15:41:24 [main] INFO  o.f.core.internal.command.DbValidate - Successfully validated 7 migrations (execution time 00:00.013s)
2026-04-14 15:41:24 [main] INFO  o.f.core.internal.command.DbMigrate - Current version of schema "main": 7
2026-04-14 15:41:24 [main] INFO  o.f.core.internal.command.DbMigrate - Schema "main" is up to date. No migration necessary.
2026-04-14 15:50:14 [main] INFO  com.zaxxer.hikari.HikariDataSource - HikariPool-1 - Starting...
2026-04-14 15:50:15 [main] INFO  com.zaxxer.hikari.pool.HikariPool - HikariPool-1 - Added connection org.sqlite.jdbc4.JDBC4Connection@61001b64
2026-04-14 15:50:15 [main] INFO  com.zaxxer.hikari.HikariDataSource - HikariPool-1 - Start completed.
2026-04-14 15:50:15 [main] INFO  org.flywaydb.core.FlywayExecutor - Database: jdbc:sqlite:app.db (SQLite 3.50)
2026-04-14 15:50:15 [main] INFO  o.f.core.internal.command.DbValidate - Successfully validated 7 migrations (execution time 00:00.014s)
2026-04-14 15:50:15 [main] INFO  o.f.core.internal.command.DbMigrate - Current version of schema "main": 7
2026-04-14 15:50:15 [main] INFO  o.f.core.internal.command.DbMigrate - Schema "main" is up to date. No migration necessary.
2026-04-14 15:51:17 [main] INFO  com.zaxxer.hikari.HikariDataSource - HikariPool-1 - Starting...
2026-04-14 15:51:18 [main] INFO  com.zaxxer.hikari.pool.HikariPool - HikariPool-1 - Added connection org.sqlite.jdbc4.JDBC4Connection@61001b64
2026-04-14 15:51:18 [main] INFO  com.zaxxer.hikari.HikariDataSource - HikariPool-1 - Start completed.
2026-04-14 15:51:18 [main] INFO  org.flywaydb.core.FlywayExecutor - Database: jdbc:sqlite:app.db (SQLite 3.50)
2026-04-14 15:51:18 [main] INFO  o.f.core.internal.command.DbValidate - Successfully validated 7 migrations (execution time 00:00.015s)
2026-04-14 15:51:18 [main] INFO  o.f.core.internal.command.DbMigrate - Current version of schema "main": 7
2026-04-14 15:51:18 [main] INFO  o.f.core.internal.command.DbMigrate - Schema "main" is up to date. No migration necessary.
2026-04-14 16:00:41 [main] INFO  com.zaxxer.hikari.HikariDataSource - HikariPool-1 - Starting...
2026-04-14 16:00:41 [main] INFO  com.zaxxer.hikari.pool.HikariPool - HikariPool-1 - Added connection org.sqlite.jdbc4.JDBC4Connection@61001b64
2026-04-14 16:00:41 [main] INFO  com.zaxxer.hikari.HikariDataSource - HikariPool-1 - Start completed.
2026-04-14 16:00:41 [main] INFO  org.flywaydb.core.FlywayExecutor - Database: jdbc:sqlite:app.db (SQLite 3.50)
2026-04-14 16:00:41 [main] INFO  o.f.core.internal.command.DbValidate - Successfully validated 7 migrations (execution time 00:00.015s)
2026-04-14 16:00:41 [main] INFO  o.f.core.internal.command.DbMigrate - Current version of schema "main": 7
2026-04-14 16:00:41 [main] INFO  o.f.core.internal.command.DbMigrate - Schema "main" is up to date. No migration necessary.
2026-04-14 16:05:59 [main] INFO  com.zaxxer.hikari.HikariDataSource - HikariPool-1 - Starting...
2026-04-14 16:05:59 [main] INFO  com.zaxxer.hikari.pool.HikariPool - HikariPool-1 - Added connection org.sqlite.jdbc4.JDBC4Connection@61001b64
2026-04-14 16:05:59 [main] INFO  com.zaxxer.hikari.HikariDataSource - HikariPool-1 - Start completed.
2026-04-14 16:06:00 [main] INFO  org.flywaydb.core.FlywayExecutor - Database: jdbc:sqlite:app.db (SQLite 3.50)
2026-04-14 16:06:00 [main] INFO  o.f.core.internal.command.DbValidate - Successfully validated 7 migrations (execution time 00:00.013s)
2026-04-14 16:06:00 [main] INFO  o.f.core.internal.command.DbMigrate - Current version of schema "main": 7
2026-04-14 16:06:00 [main] INFO  o.f.core.internal.command.DbMigrate - Schema "main" is up to date. No migration necessary.
2026-04-14 16:19:41 [main] INFO  com.zaxxer.hikari.HikariDataSource - HikariPool-1 - Starting...
2026-04-14 16:19:41 [main] INFO  com.zaxxer.hikari.pool.HikariPool - HikariPool-1 - Added connection org.sqlite.jdbc4.JDBC4Connection@61001b64
2026-04-14 16:19:41 [main] INFO  com.zaxxer.hikari.HikariDataSource - HikariPool-1 - Start completed.
2026-04-14 16:19:41 [main] INFO  org.flywaydb.core.FlywayExecutor - Database: jdbc:sqlite:app.db (SQLite 3.50)
2026-04-14 16:19:41 [main] INFO  o.f.core.internal.command.DbValidate - Successfully validated 7 migrations (execution time 00:00.015s)
2026-04-14 16:19:41 [main] INFO  o.f.core.internal.command.DbMigrate - Current version of schema "main": 7
2026-04-14 16:19:41 [main] INFO  o.f.core.internal.command.DbMigrate - Schema "main" is up to date. No migration necessary.
2026-04-14 16:20:38 [main] INFO  com.zaxxer.hikari.HikariDataSource - HikariPool-1 - Starting...
2026-04-14 16:20:38 [main] INFO  com.zaxxer.hikari.pool.HikariPool - HikariPool-1 - Added connection org.sqlite.jdbc4.JDBC4Connection@61001b64
2026-04-14 16:20:38 [main] INFO  com.zaxxer.hikari.HikariDataSource - HikariPool-1 - Start completed.
2026-04-14 16:20:38 [main] INFO  org.flywaydb.core.FlywayExecutor - Database: jdbc:sqlite:app.db (SQLite 3.50)
2026-04-14 16:20:38 [main] INFO  o.f.core.internal.command.DbValidate - Successfully validated 7 migrations (execution time 00:00.014s)
2026-04-14 16:20:38 [main] INFO  o.f.core.internal.command.DbMigrate - Current version of schema "main": 7
2026-04-14 16:20:38 [main] INFO  o.f.core.internal.command.DbMigrate - Schema "main" is up to date. No migration necessary.
2026-04-14 16:27:01 [main] INFO  com.zaxxer.hikari.HikariDataSource - HikariPool-1 - Starting...
2026-04-14 16:27:01 [main] INFO  com.zaxxer.hikari.pool.HikariPool - HikariPool-1 - Added connection org.sqlite.jdbc4.JDBC4Connection@61001b64
2026-04-14 16:27:01 [main] INFO  com.zaxxer.hikari.HikariDataSource - HikariPool-1 - Start completed.
2026-04-14 16:27:01 [main] INFO  org.flywaydb.core.FlywayExecutor - Database: jdbc:sqlite:app.db (SQLite 3.50)
2026-04-14 16:27:01 [main] INFO  o.f.core.internal.command.DbValidate - Successfully validated 7 migrations (execution time 00:00.015s)
2026-04-14 16:27:01 [main] INFO  o.f.core.internal.command.DbMigrate - Current version of schema "main": 7
2026-04-14 16:27:01 [main] INFO  o.f.core.internal.command.DbMigrate - Schema "main" is up to date. No migration necessary.
2026-04-14 16:27:32 [main] INFO  com.zaxxer.hikari.HikariDataSource - HikariPool-1 - Starting...
2026-04-14 16:27:32 [main] INFO  com.zaxxer.hikari.pool.HikariPool - HikariPool-1 - Added connection org.sqlite.jdbc4.JDBC4Connection@61001b64
2026-04-14 16:27:32 [main] INFO  com.zaxxer.hikari.HikariDataSource - HikariPool-1 - Start completed.
2026-04-14 16:27:32 [main] INFO  org.flywaydb.core.FlywayExecutor - Database: jdbc:sqlite:app.db (SQLite 3.50)
2026-04-14 16:27:32 [main] INFO  o.f.core.internal.command.DbValidate - Successfully validated 7 migrations (execution time 00:00.013s)
2026-04-14 16:27:32 [main] INFO  o.f.core.internal.command.DbMigrate - Current version of schema "main": 7
2026-04-14 16:27:32 [main] INFO  o.f.core.internal.command.DbMigrate - Schema "main" is up to date. No migration necessary.
2026-04-14 16:28:38 [main] INFO  com.zaxxer.hikari.HikariDataSource - HikariPool-1 - Starting...
2026-04-14 16:28:38 [main] INFO  com.zaxxer.hikari.pool.HikariPool - HikariPool-1 - Added connection org.sqlite.jdbc4.JDBC4Connection@61001b64
2026-04-14 16:28:38 [main] INFO  com.zaxxer.hikari.HikariDataSource - HikariPool-1 - Start completed.
2026-04-14 16:28:39 [main] INFO  org.flywaydb.core.FlywayExecutor - Database: jdbc:sqlite:app.db (SQLite 3.50)
2026-04-14 16:28:39 [main] INFO  o.f.core.internal.command.DbValidate - Successfully validated 7 migrations (execution time 00:00.012s)
2026-04-14 16:28:39 [main] INFO  o.f.core.internal.command.DbMigrate - Current version of schema "main": 7
2026-04-14 16:28:39 [main] INFO  o.f.core.internal.command.DbMigrate - Schema "main" is up to date. No migration necessary.
2026-04-14 16:28:58 [main] INFO  com.zaxxer.hikari.HikariDataSource - HikariPool-1 - Starting...
2026-04-14 16:28:58 [main] INFO  com.zaxxer.hikari.pool.HikariPool - HikariPool-1 - Added connection org.sqlite.jdbc4.JDBC4Connection@61001b64
2026-04-14 16:28:58 [main] INFO  com.zaxxer.hikari.HikariDataSource - HikariPool-1 - Start completed.
2026-04-14 16:28:58 [main] INFO  org.flywaydb.core.FlywayExecutor - Database: jdbc:sqlite:app.db (SQLite 3.50)
2026-04-14 16:28:58 [main] INFO  o.f.core.internal.command.DbValidate - Successfully validated 7 migrations (execution time 00:00.014s)
2026-04-14 16:28:58 [main] INFO  o.f.core.internal.command.DbMigrate - Current version of schema "main": 7
2026-04-14 16:28:58 [main] INFO  o.f.core.internal.command.DbMigrate - Schema "main" is up to date. No migration necessary.
2026-04-14 16:29:54 [main] INFO  com.zaxxer.hikari.HikariDataSource - HikariPool-1 - Starting...
2026-04-14 16:29:54 [main] INFO  com.zaxxer.hikari.pool.HikariPool - HikariPool-1 - Added connection org.sqlite.jdbc4.JDBC4Connection@61001b64
2026-04-14 16:29:54 [main] INFO  com.zaxxer.hikari.HikariDataSource - HikariPool-1 - Start completed.
2026-04-14 16:29:54 [main] INFO  org.flywaydb.core.FlywayExecutor - Database: jdbc:sqlite:app.db (SQLite 3.50)
2026-04-14 16:29:54 [main] INFO  o.f.core.internal.command.DbValidate - Successfully validated 7 migrations (execution time 00:00.013s)
2026-04-14 16:29:54 [main] INFO  o.f.core.internal.command.DbMigrate - Current version of schema "main": 7
2026-04-14 16:29:54 [main] INFO  o.f.core.internal.command.DbMigrate - Schema "main" is up to date. No migration necessary.
2026-04-14 16:30:59 [main] INFO  com.zaxxer.hikari.HikariDataSource - HikariPool-1 - Starting...
2026-04-14 16:30:59 [main] INFO  com.zaxxer.hikari.pool.HikariPool - HikariPool-1 - Added connection org.sqlite.jdbc4.JDBC4Connection@61001b64
2026-04-14 16:30:59 [main] INFO  com.zaxxer.hikari.HikariDataSource - HikariPool-1 - Start completed.
2026-04-14 16:30:59 [main] INFO  org.flywaydb.core.FlywayExecutor - Database: jdbc:sqlite:app.db (SQLite 3.50)
2026-04-14 16:30:59 [main] INFO  o.f.core.internal.command.DbValidate - Successfully validated 7 migrations (execution time 00:00.014s)
2026-04-14 16:30:59 [main] INFO  o.f.core.internal.command.DbMigrate - Current version of schema "main": 7
2026-04-14 16:30:59 [main] INFO  o.f.core.internal.command.DbMigrate - Schema "main" is up to date. No migration necessary.
2026-04-14 16:35:22 [main] INFO  com.zaxxer.hikari.HikariDataSource - HikariPool-1 - Starting...
2026-04-14 16:35:22 [main] INFO  com.zaxxer.hikari.pool.HikariPool - HikariPool-1 - Added connection org.sqlite.jdbc4.JDBC4Connection@61001b64
2026-04-14 16:35:22 [main] INFO  com.zaxxer.hikari.HikariDataSource - HikariPool-1 - Start completed.
2026-04-14 16:35:22 [main] INFO  org.flywaydb.core.FlywayExecutor - Database: jdbc:sqlite:app.db (SQLite 3.50)
2026-04-14 16:35:22 [main] INFO  o.f.core.internal.command.DbValidate - Successfully validated 7 migrations (execution time 00:00.015s)
2026-04-14 16:35:22 [main] INFO  o.f.core.internal.command.DbMigrate - Current version of schema "main": 7
2026-04-14 16:35:22 [main] INFO  o.f.core.internal.command.DbMigrate - Schema "main" is up to date. No migration necessary.
2026-04-14 16:39:09 [main] INFO  com.zaxxer.hikari.HikariDataSource - HikariPool-1 - Starting...
2026-04-14 16:39:09 [main] INFO  com.zaxxer.hikari.pool.HikariPool - HikariPool-1 - Added connection org.sqlite.jdbc4.JDBC4Connection@61001b64
2026-04-14 16:39:09 [main] INFO  com.zaxxer.hikari.HikariDataSource - HikariPool-1 - Start completed.
2026-04-14 16:39:09 [main] INFO  org.flywaydb.core.FlywayExecutor - Database: jdbc:sqlite:app.db (SQLite 3.50)
2026-04-14 16:39:09 [main] INFO  o.f.core.internal.command.DbValidate - Successfully validated 7 migrations (execution time 00:00.014s)
2026-04-14 16:39:09 [main] INFO  o.f.core.internal.command.DbMigrate - Current version of schema "main": 7
2026-04-14 16:39:09 [main] INFO  o.f.core.internal.command.DbMigrate - Schema "main" is up to date. No migration necessary.
2026-04-14 16:40:41 [main] INFO  com.zaxxer.hikari.HikariDataSource - HikariPool-1 - Starting...
2026-04-14 16:40:41 [main] INFO  com.zaxxer.hikari.pool.HikariPool - HikariPool-1 - Added connection org.sqlite.jdbc4.JDBC4Connection@61001b64
2026-04-14 16:40:41 [main] INFO  com.zaxxer.hikari.HikariDataSource - HikariPool-1 - Start completed.
2026-04-14 16:40:41 [main] INFO  org.flywaydb.core.FlywayExecutor - Database: jdbc:sqlite:app.db (SQLite 3.50)
2026-04-14 16:40:41 [main] INFO  o.f.core.internal.command.DbValidate - Successfully validated 7 migrations (execution time 00:00.013s)
2026-04-14 16:40:41 [main] INFO  o.f.core.internal.command.DbMigrate - Current version of schema "main": 7
2026-04-14 16:40:41 [main] INFO  o.f.core.internal.command.DbMigrate - Schema "main" is up to date. No migration necessary.
2026-04-14 16:41:35 [main] INFO  com.zaxxer.hikari.HikariDataSource - HikariPool-1 - Starting...
2026-04-14 16:41:35 [main] INFO  com.zaxxer.hikari.pool.HikariPool - HikariPool-1 - Added connection org.sqlite.jdbc4.JDBC4Connection@61001b64
2026-04-14 16:41:35 [main] INFO  com.zaxxer.hikari.HikariDataSource - HikariPool-1 - Start completed.
2026-04-14 16:41:35 [main] INFO  org.flywaydb.core.FlywayExecutor - Database: jdbc:sqlite:app.db (SQLite 3.50)
2026-04-14 16:41:35 [main] INFO  o.f.core.internal.command.DbValidate - Successfully validated 7 migrations (execution time 00:00.013s)
2026-04-14 16:41:35 [main] INFO  o.f.core.internal.command.DbMigrate - Current version of schema "main": 7
2026-04-14 16:41:35 [main] INFO  o.f.core.internal.command.DbMigrate - Schema "main" is up to date. No migration necessary.
2026-04-14 19:41:35 [main] INFO  com.zaxxer.hikari.HikariDataSource - HikariPool-1 - Starting...
2026-04-14 19:41:35 [main] INFO  com.zaxxer.hikari.pool.HikariPool - HikariPool-1 - Added connection org.sqlite.jdbc4.JDBC4Connection@61001b64
2026-04-14 19:41:35 [main] INFO  com.zaxxer.hikari.HikariDataSource - HikariPool-1 - Start completed.
2026-04-14 19:41:35 [main] INFO  org.flywaydb.core.FlywayExecutor - Database: jdbc:sqlite:app.db (SQLite 3.50)
2026-04-14 19:41:35 [main] INFO  o.f.core.internal.command.DbValidate - Successfully validated 7 migrations (execution time 00:00.018s)
2026-04-14 19:41:35 [main] INFO  o.f.core.internal.command.DbMigrate - Current version of schema "main": 7
2026-04-14 19:41:35 [main] INFO  o.f.core.internal.command.DbMigrate - Schema "main" is up to date. No migration necessary.
2026-04-14 19:44:37 [main] INFO  com.zaxxer.hikari.HikariDataSource - HikariPool-1 - Starting...
2026-04-14 19:44:37 [main] INFO  com.zaxxer.hikari.pool.HikariPool - HikariPool-1 - Added connection org.sqlite.jdbc4.JDBC4Connection@61001b64
2026-04-14 19:44:37 [main] INFO  com.zaxxer.hikari.HikariDataSource - HikariPool-1 - Start completed.
2026-04-14 19:44:37 [main] INFO  org.flywaydb.core.FlywayExecutor - Database: jdbc:sqlite:app.db (SQLite 3.50)
2026-04-14 19:44:37 [main] INFO  o.f.core.internal.command.DbValidate - Successfully validated 7 migrations (execution time 00:00.015s)
2026-04-14 19:44:37 [main] INFO  o.f.core.internal.command.DbMigrate - Current version of schema "main": 7
2026-04-14 19:44:37 [main] INFO  o.f.core.internal.command.DbMigrate - Schema "main" is up to date. No migration necessary.
2026-04-14 19:46:25 [main] INFO  com.zaxxer.hikari.HikariDataSource - HikariPool-1 - Starting...
2026-04-14 19:46:25 [main] INFO  com.zaxxer.hikari.pool.HikariPool - HikariPool-1 - Added connection org.sqlite.jdbc4.JDBC4Connection@61001b64
2026-04-14 19:46:25 [main] INFO  com.zaxxer.hikari.HikariDataSource - HikariPool-1 - Start completed.
2026-04-14 19:46:25 [main] INFO  org.flywaydb.core.FlywayExecutor - Database: jdbc:sqlite:app.db (SQLite 3.50)
2026-04-14 19:46:25 [main] INFO  o.f.core.internal.command.DbValidate - Successfully validated 7 migrations (execution time 00:00.014s)
2026-04-14 19:46:25 [main] INFO  o.f.core.internal.command.DbMigrate - Current version of schema "main": 7
2026-04-14 19:46:25 [main] INFO  o.f.core.internal.command.DbMigrate - Schema "main" is up to date. No migration necessary.
2026-04-14 19:46:56 [main] INFO  com.zaxxer.hikari.HikariDataSource - HikariPool-1 - Starting...
2026-04-14 19:46:56 [main] INFO  com.zaxxer.hikari.pool.HikariPool - HikariPool-1 - Added connection org.sqlite.jdbc4.JDBC4Connection@61001b64
2026-04-14 19:46:56 [main] INFO  com.zaxxer.hikari.HikariDataSource - HikariPool-1 - Start completed.
2026-04-14 19:46:56 [main] INFO  org.flywaydb.core.FlywayExecutor - Database: jdbc:sqlite:app.db (SQLite 3.50)
2026-04-14 19:46:56 [main] INFO  o.f.core.internal.command.DbValidate - Successfully validated 7 migrations (execution time 00:00.014s)
2026-04-14 19:46:56 [main] INFO  o.f.core.internal.command.DbMigrate - Current version of schema "main": 7
2026-04-14 19:46:56 [main] INFO  o.f.core.internal.command.DbMigrate - Schema "main" is up to date. No migration necessary.
2026-04-14 19:49:26 [main] INFO  com.zaxxer.hikari.HikariDataSource - HikariPool-1 - Starting...
2026-04-14 19:49:26 [main] INFO  com.zaxxer.hikari.pool.HikariPool - HikariPool-1 - Added connection org.sqlite.jdbc4.JDBC4Connection@61001b64
2026-04-14 19:49:26 [main] INFO  com.zaxxer.hikari.HikariDataSource - HikariPool-1 - Start completed.
2026-04-14 19:49:26 [main] INFO  org.flywaydb.core.FlywayExecutor - Database: jdbc:sqlite:app.db (SQLite 3.50)
2026-04-14 19:49:26 [main] INFO  o.f.core.internal.command.DbValidate - Successfully validated 7 migrations (execution time 00:00.015s)
2026-04-14 19:49:26 [main] INFO  o.f.core.internal.command.DbMigrate - Current version of schema "main": 7
2026-04-14 19:49:26 [main] INFO  o.f.core.internal.command.DbMigrate - Schema "main" is up to date. No migration necessary.
2026-04-14 19:49:51 [main] INFO  com.zaxxer.hikari.HikariDataSource - HikariPool-1 - Starting...
2026-04-14 19:49:51 [main] INFO  com.zaxxer.hikari.pool.HikariPool - HikariPool-1 - Added connection org.sqlite.jdbc4.JDBC4Connection@61001b64
2026-04-14 19:49:51 [main] INFO  com.zaxxer.hikari.HikariDataSource - HikariPool-1 - Start completed.
2026-04-14 19:49:52 [main] INFO  org.flywaydb.core.FlywayExecutor - Database: jdbc:sqlite:app.db (SQLite 3.50)
2026-04-14 19:49:52 [main] INFO  o.f.core.internal.command.DbValidate - Successfully validated 7 migrations (execution time 00:00.015s)
2026-04-14 19:49:52 [main] INFO  o.f.core.internal.command.DbMigrate - Current version of schema "main": 7
2026-04-14 19:49:52 [main] INFO  o.f.core.internal.command.DbMigrate - Schema "main" is up to date. No migration necessary.
2026-04-14 19:50:45 [main] INFO  com.zaxxer.hikari.HikariDataSource - HikariPool-1 - Starting...
2026-04-14 19:50:45 [main] INFO  com.zaxxer.hikari.pool.HikariPool - HikariPool-1 - Added connection org.sqlite.jdbc4.JDBC4Connection@61001b64
2026-04-14 19:50:45 [main] INFO  com.zaxxer.hikari.HikariDataSource - HikariPool-1 - Start completed.
2026-04-14 19:50:45 [main] INFO  org.flywaydb.core.FlywayExecutor - Database: jdbc:sqlite:app.db (SQLite 3.50)
2026-04-14 19:50:46 [main] INFO  o.f.core.internal.command.DbValidate - Successfully validated 7 migrations (execution time 00:00.015s)
2026-04-14 19:50:46 [main] INFO  o.f.core.internal.command.DbMigrate - Current version of schema "main": 7
2026-04-14 19:50:46 [main] INFO  o.f.core.internal.command.DbMigrate - Schema "main" is up to date. No migration necessary.
2026-04-14 19:51:34 [main] INFO  com.zaxxer.hikari.HikariDataSource - HikariPool-1 - Starting...
2026-04-14 19:51:34 [main] INFO  com.zaxxer.hikari.pool.HikariPool - HikariPool-1 - Added connection org.sqlite.jdbc4.JDBC4Connection@61001b64
2026-04-14 19:51:34 [main] INFO  com.zaxxer.hikari.HikariDataSource - HikariPool-1 - Start completed.
2026-04-14 19:51:34 [main] INFO  org.flywaydb.core.FlywayExecutor - Database: jdbc:sqlite:app.db (SQLite 3.50)
2026-04-14 19:51:34 [main] INFO  o.f.core.internal.command.DbValidate - Successfully validated 7 migrations (execution time 00:00.014s)
2026-04-14 19:51:34 [main] INFO  o.f.core.internal.command.DbMigrate - Current version of schema "main": 7
2026-04-14 19:51:34 [main] INFO  o.f.core.internal.command.DbMigrate - Schema "main" is up to date. No migration necessary.
2026-04-14 19:53:22 [main] INFO  com.zaxxer.hikari.HikariDataSource - HikariPool-1 - Starting...
2026-04-14 19:53:22 [main] INFO  com.zaxxer.hikari.pool.HikariPool - HikariPool-1 - Added connection org.sqlite.jdbc4.JDBC4Connection@61001b64
2026-04-14 19:53:22 [main] INFO  com.zaxxer.hikari.HikariDataSource - HikariPool-1 - Start completed.
2026-04-14 19:53:22 [main] INFO  org.flywaydb.core.FlywayExecutor - Database: jdbc:sqlite:app.db (SQLite 3.50)
2026-04-14 19:53:22 [main] INFO  o.f.core.internal.command.DbValidate - Successfully validated 7 migrations (execution time 00:00.015s)
2026-04-14 19:53:22 [main] INFO  o.f.core.internal.command.DbMigrate - Current version of schema "main": 7
2026-04-14 19:53:22 [main] INFO  o.f.core.internal.command.DbMigrate - Schema "main" is up to date. No migration necessary.
2026-04-14 19:57:27 [main] INFO  com.zaxxer.hikari.HikariDataSource - HikariPool-1 - Starting...
2026-04-14 19:57:27 [main] INFO  com.zaxxer.hikari.pool.HikariPool - HikariPool-1 - Added connection org.sqlite.jdbc4.JDBC4Connection@61001b64
2026-04-14 19:57:27 [main] INFO  com.zaxxer.hikari.HikariDataSource - HikariPool-1 - Start completed.
2026-04-14 19:57:28 [main] INFO  org.flywaydb.core.FlywayExecutor - Database: jdbc:sqlite:app.db (SQLite 3.50)
2026-04-14 19:57:28 [main] INFO  o.f.core.internal.command.DbValidate - Successfully validated 7 migrations (execution time 00:00.015s)
2026-04-14 19:57:28 [main] INFO  o.f.core.internal.command.DbMigrate - Current version of schema "main": 7
2026-04-14 19:57:28 [main] INFO  o.f.core.internal.command.DbMigrate - Schema "main" is up to date. No migration necessary.
2026-04-14 20:02:02 [main] INFO  com.zaxxer.hikari.HikariDataSource - HikariPool-1 - Starting...
2026-04-14 20:02:02 [main] INFO  com.zaxxer.hikari.pool.HikariPool - HikariPool-1 - Added connection org.sqlite.jdbc4.JDBC4Connection@61001b64
2026-04-14 20:02:02 [main] INFO  com.zaxxer.hikari.HikariDataSource - HikariPool-1 - Start completed.
2026-04-14 20:02:02 [main] INFO  org.flywaydb.core.FlywayExecutor - Database: jdbc:sqlite:app.db (SQLite 3.50)
2026-04-14 20:02:02 [main] INFO  o.f.core.internal.command.DbValidate - Successfully validated 7 migrations (execution time 00:00.015s)
2026-04-14 20:02:02 [main] INFO  o.f.core.internal.command.DbMigrate - Current version of schema "main": 7
2026-04-14 20:02:02 [main] INFO  o.f.core.internal.command.DbMigrate - Schema "main" is up to date. No migration necessary.
2026-04-14 20:04:01 [main] INFO  com.zaxxer.hikari.HikariDataSource - HikariPool-1 - Starting...
2026-04-14 20:04:01 [main] INFO  com.zaxxer.hikari.pool.HikariPool - HikariPool-1 - Added connection org.sqlite.jdbc4.JDBC4Connection@61001b64
2026-04-14 20:04:01 [main] INFO  com.zaxxer.hikari.HikariDataSource - HikariPool-1 - Start completed.
2026-04-14 20:04:01 [main] INFO  org.flywaydb.core.FlywayExecutor - Database: jdbc:sqlite:app.db (SQLite 3.50)
2026-04-14 20:04:01 [main] INFO  o.f.core.internal.command.DbValidate - Successfully validated 7 migrations (execution time 00:00.014s)
2026-04-14 20:04:01 [main] INFO  o.f.core.internal.command.DbMigrate - Current version of schema "main": 7
2026-04-14 20:04:01 [main] INFO  o.f.core.internal.command.DbMigrate - Schema "main" is up to date. No migration necessary.
2026-04-14 20:05:59 [main] INFO  com.zaxxer.hikari.HikariDataSource - HikariPool-1 - Starting...
2026-04-14 20:05:59 [main] INFO  com.zaxxer.hikari.pool.HikariPool - HikariPool-1 - Added connection org.sqlite.jdbc4.JDBC4Connection@61001b64
2026-04-14 20:05:59 [main] INFO  com.zaxxer.hikari.HikariDataSource - HikariPool-1 - Start completed.
2026-04-14 20:05:59 [main] INFO  org.flywaydb.core.FlywayExecutor - Database: jdbc:sqlite:app.db (SQLite 3.50)
2026-04-14 20:05:59 [main] INFO  o.f.core.internal.command.DbValidate - Successfully validated 7 migrations (execution time 00:00.013s)
2026-04-14 20:05:59 [main] INFO  o.f.core.internal.command.DbMigrate - Current version of schema "main": 7
2026-04-14 20:05:59 [main] INFO  o.f.core.internal.command.DbMigrate - Schema "main" is up to date. No migration necessary.
2026-04-14 20:07:20 [main] INFO  com.zaxxer.hikari.HikariDataSource - HikariPool-1 - Starting...
2026-04-14 20:07:20 [main] INFO  com.zaxxer.hikari.pool.HikariPool - HikariPool-1 - Added connection org.sqlite.jdbc4.JDBC4Connection@61001b64
2026-04-14 20:07:20 [main] INFO  com.zaxxer.hikari.HikariDataSource - HikariPool-1 - Start completed.
2026-04-14 20:07:20 [main] INFO  org.flywaydb.core.FlywayExecutor - Database: jdbc:sqlite:app.db (SQLite 3.50)
2026-04-14 20:07:20 [main] INFO  o.f.core.internal.command.DbValidate - Successfully validated 7 migrations (execution time 00:00.014s)
2026-04-14 20:07:20 [main] INFO  o.f.core.internal.command.DbMigrate - Current version of schema "main": 7
2026-04-14 20:07:20 [main] INFO  o.f.core.internal.command.DbMigrate - Schema "main" is up to date. No migration necessary.
2026-04-14 20:12:03 [main] INFO  com.zaxxer.hikari.HikariDataSource - HikariPool-1 - Starting...
2026-04-14 20:12:03 [main] INFO  com.zaxxer.hikari.pool.HikariPool - HikariPool-1 - Added connection org.sqlite.jdbc4.JDBC4Connection@61001b64
2026-04-14 20:12:03 [main] INFO  com.zaxxer.hikari.HikariDataSource - HikariPool-1 - Start completed.
2026-04-14 20:12:03 [main] INFO  org.flywaydb.core.FlywayExecutor - Database: jdbc:sqlite:app.db (SQLite 3.50)
2026-04-14 20:12:03 [main] INFO  o.f.core.internal.command.DbValidate - Successfully validated 7 migrations (execution time 00:00.014s)
2026-04-14 20:12:03 [main] INFO  o.f.core.internal.command.DbMigrate - Current version of schema "main": 7
2026-04-14 20:12:03 [main] INFO  o.f.core.internal.command.DbMigrate - Schema "main" is up to date. No migration necessary.
2026-04-14 20:17:00 [main] INFO  com.zaxxer.hikari.HikariDataSource - HikariPool-1 - Starting...
2026-04-14 20:17:00 [main] INFO  com.zaxxer.hikari.pool.HikariPool - HikariPool-1 - Added connection org.sqlite.jdbc4.JDBC4Connection@61001b64
2026-04-14 20:17:00 [main] INFO  com.zaxxer.hikari.HikariDataSource - HikariPool-1 - Start completed.
2026-04-14 20:17:00 [main] INFO  org.flywaydb.core.FlywayExecutor - Database: jdbc:sqlite:app.db (SQLite 3.50)
2026-04-14 20:17:00 [main] INFO  o.f.core.internal.command.DbValidate - Successfully validated 7 migrations (execution time 00:00.015s)
2026-04-14 20:17:00 [main] INFO  o.f.core.internal.command.DbMigrate - Current version of schema "main": 7
2026-04-14 20:17:00 [main] INFO  o.f.core.internal.command.DbMigrate - Schema "main" is up to date. No migration necessary.
2026-04-14 20:17:46 [main] INFO  com.zaxxer.hikari.HikariDataSource - HikariPool-1 - Starting...
2026-04-14 20:17:46 [main] INFO  com.zaxxer.hikari.pool.HikariPool - HikariPool-1 - Added connection org.sqlite.jdbc4.JDBC4Connection@61001b64
2026-04-14 20:17:46 [main] INFO  com.zaxxer.hikari.HikariDataSource - HikariPool-1 - Start completed.
2026-04-14 20:17:46 [main] INFO  org.flywaydb.core.FlywayExecutor - Database: jdbc:sqlite:app.db (SQLite 3.50)
2026-04-14 20:17:46 [main] INFO  o.f.core.internal.command.DbValidate - Successfully validated 7 migrations (execution time 00:00.013s)
2026-04-14 20:17:46 [main] INFO  o.f.core.internal.command.DbMigrate - Current version of schema "main": 7
2026-04-14 20:17:46 [main] INFO  o.f.core.internal.command.DbMigrate - Schema "main" is up to date. No migration necessary.
2026-04-14 20:30:19 [main] INFO  com.zaxxer.hikari.HikariDataSource - HikariPool-1 - Starting...
2026-04-14 20:30:19 [main] INFO  com.zaxxer.hikari.pool.HikariPool - HikariPool-1 - Added connection org.sqlite.jdbc4.JDBC4Connection@61001b64
2026-04-14 20:30:19 [main] INFO  com.zaxxer.hikari.HikariDataSource - HikariPool-1 - Start completed.
2026-04-14 20:30:19 [main] INFO  org.flywaydb.core.FlywayExecutor - Database: jdbc:sqlite:app.db (SQLite 3.50)
2026-04-14 20:30:19 [main] INFO  o.f.core.internal.command.DbValidate - Successfully validated 7 migrations (execution time 00:00.014s)
2026-04-14 20:30:19 [main] INFO  o.f.core.internal.command.DbMigrate - Current version of schema "main": 7
2026-04-14 20:30:19 [main] INFO  o.f.core.internal.command.DbMigrate - Schema "main" is up to date. No migration necessary.
2026-04-14 20:31:57 [main] INFO  com.zaxxer.hikari.HikariDataSource - HikariPool-1 - Starting...
2026-04-14 20:31:57 [main] INFO  com.zaxxer.hikari.pool.HikariPool - HikariPool-1 - Added connection org.sqlite.jdbc4.JDBC4Connection@61001b64
2026-04-14 20:31:57 [main] INFO  com.zaxxer.hikari.HikariDataSource - HikariPool-1 - Start completed.
2026-04-14 20:31:57 [main] INFO  org.flywaydb.core.FlywayExecutor - Database: jdbc:sqlite:app.db (SQLite 3.50)
2026-04-14 20:31:57 [main] INFO  o.f.core.internal.command.DbValidate - Successfully validated 7 migrations (execution time 00:00.013s)
2026-04-14 20:31:57 [main] INFO  o.f.core.internal.command.DbMigrate - Current version of schema "main": 7
2026-04-14 20:31:57 [main] INFO  o.f.core.internal.command.DbMigrate - Schema "main" is up to date. No migration necessary.
2026-04-14 20:33:59 [main] INFO  com.zaxxer.hikari.HikariDataSource - HikariPool-1 - Starting...
2026-04-14 20:33:59 [main] INFO  com.zaxxer.hikari.pool.HikariPool - HikariPool-1 - Added connection org.sqlite.jdbc4.JDBC4Connection@61001b64
2026-04-14 20:33:59 [main] INFO  com.zaxxer.hikari.HikariDataSource - HikariPool-1 - Start completed.
2026-04-14 20:34:00 [main] INFO  org.flywaydb.core.FlywayExecutor - Database: jdbc:sqlite:app.db (SQLite 3.50)
2026-04-14 20:34:00 [main] INFO  o.f.core.internal.command.DbValidate - Successfully validated 7 migrations (execution time 00:00.014s)
2026-04-14 20:34:00 [main] INFO  o.f.core.internal.command.DbMigrate - Current version of schema "main": 7
2026-04-14 20:34:00 [main] INFO  o.f.core.internal.command.DbMigrate - Schema "main" is up to date. No migration necessary.
2026-04-14 20:36:02 [main] INFO  com.zaxxer.hikari.HikariDataSource - HikariPool-1 - Starting...
2026-04-14 20:36:02 [main] INFO  com.zaxxer.hikari.pool.HikariPool - HikariPool-1 - Added connection org.sqlite.jdbc4.JDBC4Connection@61001b64
2026-04-14 20:36:02 [main] INFO  com.zaxxer.hikari.HikariDataSource - HikariPool-1 - Start completed.
2026-04-14 20:36:02 [main] INFO  org.flywaydb.core.FlywayExecutor - Database: jdbc:sqlite:app.db (SQLite 3.50)
2026-04-14 20:36:02 [main] INFO  o.f.core.internal.command.DbValidate - Successfully validated 7 migrations (execution time 00:00.013s)
2026-04-14 20:36:02 [main] INFO  o.f.core.internal.command.DbMigrate - Current version of schema "main": 7
2026-04-14 20:36:02 [main] INFO  o.f.core.internal.command.DbMigrate - Schema "main" is up to date. No migration necessary.
2026-04-14 20:38:31 [main] INFO  com.zaxxer.hikari.HikariDataSource - HikariPool-1 - Starting...
2026-04-14 20:38:31 [main] INFO  com.zaxxer.hikari.pool.HikariPool - HikariPool-1 - Added connection org.sqlite.jdbc4.JDBC4Connection@61001b64
2026-04-14 20:38:31 [main] INFO  com.zaxxer.hikari.HikariDataSource - HikariPool-1 - Start completed.
2026-04-14 20:38:31 [main] INFO  org.flywaydb.core.FlywayExecutor - Database: jdbc:sqlite:app.db (SQLite 3.50)
2026-04-14 20:38:31 [main] INFO  o.f.core.internal.command.DbValidate - Successfully validated 7 migrations (execution time 00:00.013s)
2026-04-14 20:38:31 [main] INFO  o.f.core.internal.command.DbMigrate - Current version of schema "main": 7
2026-04-14 20:38:31 [main] INFO  o.f.core.internal.command.DbMigrate - Schema "main" is up to date. No migration necessary.
2026-04-14 20:39:14 [main] INFO  com.zaxxer.hikari.HikariDataSource - HikariPool-1 - Starting...
2026-04-14 20:39:14 [main] INFO  com.zaxxer.hikari.pool.HikariPool - HikariPool-1 - Added connection org.sqlite.jdbc4.JDBC4Connection@2eea88a1
2026-04-14 20:39:14 [main] INFO  com.zaxxer.hikari.HikariDataSource - HikariPool-1 - Start completed.
2026-04-14 20:39:15 [main] INFO  org.flywaydb.core.FlywayExecutor - Database: jdbc:sqlite:app.db (SQLite 3.50)
2026-04-14 20:39:15 [main] INFO  o.f.core.internal.command.DbValidate - Successfully validated 7 migrations (execution time 00:00.015s)
2026-04-14 20:39:15 [main] INFO  o.f.core.internal.command.DbMigrate - Current version of schema "main": 7
2026-04-14 20:39:15 [main] INFO  o.f.core.internal.command.DbMigrate - Schema "main" is up to date. No migration necessary.
2026-04-14 20:40:22 [main] INFO  com.zaxxer.hikari.HikariDataSource - HikariPool-1 - Starting...
2026-04-14 20:40:22 [main] INFO  com.zaxxer.hikari.pool.HikariPool - HikariPool-1 - Added connection org.sqlite.jdbc4.JDBC4Connection@2eea88a1
2026-04-14 20:40:22 [main] INFO  com.zaxxer.hikari.HikariDataSource - HikariPool-1 - Start completed.
2026-04-14 20:40:22 [main] INFO  org.flywaydb.core.FlywayExecutor - Database: jdbc:sqlite:app.db (SQLite 3.50)
2026-04-14 20:40:22 [main] INFO  o.f.core.internal.command.DbValidate - Successfully validated 7 migrations (execution time 00:00.018s)
2026-04-14 20:40:22 [main] INFO  o.f.core.internal.command.DbMigrate - Current version of schema "main": 7
2026-04-14 20:40:22 [main] INFO  o.f.core.internal.command.DbMigrate - Schema "main" is up to date. No migration necessary.
2026-04-14 20:40:51 [main] INFO  com.zaxxer.hikari.HikariDataSource - HikariPool-1 - Starting...
2026-04-14 20:40:51 [main] INFO  com.zaxxer.hikari.pool.HikariPool - HikariPool-1 - Added connection org.sqlite.jdbc4.JDBC4Connection@2eea88a1
2026-04-14 20:40:51 [main] INFO  com.zaxxer.hikari.HikariDataSource - HikariPool-1 - Start completed.
2026-04-14 20:40:52 [main] INFO  org.flywaydb.core.FlywayExecutor - Database: jdbc:sqlite:app.db (SQLite 3.50)
2026-04-14 20:40:52 [main] INFO  o.f.core.internal.command.DbValidate - Successfully validated 7 migrations (execution time 00:00.016s)
2026-04-14 20:40:52 [main] INFO  o.f.core.internal.command.DbMigrate - Current version of schema "main": 7
2026-04-14 20:40:52 [main] INFO  o.f.core.internal.command.DbMigrate - Schema "main" is up to date. No migration necessary.
2026-04-14 20:43:03 [main] INFO  com.zaxxer.hikari.HikariDataSource - HikariPool-1 - Starting...
2026-04-14 20:43:03 [main] INFO  com.zaxxer.hikari.pool.HikariPool - HikariPool-1 - Added connection org.sqlite.jdbc4.JDBC4Connection@61001b64
2026-04-14 20:43:03 [main] INFO  com.zaxxer.hikari.HikariDataSource - HikariPool-1 - Start completed.
2026-04-14 20:43:03 [main] INFO  org.flywaydb.core.FlywayExecutor - Database: jdbc:sqlite:app.db (SQLite 3.50)
2026-04-14 20:43:03 [main] INFO  o.f.core.internal.command.DbValidate - Successfully validated 7 migrations (execution time 00:00.013s)
2026-04-14 20:43:03 [main] INFO  o.f.core.internal.command.DbMigrate - Current version of schema "main": 7
2026-04-14 20:43:03 [main] INFO  o.f.core.internal.command.DbMigrate - Schema "main" is up to date. No migration necessary.
2026-04-14 20:43:37 [main] INFO  com.zaxxer.hikari.HikariDataSource - HikariPool-1 - Starting...
2026-04-14 20:43:37 [main] INFO  com.zaxxer.hikari.pool.HikariPool - HikariPool-1 - Added connection org.sqlite.jdbc4.JDBC4Connection@2eea88a1
2026-04-14 20:43:37 [main] INFO  com.zaxxer.hikari.HikariDataSource - HikariPool-1 - Start completed.
2026-04-14 20:43:37 [main] INFO  org.flywaydb.core.FlywayExecutor - Database: jdbc:sqlite:app.db (SQLite 3.50)
2026-04-14 20:43:37 [main] INFO  o.f.core.internal.command.DbValidate - Successfully validated 7 migrations (execution time 00:00.016s)
2026-04-14 20:43:37 [main] INFO  o.f.core.internal.command.DbMigrate - Current version of schema "main": 7
2026-04-14 20:43:37 [main] INFO  o.f.core.internal.command.DbMigrate - Schema "main" is up to date. No migration necessary.
2026-04-14 21:50:16 [main] INFO  com.zaxxer.hikari.HikariDataSource - HikariPool-1 - Starting...
2026-04-14 21:50:16 [main] INFO  com.zaxxer.hikari.pool.HikariPool - HikariPool-1 - Added connection org.sqlite.jdbc4.JDBC4Connection@61001b64
2026-04-14 21:50:16 [main] INFO  com.zaxxer.hikari.HikariDataSource - HikariPool-1 - Start completed.
2026-04-14 21:50:16 [main] INFO  org.flywaydb.core.FlywayExecutor - Database: jdbc:sqlite:app.db (SQLite 3.50)
2026-04-14 21:50:16 [main] INFO  o.f.core.internal.command.DbValidate - Successfully validated 7 migrations (execution time 00:00.015s)
2026-04-14 21:50:16 [main] INFO  o.f.core.internal.command.DbMigrate - Current version of schema "main": 7
2026-04-14 21:50:16 [main] INFO  o.f.core.internal.command.DbMigrate - Schema "main" is up to date. No migration necessary.
2026-04-14 21:50:59 [main] INFO  com.zaxxer.hikari.HikariDataSource - HikariPool-1 - Starting...
2026-04-14 21:50:59 [main] INFO  com.zaxxer.hikari.pool.HikariPool - HikariPool-1 - Added connection org.sqlite.jdbc4.JDBC4Connection@61001b64
2026-04-14 21:50:59 [main] INFO  com.zaxxer.hikari.HikariDataSource - HikariPool-1 - Start completed.
2026-04-14 21:50:59 [main] INFO  org.flywaydb.core.FlywayExecutor - Database: jdbc:sqlite:app.db (SQLite 3.50)
2026-04-14 21:50:59 [main] INFO  o.f.core.internal.command.DbValidate - Successfully validated 7 migrations (execution time 00:00.015s)
2026-04-14 21:50:59 [main] INFO  o.f.core.internal.command.DbMigrate - Current version of schema "main": 7
2026-04-14 21:50:59 [main] INFO  o.f.core.internal.command.DbMigrate - Schema "main" is up to date. No migration necessary.
2026-04-14 21:52:33 [main] INFO  com.zaxxer.hikari.HikariDataSource - HikariPool-1 - Starting...
2026-04-14 21:52:33 [main] INFO  com.zaxxer.hikari.pool.HikariPool - HikariPool-1 - Added connection org.sqlite.jdbc4.JDBC4Connection@61001b64
2026-04-14 21:52:33 [main] INFO  com.zaxxer.hikari.HikariDataSource - HikariPool-1 - Start completed.
2026-04-14 21:52:33 [main] INFO  org.flywaydb.core.FlywayExecutor - Database: jdbc:sqlite:app.db (SQLite 3.50)
2026-04-14 21:52:33 [main] INFO  o.f.core.internal.command.DbValidate - Successfully validated 7 migrations (execution time 00:00.014s)
2026-04-14 21:52:33 [main] INFO  o.f.core.internal.command.DbMigrate - Current version of schema "main": 7
2026-04-14 21:52:33 [main] INFO  o.f.core.internal.command.DbMigrate - Schema "main" is up to date. No migration necessary.
2026-04-14 21:53:41 [main] INFO  com.zaxxer.hikari.HikariDataSource - HikariPool-1 - Starting...
2026-04-14 21:53:41 [main] INFO  com.zaxxer.hikari.pool.HikariPool - HikariPool-1 - Added connection org.sqlite.jdbc4.JDBC4Connection@61001b64
2026-04-14 21:53:41 [main] INFO  com.zaxxer.hikari.HikariDataSource - HikariPool-1 - Start completed.
2026-04-14 21:53:41 [main] INFO  org.flywaydb.core.FlywayExecutor - Database: jdbc:sqlite:app.db (SQLite 3.50)
2026-04-14 21:53:41 [main] INFO  o.f.core.internal.command.DbValidate - Successfully validated 7 migrations (execution time 00:00.014s)
2026-04-14 21:53:41 [main] INFO  o.f.core.internal.command.DbMigrate - Current version of schema "main": 7
2026-04-14 21:53:41 [main] INFO  o.f.core.internal.command.DbMigrate - Schema "main" is up to date. No migration necessary.
2026-04-14 21:55:43 [main] INFO  com.zaxxer.hikari.HikariDataSource - HikariPool-1 - Starting...
2026-04-14 21:55:43 [main] INFO  com.zaxxer.hikari.pool.HikariPool - HikariPool-1 - Added connection org.sqlite.jdbc4.JDBC4Connection@61001b64
2026-04-14 21:55:43 [main] INFO  com.zaxxer.hikari.HikariDataSource - HikariPool-1 - Start completed.
2026-04-14 21:55:44 [main] INFO  org.flywaydb.core.FlywayExecutor - Database: jdbc:sqlite:app.db (SQLite 3.50)
2026-04-14 21:55:44 [main] INFO  o.f.core.internal.command.DbValidate - Successfully validated 7 migrations (execution time 00:00.013s)
2026-04-14 21:55:44 [main] INFO  o.f.core.internal.command.DbMigrate - Current version of schema "main": 7
2026-04-14 21:55:44 [main] INFO  o.f.core.internal.command.DbMigrate - Schema "main" is up to date. No migration necessary.
2026-04-14 21:56:42 [main] INFO  com.zaxxer.hikari.HikariDataSource - HikariPool-1 - Starting...
2026-04-14 21:56:42 [main] INFO  com.zaxxer.hikari.pool.HikariPool - HikariPool-1 - Added connection org.sqlite.jdbc4.JDBC4Connection@61001b64
2026-04-14 21:56:42 [main] INFO  com.zaxxer.hikari.HikariDataSource - HikariPool-1 - Start completed.
2026-04-14 21:56:42 [main] INFO  org.flywaydb.core.FlywayExecutor - Database: jdbc:sqlite:app.db (SQLite 3.50)
2026-04-14 21:56:42 [main] INFO  o.f.core.internal.command.DbValidate - Successfully validated 7 migrations (execution time 00:00.014s)
2026-04-14 21:56:42 [main] INFO  o.f.core.internal.command.DbMigrate - Current version of schema "main": 7
2026-04-14 21:56:42 [main] INFO  o.f.core.internal.command.DbMigrate - Schema "main" is up to date. No migration necessary.
2026-04-14 22:01:22 [main] INFO  com.zaxxer.hikari.HikariDataSource - HikariPool-1 - Starting...
2026-04-14 22:01:22 [main] INFO  com.zaxxer.hikari.pool.HikariPool - HikariPool-1 - Added connection org.sqlite.jdbc4.JDBC4Connection@61001b64
2026-04-14 22:01:22 [main] INFO  com.zaxxer.hikari.HikariDataSource - HikariPool-1 - Start completed.
2026-04-14 22:01:22 [main] INFO  org.flywaydb.core.FlywayExecutor - Database: jdbc:sqlite:app.db (SQLite 3.50)
2026-04-14 22:01:22 [main] INFO  o.f.core.internal.command.DbValidate - Successfully validated 7 migrations (execution time 00:00.015s)
2026-04-14 22:01:22 [main] INFO  o.f.core.internal.command.DbMigrate - Current version of schema "main": 7
2026-04-14 22:01:22 [main] INFO  o.f.core.internal.command.DbMigrate - Schema "main" is up to date. No migration necessary.
2026-04-14 22:01:59 [main] INFO  com.zaxxer.hikari.HikariDataSource - HikariPool-1 - Starting...
2026-04-14 22:01:59 [main] INFO  com.zaxxer.hikari.pool.HikariPool - HikariPool-1 - Added connection org.sqlite.jdbc4.JDBC4Connection@61001b64
2026-04-14 22:01:59 [main] INFO  com.zaxxer.hikari.HikariDataSource - HikariPool-1 - Start completed.
2026-04-14 22:01:59 [main] INFO  org.flywaydb.core.FlywayExecutor - Database: jdbc:sqlite:app.db (SQLite 3.50)
2026-04-14 22:01:59 [main] INFO  o.f.core.internal.command.DbValidate - Successfully validated 7 migrations (execution time 00:00.014s)
2026-04-14 22:01:59 [main] INFO  o.f.core.internal.command.DbMigrate - Current version of schema "main": 7
2026-04-14 22:01:59 [main] INFO  o.f.core.internal.command.DbMigrate - Schema "main" is up to date. No migration necessary.
2026-04-16 16:30:11 [main] INFO  com.zaxxer.hikari.HikariDataSource - HikariPool-1 - Starting...
2026-04-16 16:30:12 [main] INFO  com.zaxxer.hikari.pool.HikariPool - HikariPool-1 - Added connection org.sqlite.jdbc4.JDBC4Connection@61001b64
2026-04-16 16:30:12 [main] INFO  com.zaxxer.hikari.HikariDataSource - HikariPool-1 - Start completed.
2026-04-16 16:30:12 [main] INFO  org.flywaydb.core.FlywayExecutor - Database: jdbc:sqlite:app.db (SQLite 3.50)
2026-04-16 16:30:12 [main] INFO  o.f.core.internal.command.DbValidate - Successfully validated 7 migrations (execution time 00:00.018s)
2026-04-16 16:30:12 [main] INFO  o.f.core.internal.command.DbMigrate - Current version of schema "main": 7
2026-04-16 16:30:12 [main] INFO  o.f.core.internal.command.DbMigrate - Schema "main" is up to date. No migration necessary.
2026-04-16 16:32:22 [main] INFO  com.zaxxer.hikari.HikariDataSource - HikariPool-1 - Starting...
2026-04-16 16:32:22 [main] INFO  com.zaxxer.hikari.pool.HikariPool - HikariPool-1 - Added connection org.sqlite.jdbc4.JDBC4Connection@61001b64
2026-04-16 16:32:22 [main] INFO  com.zaxxer.hikari.HikariDataSource - HikariPool-1 - Start completed.
2026-04-16 16:32:23 [main] INFO  org.flywaydb.core.FlywayExecutor - Database: jdbc:sqlite:app.db (SQLite 3.50)
2026-04-16 16:32:23 [main] INFO  o.f.core.internal.command.DbValidate - Successfully validated 7 migrations (execution time 00:00.015s)
2026-04-16 16:32:23 [main] INFO  o.f.core.internal.command.DbMigrate - Current version of schema "main": 7
2026-04-16 16:32:23 [main] INFO  o.f.core.internal.command.DbMigrate - Schema "main" is up to date. No migration necessary.
2026-04-16 16:35:31 [main] INFO  com.zaxxer.hikari.HikariDataSource - HikariPool-1 - Starting...
2026-04-16 16:35:31 [main] INFO  com.zaxxer.hikari.pool.HikariPool - HikariPool-1 - Added connection org.sqlite.jdbc4.JDBC4Connection@61001b64
2026-04-16 16:35:31 [main] INFO  com.zaxxer.hikari.HikariDataSource - HikariPool-1 - Start completed.
2026-04-16 16:35:31 [main] INFO  org.flywaydb.core.FlywayExecutor - Database: jdbc:sqlite:app.db (SQLite 3.50)
2026-04-16 16:35:31 [main] INFO  o.f.core.internal.command.DbValidate - Successfully validated 7 migrations (execution time 00:00.015s)
2026-04-16 16:35:31 [main] INFO  o.f.core.internal.command.DbMigrate - Current version of schema "main": 7
2026-04-16 16:35:31 [main] INFO  o.f.core.internal.command.DbMigrate - Schema "main" is up to date. No migration necessary.
2026-04-16 16:39:30 [main] INFO  com.zaxxer.hikari.HikariDataSource - HikariPool-1 - Starting...
2026-04-16 16:39:30 [main] INFO  com.zaxxer.hikari.pool.HikariPool - HikariPool-1 - Added connection org.sqlite.jdbc4.JDBC4Connection@61001b64
2026-04-16 16:39:30 [main] INFO  com.zaxxer.hikari.HikariDataSource - HikariPool-1 - Start completed.
2026-04-16 16:39:30 [main] INFO  org.flywaydb.core.FlywayExecutor - Database: jdbc:sqlite:app.db (SQLite 3.50)
2026-04-16 16:39:30 [main] INFO  o.f.core.internal.command.DbValidate - Successfully validated 7 migrations (execution time 00:00.014s)
2026-04-16 16:39:30 [main] INFO  o.f.core.internal.command.DbMigrate - Current version of schema "main": 7
2026-04-16 16:39:30 [main] INFO  o.f.core.internal.command.DbMigrate - Schema "main" is up to date. No migration necessary.
2026-04-16 16:54:38 [main] INFO  com.zaxxer.hikari.HikariDataSource - HikariPool-1 - Starting...
2026-04-16 16:54:39 [main] INFO  com.zaxxer.hikari.pool.HikariPool - HikariPool-1 - Added connection org.sqlite.jdbc4.JDBC4Connection@61001b64
2026-04-16 16:54:39 [main] INFO  com.zaxxer.hikari.HikariDataSource - HikariPool-1 - Start completed.
2026-04-16 16:54:39 [main] INFO  org.flywaydb.core.FlywayExecutor - Database: jdbc:sqlite:app.db (SQLite 3.50)
2026-04-16 16:54:39 [main] INFO  o.f.core.internal.command.DbValidate - Successfully validated 7 migrations (execution time 00:00.014s)
2026-04-16 16:54:39 [main] INFO  o.f.core.internal.command.DbMigrate - Current version of schema "main": 7
2026-04-16 16:54:39 [main] INFO  o.f.core.internal.command.DbMigrate - Schema "main" is up to date. No migration necessary.
2026-04-16 16:57:11 [main] INFO  com.zaxxer.hikari.HikariDataSource - HikariPool-1 - Starting...
2026-04-16 16:57:12 [main] INFO  com.zaxxer.hikari.pool.HikariPool - HikariPool-1 - Added connection org.sqlite.jdbc4.JDBC4Connection@61001b64
2026-04-16 16:57:12 [main] INFO  com.zaxxer.hikari.HikariDataSource - HikariPool-1 - Start completed.
2026-04-16 16:57:12 [main] INFO  org.flywaydb.core.FlywayExecutor - Database: jdbc:sqlite:app.db (SQLite 3.50)
2026-04-16 16:57:12 [main] INFO  o.f.core.internal.command.DbValidate - Successfully validated 7 migrations (execution time 00:00.014s)
2026-04-16 16:57:12 [main] INFO  o.f.core.internal.command.DbMigrate - Current version of schema "main": 7
2026-04-16 16:57:12 [main] INFO  o.f.core.internal.command.DbMigrate - Schema "main" is up to date. No migration necessary.
2026-04-16 17:00:49 [main] INFO  com.zaxxer.hikari.HikariDataSource - HikariPool-1 - Starting...
2026-04-16 17:00:49 [main] INFO  com.zaxxer.hikari.pool.HikariPool - HikariPool-1 - Added connection org.sqlite.jdbc4.JDBC4Connection@61001b64
2026-04-16 17:00:49 [main] INFO  com.zaxxer.hikari.HikariDataSource - HikariPool-1 - Start completed.
2026-04-16 17:00:49 [main] INFO  org.flywaydb.core.FlywayExecutor - Database: jdbc:sqlite:app.db (SQLite 3.50)
2026-04-16 17:00:49 [main] INFO  o.f.core.internal.command.DbValidate - Successfully validated 7 migrations (execution time 00:00.014s)
2026-04-16 17:00:49 [main] INFO  o.f.core.internal.command.DbMigrate - Current version of schema "main": 7
2026-04-16 17:00:49 [main] INFO  o.f.core.internal.command.DbMigrate - Schema "main" is up to date. No migration necessary.
2026-04-16 17:08:01 [main] INFO  com.zaxxer.hikari.HikariDataSource - HikariPool-1 - Starting...
2026-04-16 17:08:01 [main] INFO  com.zaxxer.hikari.pool.HikariPool - HikariPool-1 - Added connection org.sqlite.jdbc4.JDBC4Connection@61001b64
2026-04-16 17:08:01 [main] INFO  com.zaxxer.hikari.HikariDataSource - HikariPool-1 - Start completed.
2026-04-16 17:08:01 [main] INFO  org.flywaydb.core.FlywayExecutor - Database: jdbc:sqlite:app.db (SQLite 3.50)
2026-04-16 17:08:01 [main] INFO  o.f.core.internal.command.DbValidate - Successfully validated 7 migrations (execution time 00:00.015s)
2026-04-16 17:08:01 [main] INFO  o.f.core.internal.command.DbMigrate - Current version of schema "main": 7
2026-04-16 17:08:01 [main] INFO  o.f.core.internal.command.DbMigrate - Schema "main" is up to date. No migration necessary.
2026-04-16 20:41:12 [main] INFO  com.zaxxer.hikari.HikariDataSource - HikariPool-1 - Starting...
2026-04-16 20:41:12 [main] INFO  com.zaxxer.hikari.pool.HikariPool - HikariPool-1 - Added connection org.sqlite.jdbc4.JDBC4Connection@61001b64
2026-04-16 20:41:12 [main] INFO  com.zaxxer.hikari.HikariDataSource - HikariPool-1 - Start completed.
2026-04-16 20:41:12 [main] INFO  org.flywaydb.core.FlywayExecutor - Database: jdbc:sqlite:app.db (SQLite 3.50)
2026-04-16 20:41:12 [main] INFO  o.f.core.internal.command.DbValidate - Successfully validated 7 migrations (execution time 00:00.016s)
2026-04-16 20:41:12 [main] INFO  o.f.core.internal.command.DbMigrate - Current version of schema "main": 7
2026-04-16 20:41:12 [main] INFO  o.f.core.internal.command.DbMigrate - Schema "main" is up to date. No migration necessary.
2026-04-16 20:43:22 [main] INFO  com.zaxxer.hikari.HikariDataSource - HikariPool-1 - Starting...
2026-04-16 20:43:22 [main] INFO  com.zaxxer.hikari.pool.HikariPool - HikariPool-1 - Added connection org.sqlite.jdbc4.JDBC4Connection@61001b64
2026-04-16 20:43:22 [main] INFO  com.zaxxer.hikari.HikariDataSource - HikariPool-1 - Start completed.
2026-04-16 20:43:22 [main] INFO  org.flywaydb.core.FlywayExecutor - Database: jdbc:sqlite:app.db (SQLite 3.50)
2026-04-16 20:43:22 [main] INFO  o.f.core.internal.command.DbValidate - Successfully validated 7 migrations (execution time 00:00.013s)
2026-04-16 20:43:22 [main] INFO  o.f.core.internal.command.DbMigrate - Current version of schema "main": 7
2026-04-16 20:43:22 [main] INFO  o.f.core.internal.command.DbMigrate - Schema "main" is up to date. No migration necessary.
2026-04-16 20:46:32 [main] INFO  com.zaxxer.hikari.HikariDataSource - HikariPool-1 - Starting...
2026-04-16 20:46:32 [main] INFO  com.zaxxer.hikari.pool.HikariPool - HikariPool-1 - Added connection org.sqlite.jdbc4.JDBC4Connection@61001b64
2026-04-16 20:46:32 [main] INFO  com.zaxxer.hikari.HikariDataSource - HikariPool-1 - Start completed.
2026-04-16 20:46:33 [main] INFO  org.flywaydb.core.FlywayExecutor - Database: jdbc:sqlite:app.db (SQLite 3.50)
2026-04-16 20:46:33 [main] INFO  o.f.core.internal.command.DbValidate - Successfully validated 7 migrations (execution time 00:00.014s)
2026-04-16 20:46:33 [main] INFO  o.f.core.internal.command.DbMigrate - Current version of schema "main": 7
2026-04-16 20:46:33 [main] INFO  o.f.core.internal.command.DbMigrate - Schema "main" is up to date. No migration necessary.
2026-04-16 20:51:30 [main] INFO  com.zaxxer.hikari.HikariDataSource - HikariPool-1 - Starting...
2026-04-16 20:51:30 [main] INFO  com.zaxxer.hikari.pool.HikariPool - HikariPool-1 - Added connection org.sqlite.jdbc4.JDBC4Connection@61001b64
2026-04-16 20:51:30 [main] INFO  com.zaxxer.hikari.HikariDataSource - HikariPool-1 - Start completed.
2026-04-16 20:51:30 [main] INFO  org.flywaydb.core.FlywayExecutor - Database: jdbc:sqlite:app.db (SQLite 3.50)
2026-04-16 20:51:30 [main] INFO  o.f.core.internal.command.DbValidate - Successfully validated 7 migrations (execution time 00:00.013s)
2026-04-16 20:51:30 [main] INFO  o.f.core.internal.command.DbMigrate - Current version of schema "main": 7
2026-04-16 20:51:30 [main] INFO  o.f.core.internal.command.DbMigrate - Schema "main" is up to date. No migration necessary.
2026-04-16 20:52:06 [main] INFO  com.zaxxer.hikari.HikariDataSource - HikariPool-1 - Starting...
2026-04-16 20:52:06 [main] INFO  com.zaxxer.hikari.pool.HikariPool - HikariPool-1 - Added connection org.sqlite.jdbc4.JDBC4Connection@61001b64
2026-04-16 20:52:06 [main] INFO  com.zaxxer.hikari.HikariDataSource - HikariPool-1 - Start completed.
2026-04-16 20:52:06 [main] INFO  org.flywaydb.core.FlywayExecutor - Database: jdbc:sqlite:app.db (SQLite 3.50)
2026-04-16 20:52:06 [main] INFO  o.f.core.internal.command.DbValidate - Successfully validated 7 migrations (execution time 00:00.016s)
2026-04-16 20:52:06 [main] INFO  o.f.core.internal.command.DbMigrate - Current version of schema "main": 7
2026-04-16 20:52:06 [main] INFO  o.f.core.internal.command.DbMigrate - Schema "main" is up to date. No migration necessary.
2026-04-16 20:53:09 [main] INFO  com.zaxxer.hikari.HikariDataSource - HikariPool-1 - Starting...
2026-04-16 20:53:09 [main] INFO  com.zaxxer.hikari.pool.HikariPool - HikariPool-1 - Added connection org.sqlite.jdbc4.JDBC4Connection@61001b64
2026-04-16 20:53:09 [main] INFO  com.zaxxer.hikari.HikariDataSource - HikariPool-1 - Start completed.
2026-04-16 20:53:09 [main] INFO  org.flywaydb.core.FlywayExecutor - Database: jdbc:sqlite:app.db (SQLite 3.50)
2026-04-16 20:53:09 [main] INFO  o.f.core.internal.command.DbValidate - Successfully validated 7 migrations (execution time 00:00.013s)
2026-04-16 20:53:09 [main] INFO  o.f.core.internal.command.DbMigrate - Current version of schema "main": 7
2026-04-16 20:53:09 [main] INFO  o.f.core.internal.command.DbMigrate - Schema "main" is up to date. No migration necessary.
2026-04-16 20:55:38 [main] INFO  com.zaxxer.hikari.HikariDataSource - HikariPool-1 - Starting...
2026-04-16 20:55:38 [main] INFO  com.zaxxer.hikari.pool.HikariPool - HikariPool-1 - Added connection org.sqlite.jdbc4.JDBC4Connection@61001b64
2026-04-16 20:55:38 [main] INFO  com.zaxxer.hikari.HikariDataSource - HikariPool-1 - Start completed.
2026-04-16 20:55:38 [main] INFO  org.flywaydb.core.FlywayExecutor - Database: jdbc:sqlite:app.db (SQLite 3.50)
2026-04-16 20:55:38 [main] INFO  o.f.core.internal.command.DbValidate - Successfully validated 7 migrations (execution time 00:00.015s)
2026-04-16 20:55:38 [main] INFO  o.f.core.internal.command.DbMigrate - Current version of schema "main": 7
2026-04-16 20:55:38 [main] INFO  o.f.core.internal.command.DbMigrate - Schema "main" is up to date. No migration necessary.
2026-04-16 20:56:00 [main] INFO  com.zaxxer.hikari.HikariDataSource - HikariPool-1 - Starting...
2026-04-16 20:56:01 [main] INFO  com.zaxxer.hikari.pool.HikariPool - HikariPool-1 - Added connection org.sqlite.jdbc4.JDBC4Connection@61001b64
2026-04-16 20:56:01 [main] INFO  com.zaxxer.hikari.HikariDataSource - HikariPool-1 - Start completed.
2026-04-16 20:56:01 [main] INFO  org.flywaydb.core.FlywayExecutor - Database: jdbc:sqlite:app.db (SQLite 3.50)
2026-04-16 20:56:01 [main] INFO  o.f.core.internal.command.DbValidate - Successfully validated 7 migrations (execution time 00:00.013s)
2026-04-16 20:56:01 [main] INFO  o.f.core.internal.command.DbMigrate - Current version of schema "main": 7
2026-04-16 20:56:01 [main] INFO  o.f.core.internal.command.DbMigrate - Schema "main" is up to date. No migration necessary.
2026-04-16 21:00:03 [main] INFO  com.zaxxer.hikari.HikariDataSource - HikariPool-1 - Starting...
2026-04-16 21:00:03 [main] INFO  com.zaxxer.hikari.pool.HikariPool - HikariPool-1 - Added connection org.sqlite.jdbc4.JDBC4Connection@61001b64
2026-04-16 21:00:03 [main] INFO  com.zaxxer.hikari.HikariDataSource - HikariPool-1 - Start completed.
2026-04-16 21:00:03 [main] INFO  org.flywaydb.core.FlywayExecutor - Database: jdbc:sqlite:app.db (SQLite 3.50)
2026-04-16 21:00:03 [main] INFO  o.f.core.internal.command.DbValidate - Successfully validated 7 migrations (execution time 00:00.014s)
2026-04-16 21:00:03 [main] INFO  o.f.core.internal.command.DbMigrate - Current version of schema "main": 7
2026-04-16 21:00:03 [main] INFO  o.f.core.internal.command.DbMigrate - Schema "main" is up to date. No migration necessary.
2026-04-16 21:01:39 [main] INFO  com.zaxxer.hikari.HikariDataSource - HikariPool-1 - Starting...
2026-04-16 21:01:39 [main] INFO  com.zaxxer.hikari.pool.HikariPool - HikariPool-1 - Added connection org.sqlite.jdbc4.JDBC4Connection@61001b64
2026-04-16 21:01:39 [main] INFO  com.zaxxer.hikari.HikariDataSource - HikariPool-1 - Start completed.
2026-04-16 21:01:39 [main] INFO  org.flywaydb.core.FlywayExecutor - Database: jdbc:sqlite:app.db (SQLite 3.50)
2026-04-16 21:01:39 [main] INFO  o.f.core.internal.command.DbValidate - Successfully validated 7 migrations (execution time 00:00.014s)
2026-04-16 21:01:39 [main] INFO  o.f.core.internal.command.DbMigrate - Current version of schema "main": 7
2026-04-16 21:01:39 [main] INFO  o.f.core.internal.command.DbMigrate - Schema "main" is up to date. No migration necessary.
2026-04-16 21:03:36 [main] INFO  com.zaxxer.hikari.HikariDataSource - HikariPool-1 - Starting...
2026-04-16 21:03:36 [main] INFO  com.zaxxer.hikari.pool.HikariPool - HikariPool-1 - Added connection org.sqlite.jdbc4.JDBC4Connection@61001b64
2026-04-16 21:03:36 [main] INFO  com.zaxxer.hikari.HikariDataSource - HikariPool-1 - Start completed.
2026-04-16 21:03:36 [main] INFO  org.flywaydb.core.FlywayExecutor - Database: jdbc:sqlite:app.db (SQLite 3.50)
2026-04-16 21:03:36 [main] INFO  o.f.core.internal.command.DbValidate - Successfully validated 7 migrations (execution time 00:00.014s)
2026-04-16 21:03:36 [main] INFO  o.f.core.internal.command.DbMigrate - Current version of schema "main": 7
2026-04-16 21:03:36 [main] INFO  o.f.core.internal.command.DbMigrate - Schema "main" is up to date. No migration necessary.
2026-04-16 21:05:13 [main] INFO  com.zaxxer.hikari.HikariDataSource - HikariPool-1 - Starting...
2026-04-16 21:05:13 [main] INFO  com.zaxxer.hikari.pool.HikariPool - HikariPool-1 - Added connection org.sqlite.jdbc4.JDBC4Connection@61001b64
2026-04-16 21:05:13 [main] INFO  com.zaxxer.hikari.HikariDataSource - HikariPool-1 - Start completed.
2026-04-16 21:05:13 [main] INFO  org.flywaydb.core.FlywayExecutor - Database: jdbc:sqlite:app.db (SQLite 3.50)
2026-04-16 21:05:13 [main] INFO  o.f.core.internal.command.DbValidate - Successfully validated 7 migrations (execution time 00:00.014s)
2026-04-16 21:05:13 [main] INFO  o.f.core.internal.command.DbMigrate - Current version of schema "main": 7
2026-04-16 21:05:13 [main] INFO  o.f.core.internal.command.DbMigrate - Schema "main" is up to date. No migration necessary.
2026-04-16 21:07:27 [main] INFO  com.zaxxer.hikari.HikariDataSource - HikariPool-1 - Starting...
2026-04-16 21:07:27 [main] INFO  com.zaxxer.hikari.pool.HikariPool - HikariPool-1 - Added connection org.sqlite.jdbc4.JDBC4Connection@61001b64
2026-04-16 21:07:27 [main] INFO  com.zaxxer.hikari.HikariDataSource - HikariPool-1 - Start completed.
2026-04-16 21:07:27 [main] INFO  org.flywaydb.core.FlywayExecutor - Database: jdbc:sqlite:app.db (SQLite 3.50)
2026-04-16 21:07:27 [main] INFO  o.f.core.internal.command.DbValidate - Successfully validated 7 migrations (execution time 00:00.014s)
2026-04-16 21:07:27 [main] INFO  o.f.core.internal.command.DbMigrate - Current version of schema "main": 7
2026-04-16 21:07:27 [main] INFO  o.f.core.internal.command.DbMigrate - Schema "main" is up to date. No migration necessary.
2026-04-16 21:08:17 [main] INFO  com.zaxxer.hikari.HikariDataSource - HikariPool-1 - Starting...
2026-04-16 21:08:17 [main] INFO  com.zaxxer.hikari.pool.HikariPool - HikariPool-1 - Added connection org.sqlite.jdbc4.JDBC4Connection@61001b64
2026-04-16 21:08:17 [main] INFO  com.zaxxer.hikari.HikariDataSource - HikariPool-1 - Start completed.
2026-04-16 21:08:18 [main] INFO  org.flywaydb.core.FlywayExecutor - Database: jdbc:sqlite:app.db (SQLite 3.50)
2026-04-16 21:08:18 [main] INFO  o.f.core.internal.command.DbValidate - Successfully validated 7 migrations (execution time 00:00.012s)
2026-04-16 21:08:18 [main] INFO  o.f.core.internal.command.DbMigrate - Current version of schema "main": 7
2026-04-16 21:08:18 [main] INFO  o.f.core.internal.command.DbMigrate - Schema "main" is up to date. No migration necessary.
2026-04-16 21:09:13 [main] INFO  com.zaxxer.hikari.HikariDataSource - HikariPool-1 - Starting...
2026-04-16 21:09:13 [main] INFO  com.zaxxer.hikari.pool.HikariPool - HikariPool-1 - Added connection org.sqlite.jdbc4.JDBC4Connection@61001b64
2026-04-16 21:09:13 [main] INFO  com.zaxxer.hikari.HikariDataSource - HikariPool-1 - Start completed.
2026-04-16 21:09:13 [main] INFO  org.flywaydb.core.FlywayExecutor - Database: jdbc:sqlite:app.db (SQLite 3.50)
2026-04-16 21:09:13 [main] INFO  o.f.core.internal.command.DbValidate - Successfully validated 7 migrations (execution time 00:00.012s)
2026-04-16 21:09:13 [main] INFO  o.f.core.internal.command.DbMigrate - Current version of schema "main": 7
2026-04-16 21:09:13 [main] INFO  o.f.core.internal.command.DbMigrate - Schema "main" is up to date. No migration necessary.
2026-04-16 21:10:10 [main] INFO  com.zaxxer.hikari.HikariDataSource - HikariPool-1 - Starting...
2026-04-16 21:10:10 [main] INFO  com.zaxxer.hikari.pool.HikariPool - HikariPool-1 - Added connection org.sqlite.jdbc4.JDBC4Connection@61001b64
2026-04-16 21:10:10 [main] INFO  com.zaxxer.hikari.HikariDataSource - HikariPool-1 - Start completed.
2026-04-16 21:10:10 [main] INFO  org.flywaydb.core.FlywayExecutor - Database: jdbc:sqlite:app.db (SQLite 3.50)
2026-04-16 21:10:10 [main] INFO  o.f.core.internal.command.DbValidate - Successfully validated 7 migrations (execution time 00:00.014s)
2026-04-16 21:10:10 [main] INFO  o.f.core.internal.command.DbMigrate - Current version of schema "main": 7
2026-04-16 21:10:10 [main] INFO  o.f.core.internal.command.DbMigrate - Schema "main" is up to date. No migration necessary.
2026-04-16 21:10:30 [main] INFO  com.zaxxer.hikari.HikariDataSource - HikariPool-1 - Starting...
2026-04-16 21:10:30 [main] INFO  com.zaxxer.hikari.pool.HikariPool - HikariPool-1 - Added connection org.sqlite.jdbc4.JDBC4Connection@61001b64
2026-04-16 21:10:30 [main] INFO  com.zaxxer.hikari.HikariDataSource - HikariPool-1 - Start completed.
2026-04-16 21:10:30 [main] INFO  org.flywaydb.core.FlywayExecutor - Database: jdbc:sqlite:app.db (SQLite 3.50)
2026-04-16 21:10:30 [main] INFO  o.f.core.internal.command.DbValidate - Successfully validated 7 migrations (execution time 00:00.013s)
2026-04-16 21:10:30 [main] INFO  o.f.core.internal.command.DbMigrate - Current version of schema "main": 7
2026-04-16 21:10:30 [main] INFO  o.f.core.internal.command.DbMigrate - Schema "main" is up to date. No migration necessary.
2026-04-16 21:13:37 [main] INFO  com.zaxxer.hikari.HikariDataSource - HikariPool-1 - Starting...
2026-04-16 21:13:37 [main] INFO  com.zaxxer.hikari.pool.HikariPool - HikariPool-1 - Added connection org.sqlite.jdbc4.JDBC4Connection@61001b64
2026-04-16 21:13:37 [main] INFO  com.zaxxer.hikari.HikariDataSource - HikariPool-1 - Start completed.
2026-04-16 21:13:37 [main] INFO  org.flywaydb.core.FlywayExecutor - Database: jdbc:sqlite:app.db (SQLite 3.50)
2026-04-16 21:13:37 [main] INFO  o.f.core.internal.command.DbValidate - Successfully validated 7 migrations (execution time 00:00.015s)
2026-04-16 21:13:37 [main] INFO  o.f.core.internal.command.DbMigrate - Current version of schema "main": 7
2026-04-16 21:13:37 [main] INFO  o.f.core.internal.command.DbMigrate - Schema "main" is up to date. No migration necessary.
2026-04-16 21:13:58 [main] INFO  com.zaxxer.hikari.HikariDataSource - HikariPool-1 - Starting...
2026-04-16 21:13:58 [main] INFO  com.zaxxer.hikari.pool.HikariPool - HikariPool-1 - Added connection org.sqlite.jdbc4.JDBC4Connection@61001b64
2026-04-16 21:13:58 [main] INFO  com.zaxxer.hikari.HikariDataSource - HikariPool-1 - Start completed.
2026-04-16 21:13:58 [main] INFO  org.flywaydb.core.FlywayExecutor - Database: jdbc:sqlite:app.db (SQLite 3.50)
2026-04-16 21:13:58 [main] INFO  o.f.core.internal.command.DbValidate - Successfully validated 7 migrations (execution time 00:00.013s)
2026-04-16 21:13:58 [main] INFO  o.f.core.internal.command.DbMigrate - Current version of schema "main": 7
2026-04-16 21:13:58 [main] INFO  o.f.core.internal.command.DbMigrate - Schema "main" is up to date. No migration necessary.
2026-04-16 21:14:35 [main] INFO  com.zaxxer.hikari.HikariDataSource - HikariPool-1 - Starting...
2026-04-16 21:14:35 [main] INFO  com.zaxxer.hikari.pool.HikariPool - HikariPool-1 - Added connection org.sqlite.jdbc4.JDBC4Connection@61001b64
2026-04-16 21:14:35 [main] INFO  com.zaxxer.hikari.HikariDataSource - HikariPool-1 - Start completed.
2026-04-16 21:14:35 [main] INFO  org.flywaydb.core.FlywayExecutor - Database: jdbc:sqlite:app.db (SQLite 3.50)
2026-04-16 21:14:35 [main] INFO  o.f.core.internal.command.DbValidate - Successfully validated 7 migrations (execution time 00:00.015s)
2026-04-16 21:14:35 [main] INFO  o.f.core.internal.command.DbMigrate - Current version of schema "main": 7
2026-04-16 21:14:35 [main] INFO  o.f.core.internal.command.DbMigrate - Schema "main" is up to date. No migration necessary.
2026-04-16 21:16:11 [main] INFO  com.zaxxer.hikari.HikariDataSource - HikariPool-1 - Starting...
2026-04-16 21:16:11 [main] INFO  com.zaxxer.hikari.pool.HikariPool - HikariPool-1 - Added connection org.sqlite.jdbc4.JDBC4Connection@61001b64
2026-04-16 21:16:11 [main] INFO  com.zaxxer.hikari.HikariDataSource - HikariPool-1 - Start completed.
2026-04-16 21:16:12 [main] INFO  org.flywaydb.core.FlywayExecutor - Database: jdbc:sqlite:app.db (SQLite 3.50)
2026-04-16 21:16:12 [main] INFO  o.f.core.internal.command.DbValidate - Successfully validated 7 migrations (execution time 00:00.015s)
2026-04-16 21:16:12 [main] INFO  o.f.core.internal.command.DbMigrate - Current version of schema "main": 7
2026-04-16 21:16:12 [main] INFO  o.f.core.internal.command.DbMigrate - Schema "main" is up to date. No migration necessary.
2026-04-16 21:17:51 [main] INFO  com.zaxxer.hikari.HikariDataSource - HikariPool-1 - Starting...
2026-04-16 21:17:52 [main] INFO  com.zaxxer.hikari.pool.HikariPool - HikariPool-1 - Added connection org.sqlite.jdbc4.JDBC4Connection@61001b64
2026-04-16 21:17:52 [main] INFO  com.zaxxer.hikari.HikariDataSource - HikariPool-1 - Start completed.
2026-04-16 21:17:52 [main] INFO  org.flywaydb.core.FlywayExecutor - Database: jdbc:sqlite:app.db (SQLite 3.50)
2026-04-16 21:17:52 [main] INFO  o.f.core.internal.command.DbValidate - Successfully validated 7 migrations (execution time 00:00.014s)
2026-04-16 21:17:52 [main] INFO  o.f.core.internal.command.DbMigrate - Current version of schema "main": 7
2026-04-16 21:17:52 [main] INFO  o.f.core.internal.command.DbMigrate - Schema "main" is up to date. No migration necessary.
2026-04-16 21:20:31 [main] INFO  com.zaxxer.hikari.HikariDataSource - HikariPool-1 - Starting...
2026-04-16 21:20:31 [main] INFO  com.zaxxer.hikari.pool.HikariPool - HikariPool-1 - Added connection org.sqlite.jdbc4.JDBC4Connection@61001b64
2026-04-16 21:20:31 [main] INFO  com.zaxxer.hikari.HikariDataSource - HikariPool-1 - Start completed.
2026-04-16 21:20:31 [main] INFO  org.flywaydb.core.FlywayExecutor - Database: jdbc:sqlite:app.db (SQLite 3.50)
2026-04-16 21:20:32 [main] INFO  o.f.core.internal.command.DbValidate - Successfully validated 7 migrations (execution time 00:00.013s)
2026-04-16 21:20:32 [main] INFO  o.f.core.internal.command.DbMigrate - Current version of schema "main": 7
2026-04-16 21:20:32 [main] INFO  o.f.core.internal.command.DbMigrate - Schema "main" is up to date. No migration necessary.
2026-04-16 21:23:23 [main] INFO  com.zaxxer.hikari.HikariDataSource - HikariPool-1 - Starting...
2026-04-16 21:23:23 [main] INFO  com.zaxxer.hikari.pool.HikariPool - HikariPool-1 - Added connection org.sqlite.jdbc4.JDBC4Connection@61001b64
2026-04-16 21:23:23 [main] INFO  com.zaxxer.hikari.HikariDataSource - HikariPool-1 - Start completed.
2026-04-16 21:23:23 [main] INFO  org.flywaydb.core.FlywayExecutor - Database: jdbc:sqlite:app.db (SQLite 3.50)
2026-04-16 21:23:23 [main] INFO  o.f.core.internal.command.DbValidate - Successfully validated 7 migrations (execution time 00:00.014s)
2026-04-16 21:23:23 [main] INFO  o.f.core.internal.command.DbMigrate - Current version of schema "main": 7
2026-04-16 21:23:23 [main] INFO  o.f.core.internal.command.DbMigrate - Schema "main" is up to date. No migration necessary.
2026-04-16 21:24:45 [main] INFO  com.zaxxer.hikari.HikariDataSource - HikariPool-1 - Starting...
2026-04-16 21:24:45 [main] INFO  com.zaxxer.hikari.pool.HikariPool - HikariPool-1 - Added connection org.sqlite.jdbc4.JDBC4Connection@61001b64
2026-04-16 21:24:45 [main] INFO  com.zaxxer.hikari.HikariDataSource - HikariPool-1 - Start completed.
2026-04-16 21:24:45 [main] INFO  org.flywaydb.core.FlywayExecutor - Database: jdbc:sqlite:app.db (SQLite 3.50)
2026-04-16 21:24:45 [main] INFO  o.f.core.internal.command.DbValidate - Successfully validated 7 migrations (execution time 00:00.013s)
2026-04-16 21:24:45 [main] INFO  o.f.core.internal.command.DbMigrate - Current version of schema "main": 7
2026-04-16 21:24:45 [main] INFO  o.f.core.internal.command.DbMigrate - Schema "main" is up to date. No migration necessary.
2026-04-16 21:25:22 [main] INFO  com.zaxxer.hikari.HikariDataSource - HikariPool-1 - Starting...
2026-04-16 21:25:22 [main] INFO  com.zaxxer.hikari.pool.HikariPool - HikariPool-1 - Added connection org.sqlite.jdbc4.JDBC4Connection@61001b64
2026-04-16 21:25:22 [main] INFO  com.zaxxer.hikari.HikariDataSource - HikariPool-1 - Start completed.
2026-04-16 21:25:22 [main] INFO  org.flywaydb.core.FlywayExecutor - Database: jdbc:sqlite:app.db (SQLite 3.50)
2026-04-16 21:25:22 [main] INFO  o.f.core.internal.command.DbValidate - Successfully validated 7 migrations (execution time 00:00.014s)
2026-04-16 21:25:22 [main] INFO  o.f.core.internal.command.DbMigrate - Current version of schema "main": 7
2026-04-16 21:25:22 [main] INFO  o.f.core.internal.command.DbMigrate - Schema "main" is up to date. No migration necessary.
2026-04-16 21:26:45 [main] INFO  com.zaxxer.hikari.HikariDataSource - HikariPool-1 - Starting...
2026-04-16 21:26:45 [main] INFO  com.zaxxer.hikari.pool.HikariPool - HikariPool-1 - Added connection org.sqlite.jdbc4.JDBC4Connection@61001b64
2026-04-16 21:26:45 [main] INFO  com.zaxxer.hikari.HikariDataSource - HikariPool-1 - Start completed.
2026-04-16 21:26:45 [main] INFO  org.flywaydb.core.FlywayExecutor - Database: jdbc:sqlite:app.db (SQLite 3.50)
2026-04-16 21:26:45 [main] INFO  o.f.core.internal.command.DbValidate - Successfully validated 7 migrations (execution time 00:00.014s)
2026-04-16 21:26:45 [main] INFO  o.f.core.internal.command.DbMigrate - Current version of schema "main": 7
2026-04-16 21:26:45 [main] INFO  o.f.core.internal.command.DbMigrate - Schema "main" is up to date. No migration necessary.
2026-04-16 21:28:24 [main] INFO  com.zaxxer.hikari.HikariDataSource - HikariPool-1 - Starting...
2026-04-16 21:28:25 [main] INFO  com.zaxxer.hikari.pool.HikariPool - HikariPool-1 - Added connection org.sqlite.jdbc4.JDBC4Connection@61001b64
2026-04-16 21:28:25 [main] INFO  com.zaxxer.hikari.HikariDataSource - HikariPool-1 - Start completed.
2026-04-16 21:28:25 [main] INFO  org.flywaydb.core.FlywayExecutor - Database: jdbc:sqlite:app.db (SQLite 3.50)
2026-04-16 21:28:25 [main] INFO  o.f.core.internal.command.DbValidate - Successfully validated 7 migrations (execution time 00:00.012s)
2026-04-16 21:28:25 [main] INFO  o.f.core.internal.command.DbMigrate - Current version of schema "main": 7
2026-04-16 21:28:25 [main] INFO  o.f.core.internal.command.DbMigrate - Schema "main" is up to date. No migration necessary.
2026-04-16 21:29:21 [main] INFO  com.zaxxer.hikari.HikariDataSource - HikariPool-1 - Starting...
2026-04-16 21:29:22 [main] INFO  com.zaxxer.hikari.pool.HikariPool - HikariPool-1 - Added connection org.sqlite.jdbc4.JDBC4Connection@61001b64
2026-04-16 21:29:22 [main] INFO  com.zaxxer.hikari.HikariDataSource - HikariPool-1 - Start completed.
2026-04-16 21:29:22 [main] INFO  org.flywaydb.core.FlywayExecutor - Database: jdbc:sqlite:app.db (SQLite 3.50)
2026-04-16 21:29:22 [main] INFO  o.f.core.internal.command.DbValidate - Successfully validated 7 migrations (execution time 00:00.015s)
2026-04-16 21:29:22 [main] INFO  o.f.core.internal.command.DbMigrate - Current version of schema "main": 7
2026-04-16 21:29:22 [main] INFO  o.f.core.internal.command.DbMigrate - Schema "main" is up to date. No migration necessary.
2026-04-16 21:29:37 [main] INFO  com.zaxxer.hikari.HikariDataSource - HikariPool-1 - Starting...
2026-04-16 21:29:37 [main] INFO  com.zaxxer.hikari.pool.HikariPool - HikariPool-1 - Added connection org.sqlite.jdbc4.JDBC4Connection@61001b64
2026-04-16 21:29:37 [main] INFO  com.zaxxer.hikari.HikariDataSource - HikariPool-1 - Start completed.
2026-04-16 21:29:37 [main] INFO  org.flywaydb.core.FlywayExecutor - Database: jdbc:sqlite:app.db (SQLite 3.50)
2026-04-16 21:29:37 [main] INFO  o.f.core.internal.command.DbValidate - Successfully validated 7 migrations (execution time 00:00.013s)
2026-04-16 21:29:37 [main] INFO  o.f.core.internal.command.DbMigrate - Current version of schema "main": 7
2026-04-16 21:29:37 [main] INFO  o.f.core.internal.command.DbMigrate - Schema "main" is up to date. No migration necessary.
2026-04-16 21:30:02 [main] INFO  com.zaxxer.hikari.HikariDataSource - HikariPool-1 - Starting...
2026-04-16 21:30:02 [main] INFO  com.zaxxer.hikari.pool.HikariPool - HikariPool-1 - Added connection org.sqlite.jdbc4.JDBC4Connection@61001b64
2026-04-16 21:30:02 [main] INFO  com.zaxxer.hikari.HikariDataSource - HikariPool-1 - Start completed.
2026-04-16 21:30:03 [main] INFO  org.flywaydb.core.FlywayExecutor - Database: jdbc:sqlite:app.db (SQLite 3.50)
2026-04-16 21:30:03 [main] INFO  o.f.core.internal.command.DbValidate - Successfully validated 7 migrations (execution time 00:00.014s)
2026-04-16 21:30:03 [main] INFO  o.f.core.internal.command.DbMigrate - Current version of schema "main": 7
2026-04-16 21:30:03 [main] INFO  o.f.core.internal.command.DbMigrate - Schema "main" is up to date. No migration necessary.
2026-04-16 21:31:25 [main] INFO  com.zaxxer.hikari.HikariDataSource - HikariPool-1 - Starting...
2026-04-16 21:31:25 [main] INFO  com.zaxxer.hikari.pool.HikariPool - HikariPool-1 - Added connection org.sqlite.jdbc4.JDBC4Connection@61001b64
2026-04-16 21:31:25 [main] INFO  com.zaxxer.hikari.HikariDataSource - HikariPool-1 - Start completed.
2026-04-16 21:31:25 [main] INFO  org.flywaydb.core.FlywayExecutor - Database: jdbc:sqlite:app.db (SQLite 3.50)
2026-04-16 21:31:25 [main] INFO  o.f.core.internal.command.DbValidate - Successfully validated 7 migrations (execution time 00:00.014s)
2026-04-16 21:31:25 [main] INFO  o.f.core.internal.command.DbMigrate - Current version of schema "main": 7
2026-04-16 21:31:25 [main] INFO  o.f.core.internal.command.DbMigrate - Schema "main" is up to date. No migration necessary.
2026-04-16 21:31:49 [main] INFO  com.zaxxer.hikari.HikariDataSource - HikariPool-1 - Starting...
2026-04-16 21:31:49 [main] INFO  com.zaxxer.hikari.pool.HikariPool - HikariPool-1 - Added connection org.sqlite.jdbc4.JDBC4Connection@61001b64
2026-04-16 21:31:49 [main] INFO  com.zaxxer.hikari.HikariDataSource - HikariPool-1 - Start completed.
2026-04-16 21:31:49 [main] INFO  org.flywaydb.core.FlywayExecutor - Database: jdbc:sqlite:app.db (SQLite 3.50)
2026-04-16 21:31:49 [main] INFO  o.f.core.internal.command.DbValidate - Successfully validated 7 migrations (execution time 00:00.015s)
2026-04-16 21:31:49 [main] INFO  o.f.core.internal.command.DbMigrate - Current version of schema "main": 7
2026-04-16 21:31:49 [main] INFO  o.f.core.internal.command.DbMigrate - Schema "main" is up to date. No migration necessary.
2026-04-16 21:35:55 [main] INFO  com.zaxxer.hikari.HikariDataSource - HikariPool-1 - Starting...
2026-04-16 21:35:55 [main] INFO  com.zaxxer.hikari.pool.HikariPool - HikariPool-1 - Added connection org.sqlite.jdbc4.JDBC4Connection@61001b64
2026-04-16 21:35:55 [main] INFO  com.zaxxer.hikari.HikariDataSource - HikariPool-1 - Start completed.
2026-04-16 21:35:55 [main] INFO  org.flywaydb.core.FlywayExecutor - Database: jdbc:sqlite:app.db (SQLite 3.50)
2026-04-16 21:35:55 [main] INFO  o.f.core.internal.command.DbValidate - Successfully validated 7 migrations (execution time 00:00.015s)
2026-04-16 21:35:55 [main] INFO  o.f.core.internal.command.DbMigrate - Current version of schema "main": 7
2026-04-16 21:35:55 [main] INFO  o.f.core.internal.command.DbMigrate - Schema "main" is up to date. No migration necessary.
2026-04-16 21:38:51 [main] INFO  com.zaxxer.hikari.HikariDataSource - HikariPool-1 - Starting...
2026-04-16 21:38:51 [main] INFO  com.zaxxer.hikari.pool.HikariPool - HikariPool-1 - Added connection org.sqlite.jdbc4.JDBC4Connection@61001b64
2026-04-16 21:38:51 [main] INFO  com.zaxxer.hikari.HikariDataSource - HikariPool-1 - Start completed.
2026-04-16 21:38:52 [main] INFO  org.flywaydb.core.FlywayExecutor - Database: jdbc:sqlite:app.db (SQLite 3.50)
2026-04-16 21:38:52 [main] INFO  o.f.core.internal.command.DbValidate - Successfully validated 7 migrations (execution time 00:00.012s)
2026-04-16 21:38:52 [main] INFO  o.f.core.internal.command.DbMigrate - Current version of schema "main": 7
2026-04-16 21:38:52 [main] INFO  o.f.core.internal.command.DbMigrate - Schema "main" is up to date. No migration necessary.
2026-04-16 21:39:10 [main] INFO  com.zaxxer.hikari.HikariDataSource - HikariPool-1 - Starting...
2026-04-16 21:39:10 [main] INFO  com.zaxxer.hikari.pool.HikariPool - HikariPool-1 - Added connection org.sqlite.jdbc4.JDBC4Connection@61001b64
2026-04-16 21:39:10 [main] INFO  com.zaxxer.hikari.HikariDataSource - HikariPool-1 - Start completed.
2026-04-16 21:39:10 [main] INFO  org.flywaydb.core.FlywayExecutor - Database: jdbc:sqlite:app.db (SQLite 3.50)
2026-04-16 21:39:10 [main] INFO  o.f.core.internal.command.DbValidate - Successfully validated 7 migrations (execution time 00:00.016s)
2026-04-16 21:39:10 [main] INFO  o.f.core.internal.command.DbMigrate - Current version of schema "main": 7
2026-04-16 21:39:10 [main] INFO  o.f.core.internal.command.DbMigrate - Schema "main" is up to date. No migration necessary.
2026-04-18 11:28:45 [main] INFO  com.zaxxer.hikari.HikariDataSource - HikariPool-1 - Starting...
2026-04-18 11:28:45 [main] INFO  com.zaxxer.hikari.pool.HikariPool - HikariPool-1 - Added connection org.sqlite.jdbc4.JDBC4Connection@61001b64
2026-04-18 11:28:45 [main] INFO  com.zaxxer.hikari.HikariDataSource - HikariPool-1 - Start completed.
2026-04-18 11:28:45 [main] INFO  org.flywaydb.core.FlywayExecutor - Database: jdbc:sqlite:app.db (SQLite 3.50)
2026-04-18 11:28:45 [main] INFO  o.f.core.internal.command.DbValidate - Successfully validated 7 migrations (execution time 00:00.017s)
2026-04-18 11:28:45 [main] INFO  o.f.core.internal.command.DbMigrate - Current version of schema "main": 7
2026-04-18 11:28:45 [main] INFO  o.f.core.internal.command.DbMigrate - Schema "main" is up to date. No migration necessary.
2026-04-18 11:30:17 [main] INFO  com.zaxxer.hikari.HikariDataSource - HikariPool-1 - Starting...
2026-04-18 11:30:17 [main] INFO  com.zaxxer.hikari.pool.HikariPool - HikariPool-1 - Added connection org.sqlite.jdbc4.JDBC4Connection@61001b64
2026-04-18 11:30:17 [main] INFO  com.zaxxer.hikari.HikariDataSource - HikariPool-1 - Start completed.
2026-04-18 11:30:17 [main] INFO  org.flywaydb.core.FlywayExecutor - Database: jdbc:sqlite:app.db (SQLite 3.50)
2026-04-18 11:30:17 [main] INFO  o.f.core.internal.command.DbValidate - Successfully validated 7 migrations (execution time 00:00.013s)
2026-04-18 11:30:17 [main] INFO  o.f.core.internal.command.DbMigrate - Current version of schema "main": 7
2026-04-18 11:30:18 [main] INFO  o.f.core.internal.command.DbMigrate - Schema "main" is up to date. No migration necessary.
2026-04-18 11:31:23 [main] INFO  com.zaxxer.hikari.HikariDataSource - HikariPool-1 - Starting...
2026-04-18 11:31:23 [main] INFO  com.zaxxer.hikari.pool.HikariPool - HikariPool-1 - Added connection org.sqlite.jdbc4.JDBC4Connection@61001b64
2026-04-18 11:31:23 [main] INFO  com.zaxxer.hikari.HikariDataSource - HikariPool-1 - Start completed.
2026-04-18 11:31:23 [main] INFO  org.flywaydb.core.FlywayExecutor - Database: jdbc:sqlite:app.db (SQLite 3.50)
2026-04-18 11:31:23 [main] INFO  o.f.core.internal.command.DbValidate - Successfully validated 7 migrations (execution time 00:00.013s)
2026-04-18 11:31:23 [main] INFO  o.f.core.internal.command.DbMigrate - Current version of schema "main": 7
2026-04-18 11:31:23 [main] INFO  o.f.core.internal.command.DbMigrate - Schema "main" is up to date. No migration necessary.
2026-04-18 11:37:50 [main] INFO  com.zaxxer.hikari.HikariDataSource - HikariPool-1 - Starting...
2026-04-18 11:37:50 [main] INFO  com.zaxxer.hikari.pool.HikariPool - HikariPool-1 - Added connection org.sqlite.jdbc4.JDBC4Connection@61001b64
2026-04-18 11:37:50 [main] INFO  com.zaxxer.hikari.HikariDataSource - HikariPool-1 - Start completed.
2026-04-18 11:37:50 [main] INFO  org.flywaydb.core.FlywayExecutor - Database: jdbc:sqlite:app.db (SQLite 3.50)
2026-04-18 11:37:50 [main] INFO  o.f.core.internal.command.DbValidate - Successfully validated 7 migrations (execution time 00:00.014s)
2026-04-18 11:37:50 [main] INFO  o.f.core.internal.command.DbMigrate - Current version of schema "main": 7
2026-04-18 11:37:50 [main] INFO  o.f.core.internal.command.DbMigrate - Schema "main" is up to date. No migration necessary.
2026-04-18 11:48:34 [main] INFO  com.zaxxer.hikari.HikariDataSource - HikariPool-1 - Starting...
2026-04-18 11:48:34 [main] INFO  com.zaxxer.hikari.pool.HikariPool - HikariPool-1 - Added connection org.sqlite.jdbc4.JDBC4Connection@61001b64
2026-04-18 11:48:34 [main] INFO  com.zaxxer.hikari.HikariDataSource - HikariPool-1 - Start completed.
2026-04-18 11:48:34 [main] INFO  org.flywaydb.core.FlywayExecutor - Database: jdbc:sqlite:app.db (SQLite 3.50)
2026-04-18 11:48:34 [main] INFO  o.f.core.internal.command.DbValidate - Successfully validated 7 migrations (execution time 00:00.014s)
2026-04-18 11:48:34 [main] INFO  o.f.core.internal.command.DbMigrate - Current version of schema "main": 7
2026-04-18 11:48:34 [main] INFO  o.f.core.internal.command.DbMigrate - Schema "main" is up to date. No migration necessary.
2026-04-18 11:58:44 [main] INFO  com.zaxxer.hikari.HikariDataSource - HikariPool-1 - Starting...
2026-04-18 11:58:44 [main] INFO  com.zaxxer.hikari.pool.HikariPool - HikariPool-1 - Added connection org.sqlite.jdbc4.JDBC4Connection@61001b64
2026-04-18 11:58:44 [main] INFO  com.zaxxer.hikari.HikariDataSource - HikariPool-1 - Start completed.
2026-04-18 11:58:44 [main] INFO  org.flywaydb.core.FlywayExecutor - Database: jdbc:sqlite:app.db (SQLite 3.50)
2026-04-18 11:58:44 [main] INFO  o.f.core.internal.command.DbValidate - Successfully validated 7 migrations (execution time 00:00.015s)
2026-04-18 11:58:44 [main] INFO  o.f.core.internal.command.DbMigrate - Current version of schema "main": 7
2026-04-18 11:58:44 [main] INFO  o.f.core.internal.command.DbMigrate - Schema "main" is up to date. No migration necessary.
2026-04-18 11:59:07 [main] INFO  com.zaxxer.hikari.HikariDataSource - HikariPool-1 - Starting...
2026-04-18 11:59:07 [main] INFO  com.zaxxer.hikari.pool.HikariPool - HikariPool-1 - Added connection org.sqlite.jdbc4.JDBC4Connection@61001b64
2026-04-18 11:59:07 [main] INFO  com.zaxxer.hikari.HikariDataSource - HikariPool-1 - Start completed.
2026-04-18 11:59:07 [main] INFO  org.flywaydb.core.FlywayExecutor - Database: jdbc:sqlite:app.db (SQLite 3.50)
2026-04-18 11:59:07 [main] INFO  o.f.core.internal.command.DbValidate - Successfully validated 7 migrations (execution time 00:00.014s)
2026-04-18 11:59:07 [main] INFO  o.f.core.internal.command.DbMigrate - Current version of schema "main": 7
2026-04-18 11:59:07 [main] INFO  o.f.core.internal.command.DbMigrate - Schema "main" is up to date. No migration necessary.
2026-04-18 11:59:56 [main] INFO  com.zaxxer.hikari.HikariDataSource - HikariPool-1 - Starting...
2026-04-18 11:59:56 [main] INFO  com.zaxxer.hikari.pool.HikariPool - HikariPool-1 - Added connection org.sqlite.jdbc4.JDBC4Connection@61001b64
2026-04-18 11:59:56 [main] INFO  com.zaxxer.hikari.HikariDataSource - HikariPool-1 - Start completed.
2026-04-18 11:59:56 [main] INFO  org.flywaydb.core.FlywayExecutor - Database: jdbc:sqlite:app.db (SQLite 3.50)
2026-04-18 11:59:56 [main] INFO  o.f.core.internal.command.DbValidate - Successfully validated 7 migrations (execution time 00:00.014s)
2026-04-18 11:59:56 [main] INFO  o.f.core.internal.command.DbMigrate - Current version of schema "main": 7
2026-04-18 11:59:56 [main] INFO  o.f.core.internal.command.DbMigrate - Schema "main" is up to date. No migration necessary.
2026-04-18 12:00:58 [main] INFO  com.zaxxer.hikari.HikariDataSource - HikariPool-1 - Starting...
2026-04-18 12:00:58 [main] INFO  com.zaxxer.hikari.pool.HikariPool - HikariPool-1 - Added connection org.sqlite.jdbc4.JDBC4Connection@61001b64
2026-04-18 12:00:58 [main] INFO  com.zaxxer.hikari.HikariDataSource - HikariPool-1 - Start completed.
2026-04-18 12:00:58 [main] INFO  org.flywaydb.core.FlywayExecutor - Database: jdbc:sqlite:app.db (SQLite 3.50)
2026-04-18 12:00:58 [main] INFO  o.f.core.internal.command.DbValidate - Successfully validated 7 migrations (execution time 00:00.014s)
2026-04-18 12:00:58 [main] INFO  o.f.core.internal.command.DbMigrate - Current version of schema "main": 7
2026-04-18 12:00:58 [main] INFO  o.f.core.internal.command.DbMigrate - Schema "main" is up to date. No migration necessary.
2026-04-18 12:01:26 [main] INFO  com.zaxxer.hikari.HikariDataSource - HikariPool-1 - Starting...
2026-04-18 12:01:26 [main] INFO  com.zaxxer.hikari.pool.HikariPool - HikariPool-1 - Added connection org.sqlite.jdbc4.JDBC4Connection@61001b64
2026-04-18 12:01:26 [main] INFO  com.zaxxer.hikari.HikariDataSource - HikariPool-1 - Start completed.
2026-04-18 12:01:26 [main] INFO  org.flywaydb.core.FlywayExecutor - Database: jdbc:sqlite:app.db (SQLite 3.50)
2026-04-18 12:01:26 [main] INFO  o.f.core.internal.command.DbValidate - Successfully validated 7 migrations (execution time 00:00.013s)
2026-04-18 12:01:26 [main] INFO  o.f.core.internal.command.DbMigrate - Current version of schema "main": 7
2026-04-18 12:01:26 [main] INFO  o.f.core.internal.command.DbMigrate - Schema "main" is up to date. No migration necessary.
2026-04-19 13:11:38 [main] INFO  com.zaxxer.hikari.HikariDataSource - HikariPool-1 - Starting...
2026-04-19 13:11:38 [main] INFO  com.zaxxer.hikari.pool.HikariPool - HikariPool-1 - Added connection org.sqlite.jdbc4.JDBC4Connection@61001b64
2026-04-19 13:11:38 [main] INFO  com.zaxxer.hikari.HikariDataSource - HikariPool-1 - Start completed.
2026-04-19 13:11:38 [main] INFO  org.flywaydb.core.FlywayExecutor - Database: jdbc:sqlite:app.db (SQLite 3.50)
2026-04-19 13:11:38 [main] INFO  o.f.core.internal.command.DbValidate - Successfully validated 7 migrations (execution time 00:00.018s)
2026-04-19 13:11:38 [main] INFO  o.f.core.internal.command.DbMigrate - Current version of schema "main": 7
2026-04-19 13:11:38 [main] INFO  o.f.core.internal.command.DbMigrate - Schema "main" is up to date. No migration necessary.
2026-04-19 13:12:22 [main] INFO  com.zaxxer.hikari.HikariDataSource - HikariPool-1 - Starting...
2026-04-19 13:12:22 [main] INFO  com.zaxxer.hikari.pool.HikariPool - HikariPool-1 - Added connection org.sqlite.jdbc4.JDBC4Connection@2eea88a1
2026-04-19 13:12:22 [main] INFO  com.zaxxer.hikari.HikariDataSource - HikariPool-1 - Start completed.
2026-04-19 13:12:22 [main] INFO  org.flywaydb.core.FlywayExecutor - Database: jdbc:sqlite:app.db (SQLite 3.50)
2026-04-19 13:12:22 [main] INFO  o.f.core.internal.command.DbValidate - Successfully validated 7 migrations (execution time 00:00.017s)
2026-04-19 13:12:22 [main] INFO  o.f.core.internal.command.DbMigrate - Current version of schema "main": 7
2026-04-19 13:12:22 [main] INFO  o.f.core.internal.command.DbMigrate - Schema "main" is up to date. No migration necessary.
2026-04-19 13:14:45 [main] INFO  com.zaxxer.hikari.HikariDataSource - HikariPool-1 - Starting...
2026-04-19 13:14:45 [main] INFO  com.zaxxer.hikari.pool.HikariPool - HikariPool-1 - Added connection org.sqlite.jdbc4.JDBC4Connection@61001b64
2026-04-19 13:14:45 [main] INFO  com.zaxxer.hikari.HikariDataSource - HikariPool-1 - Start completed.
2026-04-19 13:14:45 [main] INFO  org.flywaydb.core.FlywayExecutor - Database: jdbc:sqlite:app.db (SQLite 3.50)
2026-04-19 13:14:45 [main] INFO  o.f.core.internal.command.DbValidate - Successfully validated 7 migrations (execution time 00:00.014s)
2026-04-19 13:14:45 [main] INFO  o.f.core.internal.command.DbMigrate - Current version of schema "main": 7
2026-04-19 13:14:45 [main] INFO  o.f.core.internal.command.DbMigrate - Schema "main" is up to date. No migration necessary.
2026-04-19 13:17:48 [main] INFO  com.zaxxer.hikari.HikariDataSource - HikariPool-1 - Starting...
2026-04-19 13:17:48 [main] INFO  com.zaxxer.hikari.pool.HikariPool - HikariPool-1 - Added connection org.sqlite.jdbc4.JDBC4Connection@61001b64
2026-04-19 13:17:48 [main] INFO  com.zaxxer.hikari.HikariDataSource - HikariPool-1 - Start completed.
2026-04-19 13:17:48 [main] INFO  org.flywaydb.core.FlywayExecutor - Database: jdbc:sqlite:app.db (SQLite 3.50)
2026-04-19 13:17:48 [main] INFO  o.f.core.internal.command.DbValidate - Successfully validated 7 migrations (execution time 00:00.015s)
2026-04-19 13:17:48 [main] INFO  o.f.core.internal.command.DbMigrate - Current version of schema "main": 7
2026-04-19 13:17:48 [main] INFO  o.f.core.internal.command.DbMigrate - Schema "main" is up to date. No migration necessary.
2026-04-19 13:21:19 [main] INFO  com.zaxxer.hikari.HikariDataSource - HikariPool-1 - Starting...
2026-04-19 13:21:19 [main] INFO  com.zaxxer.hikari.pool.HikariPool - HikariPool-1 - Added connection org.sqlite.jdbc4.JDBC4Connection@61001b64
2026-04-19 13:21:19 [main] INFO  com.zaxxer.hikari.HikariDataSource - HikariPool-1 - Start completed.
2026-04-19 13:21:19 [main] INFO  org.flywaydb.core.FlywayExecutor - Database: jdbc:sqlite:app.db (SQLite 3.50)
2026-04-19 13:21:19 [main] INFO  o.f.core.internal.command.DbValidate - Successfully validated 7 migrations (execution time 00:00.014s)
2026-04-19 13:21:19 [main] INFO  o.f.core.internal.command.DbMigrate - Current version of schema "main": 7
2026-04-19 13:21:19 [main] INFO  o.f.core.internal.command.DbMigrate - Schema "main" is up to date. No migration necessary.
2026-04-19 13:21:59 [main] INFO  com.zaxxer.hikari.HikariDataSource - HikariPool-1 - Starting...
2026-04-19 13:21:59 [main] INFO  com.zaxxer.hikari.pool.HikariPool - HikariPool-1 - Added connection org.sqlite.jdbc4.JDBC4Connection@61001b64
2026-04-19 13:21:59 [main] INFO  com.zaxxer.hikari.HikariDataSource - HikariPool-1 - Start completed.
2026-04-19 13:22:00 [main] INFO  org.flywaydb.core.FlywayExecutor - Database: jdbc:sqlite:app.db (SQLite 3.50)
2026-04-19 13:22:00 [main] INFO  o.f.core.internal.command.DbValidate - Successfully validated 7 migrations (execution time 00:00.014s)
2026-04-19 13:22:00 [main] INFO  o.f.core.internal.command.DbMigrate - Current version of schema "main": 7
2026-04-19 13:22:00 [main] INFO  o.f.core.internal.command.DbMigrate - Schema "main" is up to date. No migration necessary.
2026-04-19 13:24:03 [main] INFO  com.zaxxer.hikari.HikariDataSource - HikariPool-1 - Starting...
2026-04-19 13:24:03 [main] INFO  com.zaxxer.hikari.pool.HikariPool - HikariPool-1 - Added connection org.sqlite.jdbc4.JDBC4Connection@61001b64
2026-04-19 13:24:03 [main] INFO  com.zaxxer.hikari.HikariDataSource - HikariPool-1 - Start completed.
2026-04-19 13:24:03 [main] INFO  org.flywaydb.core.FlywayExecutor - Database: jdbc:sqlite:app.db (SQLite 3.50)
2026-04-19 13:24:03 [main] INFO  o.f.core.internal.command.DbValidate - Successfully validated 7 migrations (execution time 00:00.015s)
2026-04-19 13:24:03 [main] INFO  o.f.core.internal.command.DbMigrate - Current version of schema "main": 7
2026-04-19 13:24:03 [main] INFO  o.f.core.internal.command.DbMigrate - Schema "main" is up to date. No migration necessary.
2026-04-19 13:26:41 [main] INFO  com.zaxxer.hikari.HikariDataSource - HikariPool-1 - Starting...
2026-04-19 13:26:41 [main] INFO  com.zaxxer.hikari.pool.HikariPool - HikariPool-1 - Added connection org.sqlite.jdbc4.JDBC4Connection@61001b64
2026-04-19 13:26:41 [main] INFO  com.zaxxer.hikari.HikariDataSource - HikariPool-1 - Start completed.
2026-04-19 13:26:41 [main] INFO  org.flywaydb.core.FlywayExecutor - Database: jdbc:sqlite:app.db (SQLite 3.50)
2026-04-19 13:26:42 [main] INFO  o.f.core.internal.command.DbValidate - Successfully validated 7 migrations (execution time 00:00.015s)
2026-04-19 13:26:42 [main] INFO  o.f.core.internal.command.DbMigrate - Current version of schema "main": 7
2026-04-19 13:26:42 [main] INFO  o.f.core.internal.command.DbMigrate - Schema "main" is up to date. No migration necessary.
2026-04-19 13:30:05 [main] INFO  com.zaxxer.hikari.HikariDataSource - HikariPool-1 - Starting...
2026-04-19 13:30:05 [main] INFO  com.zaxxer.hikari.pool.HikariPool - HikariPool-1 - Added connection org.sqlite.jdbc4.JDBC4Connection@61001b64
2026-04-19 13:30:05 [main] INFO  com.zaxxer.hikari.HikariDataSource - HikariPool-1 - Start completed.
2026-04-19 13:30:05 [main] INFO  org.flywaydb.core.FlywayExecutor - Database: jdbc:sqlite:app.db (SQLite 3.50)
2026-04-19 13:30:05 [main] INFO  o.f.core.internal.command.DbValidate - Successfully validated 7 migrations (execution time 00:00.015s)
2026-04-19 13:30:05 [main] INFO  o.f.core.internal.command.DbMigrate - Current version of schema "main": 7
2026-04-19 13:30:06 [main] INFO  o.f.core.internal.command.DbMigrate - Schema "main" is up to date. No migration necessary.
2026-04-19 13:31:43 [main] INFO  com.zaxxer.hikari.HikariDataSource - HikariPool-1 - Starting...
2026-04-19 13:31:43 [main] INFO  com.zaxxer.hikari.pool.HikariPool - HikariPool-1 - Added connection org.sqlite.jdbc4.JDBC4Connection@61001b64
2026-04-19 13:31:43 [main] INFO  com.zaxxer.hikari.HikariDataSource - HikariPool-1 - Start completed.
2026-04-19 13:31:43 [main] INFO  org.flywaydb.core.FlywayExecutor - Database: jdbc:sqlite:app.db (SQLite 3.50)
2026-04-19 13:31:43 [main] INFO  o.f.core.internal.command.DbValidate - Successfully validated 7 migrations (execution time 00:00.014s)
2026-04-19 13:31:43 [main] INFO  o.f.core.internal.command.DbMigrate - Current version of schema "main": 7
2026-04-19 13:31:43 [main] INFO  o.f.core.internal.command.DbMigrate - Schema "main" is up to date. No migration necessary.
2026-04-19 13:33:04 [main] INFO  com.zaxxer.hikari.HikariDataSource - HikariPool-1 - Starting...
2026-04-19 13:33:04 [main] INFO  com.zaxxer.hikari.pool.HikariPool - HikariPool-1 - Added connection org.sqlite.jdbc4.JDBC4Connection@2eea88a1
2026-04-19 13:33:04 [main] INFO  com.zaxxer.hikari.HikariDataSource - HikariPool-1 - Start completed.
2026-04-19 13:33:04 [main] INFO  org.flywaydb.core.FlywayExecutor - Database: jdbc:sqlite:app.db (SQLite 3.50)
2026-04-19 13:33:05 [main] INFO  o.f.core.internal.command.DbValidate - Successfully validated 7 migrations (execution time 00:00.017s)
2026-04-19 13:33:05 [main] INFO  o.f.core.internal.command.DbMigrate - Current version of schema "main": 7
2026-04-19 13:33:05 [main] INFO  o.f.core.internal.command.DbMigrate - Schema "main" is up to date. No migration necessary.
2026-04-19 13:35:13 [main] INFO  com.zaxxer.hikari.HikariDataSource - HikariPool-1 - Starting...
2026-04-19 13:35:13 [main] INFO  com.zaxxer.hikari.pool.HikariPool - HikariPool-1 - Added connection org.sqlite.jdbc4.JDBC4Connection@61001b64
2026-04-19 13:35:13 [main] INFO  com.zaxxer.hikari.HikariDataSource - HikariPool-1 - Start completed.
2026-04-19 13:35:13 [main] INFO  org.flywaydb.core.FlywayExecutor - Database: jdbc:sqlite:app.db (SQLite 3.50)
2026-04-19 13:35:13 [main] INFO  o.f.core.internal.command.DbValidate - Successfully validated 7 migrations (execution time 00:00.016s)
2026-04-19 13:35:13 [main] INFO  o.f.core.internal.command.DbMigrate - Current version of schema "main": 7
2026-04-19 13:35:13 [main] INFO  o.f.core.internal.command.DbMigrate - Schema "main" is up to date. No migration necessary.
2026-04-19 13:35:31 [main] INFO  com.zaxxer.hikari.HikariDataSource - HikariPool-1 - Starting...
2026-04-19 13:35:31 [main] INFO  com.zaxxer.hikari.pool.HikariPool - HikariPool-1 - Added connection org.sqlite.jdbc4.JDBC4Connection@61001b64
2026-04-19 13:35:31 [main] INFO  com.zaxxer.hikari.HikariDataSource - HikariPool-1 - Start completed.
2026-04-19 13:35:32 [main] INFO  org.flywaydb.core.FlywayExecutor - Database: jdbc:sqlite:app.db (SQLite 3.50)
2026-04-19 13:35:32 [main] INFO  o.f.core.internal.command.DbValidate - Successfully validated 7 migrations (execution time 00:00.015s)
2026-04-19 13:35:32 [main] INFO  o.f.core.internal.command.DbMigrate - Current version of schema "main": 7
2026-04-19 13:35:32 [main] INFO  o.f.core.internal.command.DbMigrate - Schema "main" is up to date. No migration necessary.
2026-04-19 13:36:46 [main] INFO  com.zaxxer.hikari.HikariDataSource - HikariPool-1 - Starting...
2026-04-19 13:36:46 [main] INFO  com.zaxxer.hikari.pool.HikariPool - HikariPool-1 - Added connection org.sqlite.jdbc4.JDBC4Connection@61001b64
2026-04-19 13:36:46 [main] INFO  com.zaxxer.hikari.HikariDataSource - HikariPool-1 - Start completed.
2026-04-19 13:36:46 [main] INFO  org.flywaydb.core.FlywayExecutor - Database: jdbc:sqlite:app.db (SQLite 3.50)
2026-04-19 13:36:46 [main] INFO  o.f.core.internal.command.DbValidate - Successfully validated 7 migrations (execution time 00:00.014s)
2026-04-19 13:36:46 [main] INFO  o.f.core.internal.command.DbMigrate - Current version of schema "main": 7
2026-04-19 13:36:46 [main] INFO  o.f.core.internal.command.DbMigrate - Schema "main" is up to date. No migration necessary.
2026-04-19 13:49:15 [main] INFO  com.zaxxer.hikari.HikariDataSource - HikariPool-1 - Starting...
2026-04-19 13:49:15 [main] INFO  com.zaxxer.hikari.pool.HikariPool - HikariPool-1 - Added connection org.sqlite.jdbc4.JDBC4Connection@61001b64
2026-04-19 13:49:15 [main] INFO  com.zaxxer.hikari.HikariDataSource - HikariPool-1 - Start completed.
2026-04-19 13:49:15 [main] INFO  org.flywaydb.core.FlywayExecutor - Database: jdbc:sqlite:app.db (SQLite 3.50)
2026-04-19 13:49:15 [main] INFO  o.f.core.internal.command.DbValidate - Successfully validated 7 migrations (execution time 00:00.015s)
2026-04-19 13:49:15 [main] INFO  o.f.core.internal.command.DbMigrate - Current version of schema "main": 7
2026-04-19 13:49:15 [main] INFO  o.f.core.internal.command.DbMigrate - Schema "main" is up to date. No migration necessary.
2026-04-19 13:50:44 [main] INFO  com.zaxxer.hikari.HikariDataSource - HikariPool-1 - Starting...
2026-04-19 13:50:44 [main] INFO  com.zaxxer.hikari.pool.HikariPool - HikariPool-1 - Added connection org.sqlite.jdbc4.JDBC4Connection@61001b64
2026-04-19 13:50:44 [main] INFO  com.zaxxer.hikari.HikariDataSource - HikariPool-1 - Start completed.
2026-04-19 13:50:45 [main] INFO  org.flywaydb.core.FlywayExecutor - Database: jdbc:sqlite:app.db (SQLite 3.50)
2026-04-19 13:50:45 [main] INFO  o.f.core.internal.command.DbValidate - Successfully validated 7 migrations (execution time 00:00.014s)
2026-04-19 13:50:45 [main] INFO  o.f.core.internal.command.DbMigrate - Current version of schema "main": 7
2026-04-19 13:50:45 [main] INFO  o.f.core.internal.command.DbMigrate - Schema "main" is up to date. No migration necessary.
2026-04-19 13:53:34 [main] INFO  com.zaxxer.hikari.HikariDataSource - HikariPool-1 - Starting...
2026-04-19 13:53:34 [main] INFO  com.zaxxer.hikari.pool.HikariPool - HikariPool-1 - Added connection org.sqlite.jdbc4.JDBC4Connection@61001b64
2026-04-19 13:53:34 [main] INFO  com.zaxxer.hikari.HikariDataSource - HikariPool-1 - Start completed.
2026-04-19 13:53:34 [main] INFO  org.flywaydb.core.FlywayExecutor - Database: jdbc:sqlite:app.db (SQLite 3.50)
2026-04-19 13:53:34 [main] INFO  o.f.core.internal.command.DbValidate - Successfully validated 7 migrations (execution time 00:00.015s)
2026-04-19 13:53:34 [main] INFO  o.f.core.internal.command.DbMigrate - Current version of schema "main": 7
2026-04-19 13:53:34 [main] INFO  o.f.core.internal.command.DbMigrate - Schema "main" is up to date. No migration necessary.
2026-04-19 13:54:43 [main] INFO  com.zaxxer.hikari.HikariDataSource - HikariPool-1 - Starting...
2026-04-19 13:54:43 [main] INFO  com.zaxxer.hikari.pool.HikariPool - HikariPool-1 - Added connection org.sqlite.jdbc4.JDBC4Connection@61001b64
2026-04-19 13:54:43 [main] INFO  com.zaxxer.hikari.HikariDataSource - HikariPool-1 - Start completed.
2026-04-19 13:54:44 [main] INFO  org.flywaydb.core.FlywayExecutor - Database: jdbc:sqlite:app.db (SQLite 3.50)
2026-04-19 13:54:44 [main] INFO  o.f.core.internal.command.DbValidate - Successfully validated 7 migrations (execution time 00:00.014s)
2026-04-19 13:54:44 [main] INFO  o.f.core.internal.command.DbMigrate - Current version of schema "main": 7
2026-04-19 13:54:44 [main] INFO  o.f.core.internal.command.DbMigrate - Schema "main" is up to date. No migration necessary.
2026-04-19 13:55:59 [main] INFO  com.zaxxer.hikari.HikariDataSource - HikariPool-1 - Starting...
2026-04-19 13:55:59 [main] INFO  com.zaxxer.hikari.pool.HikariPool - HikariPool-1 - Added connection org.sqlite.jdbc4.JDBC4Connection@61001b64
2026-04-19 13:55:59 [main] INFO  com.zaxxer.hikari.HikariDataSource - HikariPool-1 - Start completed.
2026-04-19 13:55:59 [main] INFO  org.flywaydb.core.FlywayExecutor - Database: jdbc:sqlite:app.db (SQLite 3.50)
2026-04-19 13:55:59 [main] INFO  o.f.core.internal.command.DbValidate - Successfully validated 7 migrations (execution time 00:00.014s)
2026-04-19 13:55:59 [main] INFO  o.f.core.internal.command.DbMigrate - Current version of schema "main": 7
2026-04-19 13:55:59 [main] INFO  o.f.core.internal.command.DbMigrate - Schema "main" is up to date. No migration necessary.
2026-04-19 13:56:19 [main] INFO  com.zaxxer.hikari.HikariDataSource - HikariPool-1 - Starting...
2026-04-19 13:56:19 [main] INFO  com.zaxxer.hikari.pool.HikariPool - HikariPool-1 - Added connection org.sqlite.jdbc4.JDBC4Connection@61001b64
2026-04-19 13:56:19 [main] INFO  com.zaxxer.hikari.HikariDataSource - HikariPool-1 - Start completed.
2026-04-19 13:56:19 [main] INFO  org.flywaydb.core.FlywayExecutor - Database: jdbc:sqlite:app.db (SQLite 3.50)
2026-04-19 13:56:19 [main] INFO  o.f.core.internal.command.DbValidate - Successfully validated 7 migrations (execution time 00:00.015s)
2026-04-19 13:56:19 [main] INFO  o.f.core.internal.command.DbMigrate - Current version of schema "main": 7
2026-04-19 13:56:19 [main] INFO  o.f.core.internal.command.DbMigrate - Schema "main" is up to date. No migration necessary.
2026-04-19 14:01:17 [main] INFO  com.zaxxer.hikari.HikariDataSource - HikariPool-1 - Starting...
2026-04-19 14:01:17 [main] INFO  com.zaxxer.hikari.pool.HikariPool - HikariPool-1 - Added connection org.sqlite.jdbc4.JDBC4Connection@61001b64
2026-04-19 14:01:17 [main] INFO  com.zaxxer.hikari.HikariDataSource - HikariPool-1 - Start completed.
2026-04-19 14:01:17 [main] INFO  org.flywaydb.core.FlywayExecutor - Database: jdbc:sqlite:app.db (SQLite 3.50)
2026-04-19 14:01:17 [main] INFO  o.f.core.internal.command.DbValidate - Successfully validated 7 migrations (execution time 00:00.015s)
2026-04-19 14:01:17 [main] INFO  o.f.core.internal.command.DbMigrate - Current version of schema "main": 7
2026-04-19 14:01:17 [main] INFO  o.f.core.internal.command.DbMigrate - Schema "main" is up to date. No migration necessary.
2026-04-19 14:02:40 [main] INFO  com.zaxxer.hikari.HikariDataSource - HikariPool-1 - Starting...
2026-04-19 14:02:40 [main] INFO  com.zaxxer.hikari.pool.HikariPool - HikariPool-1 - Added connection org.sqlite.jdbc4.JDBC4Connection@61001b64
2026-04-19 14:02:40 [main] INFO  com.zaxxer.hikari.HikariDataSource - HikariPool-1 - Start completed.
2026-04-19 14:02:41 [main] INFO  org.flywaydb.core.FlywayExecutor - Database: jdbc:sqlite:app.db (SQLite 3.50)
2026-04-19 14:02:41 [main] INFO  o.f.core.internal.command.DbValidate - Successfully validated 7 migrations (execution time 00:00.014s)
2026-04-19 14:02:41 [main] INFO  o.f.core.internal.command.DbMigrate - Current version of schema "main": 7
2026-04-19 14:02:41 [main] INFO  o.f.core.internal.command.DbMigrate - Schema "main" is up to date. No migration necessary.
2026-04-19 14:04:46 [main] INFO  com.zaxxer.hikari.HikariDataSource - HikariPool-1 - Starting...
2026-04-19 14:04:46 [main] INFO  com.zaxxer.hikari.pool.HikariPool - HikariPool-1 - Added connection org.sqlite.jdbc4.JDBC4Connection@61001b64
2026-04-19 14:04:46 [main] INFO  com.zaxxer.hikari.HikariDataSource - HikariPool-1 - Start completed.
2026-04-19 14:04:47 [main] INFO  org.flywaydb.core.FlywayExecutor - Database: jdbc:sqlite:app.db (SQLite 3.50)
2026-04-19 14:04:47 [main] INFO  o.f.core.internal.command.DbValidate - Successfully validated 7 migrations (execution time 00:00.019s)
2026-04-19 14:04:47 [main] INFO  o.f.core.internal.command.DbMigrate - Current version of schema "main": 7
2026-04-19 14:04:47 [main] INFO  o.f.core.internal.command.DbMigrate - Schema "main" is up to date. No migration necessary.
2026-04-19 14:06:07 [main] INFO  com.zaxxer.hikari.HikariDataSource - HikariPool-1 - Starting...
2026-04-19 14:06:07 [main] INFO  com.zaxxer.hikari.pool.HikariPool - HikariPool-1 - Added connection org.sqlite.jdbc4.JDBC4Connection@61001b64
2026-04-19 14:06:07 [main] INFO  com.zaxxer.hikari.HikariDataSource - HikariPool-1 - Start completed.
2026-04-19 14:06:07 [main] INFO  org.flywaydb.core.FlywayExecutor - Database: jdbc:sqlite:app.db (SQLite 3.50)
2026-04-19 14:06:07 [main] INFO  o.f.core.internal.command.DbValidate - Successfully validated 7 migrations (execution time 00:00.014s)
2026-04-19 14:06:07 [main] INFO  o.f.core.internal.command.DbMigrate - Current version of schema "main": 7
2026-04-19 14:06:07 [main] INFO  o.f.core.internal.command.DbMigrate - Schema "main" is up to date. No migration necessary.
2026-04-19 14:09:39 [main] INFO  com.zaxxer.hikari.HikariDataSource - HikariPool-1 - Starting...
2026-04-19 14:09:39 [main] INFO  com.zaxxer.hikari.pool.HikariPool - HikariPool-1 - Added connection org.sqlite.jdbc4.JDBC4Connection@61001b64
2026-04-19 14:09:39 [main] INFO  com.zaxxer.hikari.HikariDataSource - HikariPool-1 - Start completed.
2026-04-19 14:09:39 [main] INFO  org.flywaydb.core.FlywayExecutor - Database: jdbc:sqlite:app.db (SQLite 3.50)
2026-04-19 14:09:39 [main] INFO  o.f.core.internal.command.DbValidate - Successfully validated 7 migrations (execution time 00:00.017s)
2026-04-19 14:09:39 [main] INFO  o.f.core.internal.command.DbMigrate - Current version of schema "main": 7
2026-04-19 14:09:39 [main] INFO  o.f.core.internal.command.DbMigrate - Schema "main" is up to date. No migration necessary.
2026-04-19 14:31:53 [main] INFO  com.zaxxer.hikari.HikariDataSource - HikariPool-1 - Starting...
2026-04-19 14:31:53 [main] INFO  com.zaxxer.hikari.pool.HikariPool - HikariPool-1 - Added connection org.sqlite.jdbc4.JDBC4Connection@61001b64
2026-04-19 14:31:53 [main] INFO  com.zaxxer.hikari.HikariDataSource - HikariPool-1 - Start completed.
2026-04-19 14:31:53 [main] INFO  org.flywaydb.core.FlywayExecutor - Database: jdbc:sqlite:app.db (SQLite 3.50)
2026-04-19 14:31:53 [main] INFO  o.f.core.internal.command.DbValidate - Successfully validated 7 migrations (execution time 00:00.016s)
2026-04-19 14:31:53 [main] INFO  o.f.core.internal.command.DbMigrate - Current version of schema "main": 7
2026-04-19 14:31:53 [main] INFO  o.f.core.internal.command.DbMigrate - Schema "main" is up to date. No migration necessary.
2026-04-19 14:34:05 [main] INFO  com.zaxxer.hikari.HikariDataSource - HikariPool-1 - Starting...
2026-04-19 14:34:05 [main] INFO  com.zaxxer.hikari.pool.HikariPool - HikariPool-1 - Added connection org.sqlite.jdbc4.JDBC4Connection@2eea88a1
2026-04-19 14:34:05 [main] INFO  com.zaxxer.hikari.HikariDataSource - HikariPool-1 - Start completed.
2026-04-19 14:34:05 [main] INFO  org.flywaydb.core.FlywayExecutor - Database: jdbc:sqlite:app.db (SQLite 3.50)
2026-04-19 14:34:05 [main] INFO  o.f.core.internal.command.DbValidate - Successfully validated 7 migrations (execution time 00:00.017s)
2026-04-19 14:34:05 [main] INFO  o.f.core.internal.command.DbMigrate - Current version of schema "main": 7
2026-04-19 14:34:05 [main] INFO  o.f.core.internal.command.DbMigrate - Schema "main" is up to date. No migration necessary.
2026-04-19 14:34:57 [HikariPool-1 housekeeper] WARN  com.zaxxer.hikari.pool.HikariPool - HikariPool-1 - Thread starvation or clock leap detected (housekeeper delta=52s480ms577µs900ns).
2026-04-19 14:35:16 [main] INFO  com.zaxxer.hikari.HikariDataSource - HikariPool-1 - Starting...
2026-04-19 14:35:16 [main] INFO  com.zaxxer.hikari.pool.HikariPool - HikariPool-1 - Added connection org.sqlite.jdbc4.JDBC4Connection@2eea88a1
2026-04-19 14:35:16 [main] INFO  com.zaxxer.hikari.HikariDataSource - HikariPool-1 - Start completed.
2026-04-19 14:35:17 [main] INFO  org.flywaydb.core.FlywayExecutor - Database: jdbc:sqlite:app.db (SQLite 3.50)
2026-04-19 14:35:17 [main] INFO  o.f.core.internal.command.DbValidate - Successfully validated 7 migrations (execution time 00:00.016s)
2026-04-19 14:35:17 [main] INFO  o.f.core.internal.command.DbMigrate - Current version of schema "main": 7
2026-04-19 14:35:17 [main] INFO  o.f.core.internal.command.DbMigrate - Schema "main" is up to date. No migration necessary.
2026-04-19 14:35:41 [main] INFO  com.zaxxer.hikari.HikariDataSource - HikariPool-1 - Starting...
2026-04-19 14:35:41 [main] INFO  com.zaxxer.hikari.pool.HikariPool - HikariPool-1 - Added connection org.sqlite.jdbc4.JDBC4Connection@2eea88a1
2026-04-19 14:35:41 [main] INFO  com.zaxxer.hikari.HikariDataSource - HikariPool-1 - Start completed.
2026-04-19 14:35:41 [main] INFO  org.flywaydb.core.FlywayExecutor - Database: jdbc:sqlite:app.db (SQLite 3.50)
2026-04-19 14:35:41 [main] INFO  o.f.core.internal.command.DbValidate - Successfully validated 7 migrations (execution time 00:00.017s)
2026-04-19 14:35:41 [main] INFO  o.f.core.internal.command.DbMigrate - Current version of schema "main": 7
2026-04-19 14:35:41 [main] INFO  o.f.core.internal.command.DbMigrate - Schema "main" is up to date. No migration necessary.
2026-04-19 14:36:13 [main] INFO  com.zaxxer.hikari.HikariDataSource - HikariPool-1 - Starting...
2026-04-19 14:36:13 [main] INFO  com.zaxxer.hikari.pool.HikariPool - HikariPool-1 - Added connection org.sqlite.jdbc4.JDBC4Connection@2eea88a1
2026-04-19 14:36:13 [main] INFO  com.zaxxer.hikari.HikariDataSource - HikariPool-1 - Start completed.
2026-04-19 14:36:13 [main] INFO  org.flywaydb.core.FlywayExecutor - Database: jdbc:sqlite:app.db (SQLite 3.50)
2026-04-19 14:36:13 [main] INFO  o.f.core.internal.command.DbValidate - Successfully validated 7 migrations (execution time 00:00.016s)
2026-04-19 14:36:13 [main] INFO  o.f.core.internal.command.DbMigrate - Current version of schema "main": 7
2026-04-19 14:36:13 [main] INFO  o.f.core.internal.command.DbMigrate - Schema "main" is up to date. No migration necessary.
2026-04-19 14:36:42 [main] INFO  com.zaxxer.hikari.HikariDataSource - HikariPool-1 - Starting...
2026-04-19 14:36:42 [main] INFO  com.zaxxer.hikari.pool.HikariPool - HikariPool-1 - Added connection org.sqlite.jdbc4.JDBC4Connection@61001b64
2026-04-19 14:36:42 [main] INFO  com.zaxxer.hikari.HikariDataSource - HikariPool-1 - Start completed.
2026-04-19 14:36:42 [main] INFO  org.flywaydb.core.FlywayExecutor - Database: jdbc:sqlite:app.db (SQLite 3.50)
2026-04-19 14:36:42 [main] INFO  o.f.core.internal.command.DbValidate - Successfully validated 7 migrations (execution time 00:00.015s)
2026-04-19 14:36:42 [main] INFO  o.f.core.internal.command.DbMigrate - Current version of schema "main": 7
2026-04-19 14:36:42 [main] INFO  o.f.core.internal.command.DbMigrate - Schema "main" is up to date. No migration necessary.
2026-04-19 14:36:49 [main] INFO  com.zaxxer.hikari.HikariDataSource - HikariPool-1 - Starting...
2026-04-19 14:36:50 [main] INFO  com.zaxxer.hikari.pool.HikariPool - HikariPool-1 - Added connection org.sqlite.jdbc4.JDBC4Connection@2eea88a1
2026-04-19 14:36:50 [main] INFO  com.zaxxer.hikari.HikariDataSource - HikariPool-1 - Start completed.
2026-04-19 14:36:50 [main] INFO  org.flywaydb.core.FlywayExecutor - Database: jdbc:sqlite:app.db (SQLite 3.50)
2026-04-19 14:36:50 [main] INFO  o.f.core.internal.command.DbValidate - Successfully validated 7 migrations (execution time 00:00.019s)
2026-04-19 14:36:50 [main] INFO  o.f.core.internal.command.DbMigrate - Current version of schema "main": 7
2026-04-19 14:36:50 [main] INFO  o.f.core.internal.command.DbMigrate - Schema "main" is up to date. No migration necessary.
2026-04-19 14:38:07 [HikariPool-1 housekeeper] WARN  com.zaxxer.hikari.pool.HikariPool - HikariPool-1 - Thread starvation or clock leap detected (housekeeper delta=1m17s71ms661µs800ns).
2026-04-19 14:38:10 [main] INFO  com.zaxxer.hikari.HikariDataSource - HikariPool-1 - Starting...
2026-04-19 14:38:10 [main] INFO  com.zaxxer.hikari.pool.HikariPool - HikariPool-1 - Added connection org.sqlite.jdbc4.JDBC4Connection@61001b64
2026-04-19 14:38:10 [main] INFO  com.zaxxer.hikari.HikariDataSource - HikariPool-1 - Start completed.
2026-04-19 14:38:10 [main] INFO  org.flywaydb.core.FlywayExecutor - Database: jdbc:sqlite:app.db (SQLite 3.50)
2026-04-19 14:38:10 [main] INFO  o.f.core.internal.command.DbValidate - Successfully validated 7 migrations (execution time 00:00.014s)
2026-04-19 14:38:10 [main] INFO  o.f.core.internal.command.DbMigrate - Current version of schema "main": 7
2026-04-19 14:38:10 [main] INFO  o.f.core.internal.command.DbMigrate - Schema "main" is up to date. No migration necessary.
2026-04-19 14:40:45 [main] INFO  com.zaxxer.hikari.HikariDataSource - HikariPool-1 - Starting...
2026-04-19 14:40:45 [main] INFO  com.zaxxer.hikari.pool.HikariPool - HikariPool-1 - Added connection org.sqlite.jdbc4.JDBC4Connection@61001b64
2026-04-19 14:40:45 [main] INFO  com.zaxxer.hikari.HikariDataSource - HikariPool-1 - Start completed.
2026-04-19 14:40:45 [main] INFO  org.flywaydb.core.FlywayExecutor - Database: jdbc:sqlite:app.db (SQLite 3.50)
2026-04-19 14:40:45 [main] INFO  o.f.core.internal.command.DbValidate - Successfully validated 7 migrations (execution time 00:00.013s)
2026-04-19 14:40:45 [main] INFO  o.f.core.internal.command.DbMigrate - Current version of schema "main": 7
2026-04-19 14:40:45 [main] INFO  o.f.core.internal.command.DbMigrate - Schema "main" is up to date. No migration necessary.
2026-04-19 14:41:39 [main] INFO  com.zaxxer.hikari.HikariDataSource - HikariPool-1 - Starting...
2026-04-19 14:41:40 [main] INFO  com.zaxxer.hikari.pool.HikariPool - HikariPool-1 - Added connection org.sqlite.jdbc4.JDBC4Connection@61001b64
2026-04-19 14:41:40 [main] INFO  com.zaxxer.hikari.HikariDataSource - HikariPool-1 - Start completed.
2026-04-19 14:41:40 [main] INFO  org.flywaydb.core.FlywayExecutor - Database: jdbc:sqlite:app.db (SQLite 3.50)
2026-04-19 14:41:40 [main] INFO  o.f.core.internal.command.DbValidate - Successfully validated 7 migrations (execution time 00:00.013s)
2026-04-19 14:41:40 [main] INFO  o.f.core.internal.command.DbMigrate - Current version of schema "main": 7
2026-04-19 14:41:40 [main] INFO  o.f.core.internal.command.DbMigrate - Schema "main" is up to date. No migration necessary.
2026-04-19 14:42:46 [main] INFO  com.zaxxer.hikari.HikariDataSource - HikariPool-1 - Starting...
2026-04-19 14:42:46 [main] INFO  com.zaxxer.hikari.pool.HikariPool - HikariPool-1 - Added connection org.sqlite.jdbc4.JDBC4Connection@61001b64
2026-04-19 14:42:46 [main] INFO  com.zaxxer.hikari.HikariDataSource - HikariPool-1 - Start completed.
2026-04-19 14:42:46 [main] INFO  org.flywaydb.core.FlywayExecutor - Database: jdbc:sqlite:app.db (SQLite 3.50)
2026-04-19 14:42:46 [main] INFO  o.f.core.internal.command.DbValidate - Successfully validated 7 migrations (execution time 00:00.014s)
2026-04-19 14:42:46 [main] INFO  o.f.core.internal.command.DbMigrate - Current version of schema "main": 7
2026-04-19 14:42:46 [main] INFO  o.f.core.internal.command.DbMigrate - Schema "main" is up to date. No migration necessary.
2026-04-19 14:44:45 [main] INFO  com.zaxxer.hikari.HikariDataSource - HikariPool-1 - Starting...
2026-04-19 14:44:45 [main] INFO  com.zaxxer.hikari.pool.HikariPool - HikariPool-1 - Added connection org.sqlite.jdbc4.JDBC4Connection@61001b64
2026-04-19 14:44:45 [main] INFO  com.zaxxer.hikari.HikariDataSource - HikariPool-1 - Start completed.
2026-04-19 14:44:45 [main] INFO  org.flywaydb.core.FlywayExecutor - Database: jdbc:sqlite:app.db (SQLite 3.50)
2026-04-19 14:44:45 [main] INFO  o.f.core.internal.command.DbValidate - Successfully validated 7 migrations (execution time 00:00.012s)
2026-04-19 14:44:45 [main] INFO  o.f.core.internal.command.DbMigrate - Current version of schema "main": 7
2026-04-19 14:44:45 [main] INFO  o.f.core.internal.command.DbMigrate - Schema "main" is up to date. No migration necessary.
2026-04-19 14:45:41 [main] INFO  com.zaxxer.hikari.HikariDataSource - HikariPool-1 - Starting...
2026-04-19 14:45:41 [main] INFO  com.zaxxer.hikari.pool.HikariPool - HikariPool-1 - Added connection org.sqlite.jdbc4.JDBC4Connection@61001b64
2026-04-19 14:45:41 [main] INFO  com.zaxxer.hikari.HikariDataSource - HikariPool-1 - Start completed.
2026-04-19 14:45:41 [main] INFO  org.flywaydb.core.FlywayExecutor - Database: jdbc:sqlite:app.db (SQLite 3.50)
2026-04-19 14:45:41 [main] INFO  o.f.core.internal.command.DbValidate - Successfully validated 7 migrations (execution time 00:00.013s)
2026-04-19 14:45:41 [main] INFO  o.f.core.internal.command.DbMigrate - Current version of schema "main": 7
2026-04-19 14:45:41 [main] INFO  o.f.core.internal.command.DbMigrate - Schema "main" is up to date. No migration necessary.
2026-04-19 14:47:28 [main] INFO  com.zaxxer.hikari.HikariDataSource - HikariPool-1 - Starting...
2026-04-19 14:47:28 [main] INFO  com.zaxxer.hikari.pool.HikariPool - HikariPool-1 - Added connection org.sqlite.jdbc4.JDBC4Connection@61001b64
2026-04-19 14:47:28 [main] INFO  com.zaxxer.hikari.HikariDataSource - HikariPool-1 - Start completed.
2026-04-19 14:47:28 [main] INFO  org.flywaydb.core.FlywayExecutor - Database: jdbc:sqlite:app.db (SQLite 3.50)
2026-04-19 14:47:28 [main] INFO  o.f.core.internal.command.DbValidate - Successfully validated 7 migrations (execution time 00:00.015s)
2026-04-19 14:47:28 [main] INFO  o.f.core.internal.command.DbMigrate - Current version of schema "main": 7
2026-04-19 14:47:28 [main] INFO  o.f.core.internal.command.DbMigrate - Schema "main" is up to date. No migration necessary.
2026-04-19 14:49:42 [main] INFO  com.zaxxer.hikari.HikariDataSource - HikariPool-1 - Starting...
2026-04-19 14:49:42 [main] INFO  com.zaxxer.hikari.pool.HikariPool - HikariPool-1 - Added connection org.sqlite.jdbc4.JDBC4Connection@61001b64
2026-04-19 14:49:42 [main] INFO  com.zaxxer.hikari.HikariDataSource - HikariPool-1 - Start completed.
2026-04-19 14:49:42 [main] INFO  org.flywaydb.core.FlywayExecutor - Database: jdbc:sqlite:app.db (SQLite 3.50)
2026-04-19 14:49:42 [main] INFO  o.f.core.internal.command.DbValidate - Successfully validated 7 migrations (execution time 00:00.014s)
2026-04-19 14:49:42 [main] INFO  o.f.core.internal.command.DbMigrate - Current version of schema "main": 7
2026-04-19 14:49:42 [main] INFO  o.f.core.internal.command.DbMigrate - Schema "main" is up to date. No migration necessary.
2026-04-19 14:50:12 [main] INFO  com.zaxxer.hikari.HikariDataSource - HikariPool-1 - Starting...
2026-04-19 14:50:12 [main] INFO  com.zaxxer.hikari.pool.HikariPool - HikariPool-1 - Added connection org.sqlite.jdbc4.JDBC4Connection@61001b64
2026-04-19 14:50:12 [main] INFO  com.zaxxer.hikari.HikariDataSource - HikariPool-1 - Start completed.
2026-04-19 14:50:12 [main] INFO  org.flywaydb.core.FlywayExecutor - Database: jdbc:sqlite:app.db (SQLite 3.50)
2026-04-19 14:50:12 [main] INFO  o.f.core.internal.command.DbValidate - Successfully validated 7 migrations (execution time 00:00.013s)
2026-04-19 14:50:12 [main] INFO  o.f.core.internal.command.DbMigrate - Current version of schema "main": 7
2026-04-19 14:50:12 [main] INFO  o.f.core.internal.command.DbMigrate - Schema "main" is up to date. No migration necessary.
2026-04-19 15:07:40 [main] INFO  com.zaxxer.hikari.HikariDataSource - HikariPool-1 - Starting...
2026-04-19 15:07:40 [main] INFO  com.zaxxer.hikari.pool.HikariPool - HikariPool-1 - Added connection org.sqlite.jdbc4.JDBC4Connection@61001b64
2026-04-19 15:07:40 [main] INFO  com.zaxxer.hikari.HikariDataSource - HikariPool-1 - Start completed.
2026-04-19 15:07:40 [main] INFO  org.flywaydb.core.FlywayExecutor - Database: jdbc:sqlite:app.db (SQLite 3.50)
2026-04-19 15:07:40 [main] INFO  o.f.core.internal.command.DbValidate - Successfully validated 7 migrations (execution time 00:00.014s)
2026-04-19 15:07:40 [main] INFO  o.f.core.internal.command.DbMigrate - Current version of schema "main": 7
2026-04-19 15:07:40 [main] INFO  o.f.core.internal.command.DbMigrate - Schema "main" is up to date. No migration necessary.
2026-04-19 15:08:06 [main] INFO  com.zaxxer.hikari.HikariDataSource - HikariPool-1 - Starting...
2026-04-19 15:08:06 [main] INFO  com.zaxxer.hikari.pool.HikariPool - HikariPool-1 - Added connection org.sqlite.jdbc4.JDBC4Connection@61001b64
2026-04-19 15:08:06 [main] INFO  com.zaxxer.hikari.HikariDataSource - HikariPool-1 - Start completed.
2026-04-19 15:08:06 [main] INFO  org.flywaydb.core.FlywayExecutor - Database: jdbc:sqlite:app.db (SQLite 3.50)
2026-04-19 15:08:06 [main] INFO  o.f.core.internal.command.DbValidate - Successfully validated 7 migrations (execution time 00:00.014s)
2026-04-19 15:08:06 [main] INFO  o.f.core.internal.command.DbMigrate - Current version of schema "main": 7
2026-04-19 15:08:06 [main] INFO  o.f.core.internal.command.DbMigrate - Schema "main" is up to date. No migration necessary.
2026-04-19 15:09:28 [main] INFO  com.zaxxer.hikari.HikariDataSource - HikariPool-1 - Starting...
2026-04-19 15:09:28 [main] INFO  com.zaxxer.hikari.pool.HikariPool - HikariPool-1 - Added connection org.sqlite.jdbc4.JDBC4Connection@61001b64
2026-04-19 15:09:28 [main] INFO  com.zaxxer.hikari.HikariDataSource - HikariPool-1 - Start completed.
2026-04-19 15:09:28 [main] INFO  org.flywaydb.core.FlywayExecutor - Database: jdbc:sqlite:app.db (SQLite 3.50)
2026-04-19 15:09:28 [main] INFO  o.f.core.internal.command.DbValidate - Successfully validated 7 migrations (execution time 00:00.013s)
2026-04-19 15:09:28 [main] INFO  o.f.core.internal.command.DbMigrate - Current version of schema "main": 7
2026-04-19 15:09:28 [main] INFO  o.f.core.internal.command.DbMigrate - Schema "main" is up to date. No migration necessary.
2026-04-19 15:15:51 [main] INFO  com.zaxxer.hikari.HikariDataSource - HikariPool-1 - Starting...
2026-04-19 15:15:51 [main] INFO  com.zaxxer.hikari.pool.HikariPool - HikariPool-1 - Added connection org.sqlite.jdbc4.JDBC4Connection@61001b64
2026-04-19 15:15:51 [main] INFO  com.zaxxer.hikari.HikariDataSource - HikariPool-1 - Start completed.
2026-04-19 15:15:51 [main] INFO  org.flywaydb.core.FlywayExecutor - Database: jdbc:sqlite:app.db (SQLite 3.50)
2026-04-19 15:15:51 [main] INFO  o.f.core.internal.command.DbValidate - Successfully validated 7 migrations (execution time 00:00.015s)
2026-04-19 15:15:51 [main] INFO  o.f.core.internal.command.DbMigrate - Current version of schema "main": 7
2026-04-19 15:15:51 [main] INFO  o.f.core.internal.command.DbMigrate - Schema "main" is up to date. No migration necessary.
2026-04-19 15:17:54 [main] INFO  com.zaxxer.hikari.HikariDataSource - HikariPool-1 - Starting...
2026-04-19 15:17:54 [main] INFO  com.zaxxer.hikari.pool.HikariPool - HikariPool-1 - Added connection org.sqlite.jdbc4.JDBC4Connection@61001b64
2026-04-19 15:17:54 [main] INFO  com.zaxxer.hikari.HikariDataSource - HikariPool-1 - Start completed.
2026-04-19 15:17:55 [main] INFO  org.flywaydb.core.FlywayExecutor - Database: jdbc:sqlite:app.db (SQLite 3.50)
2026-04-19 15:17:55 [main] INFO  o.f.core.internal.command.DbValidate - Successfully validated 7 migrations (execution time 00:00.013s)
2026-04-19 15:17:55 [main] INFO  o.f.core.internal.command.DbMigrate - Current version of schema "main": 7
2026-04-19 15:17:55 [main] INFO  o.f.core.internal.command.DbMigrate - Schema "main" is up to date. No migration necessary.
2026-04-19 15:30:45 [main] INFO  com.zaxxer.hikari.HikariDataSource - HikariPool-1 - Starting...
2026-04-19 15:30:45 [main] INFO  com.zaxxer.hikari.pool.HikariPool - HikariPool-1 - Added connection org.sqlite.jdbc4.JDBC4Connection@61001b64
2026-04-19 15:30:45 [main] INFO  com.zaxxer.hikari.HikariDataSource - HikariPool-1 - Start completed.
2026-04-19 15:30:45 [main] INFO  org.flywaydb.core.FlywayExecutor - Database: jdbc:sqlite:app.db (SQLite 3.50)
2026-04-19 15:30:45 [main] INFO  o.f.core.internal.command.DbValidate - Successfully validated 7 migrations (execution time 00:00.012s)
2026-04-19 15:30:45 [main] INFO  o.f.core.internal.command.DbMigrate - Current version of schema "main": 7
2026-04-19 15:30:45 [main] INFO  o.f.core.internal.command.DbMigrate - Schema "main" is up to date. No migration necessary.
2026-04-19 15:32:38 [main] INFO  com.zaxxer.hikari.HikariDataSource - HikariPool-1 - Starting...
2026-04-19 15:32:38 [main] INFO  com.zaxxer.hikari.pool.HikariPool - HikariPool-1 - Added connection org.sqlite.jdbc4.JDBC4Connection@61001b64
2026-04-19 15:32:38 [main] INFO  com.zaxxer.hikari.HikariDataSource - HikariPool-1 - Start completed.
2026-04-19 15:32:38 [main] INFO  org.flywaydb.core.FlywayExecutor - Database: jdbc:sqlite:app.db (SQLite 3.50)
2026-04-19 15:32:38 [main] INFO  o.f.core.internal.command.DbValidate - Successfully validated 7 migrations (execution time 00:00.015s)
2026-04-19 15:32:38 [main] INFO  o.f.core.internal.command.DbMigrate - Current version of schema "main": 7
2026-04-19 15:32:38 [main] INFO  o.f.core.internal.command.DbMigrate - Schema "main" is up to date. No migration necessary.
2026-04-19 15:38:17 [main] INFO  com.zaxxer.hikari.HikariDataSource - HikariPool-1 - Starting...
2026-04-19 15:38:17 [main] INFO  com.zaxxer.hikari.pool.HikariPool - HikariPool-1 - Added connection org.sqlite.jdbc4.JDBC4Connection@61001b64
2026-04-19 15:38:17 [main] INFO  com.zaxxer.hikari.HikariDataSource - HikariPool-1 - Start completed.
2026-04-19 15:38:18 [main] INFO  org.flywaydb.core.FlywayExecutor - Database: jdbc:sqlite:app.db (SQLite 3.50)
2026-04-19 15:38:18 [main] INFO  o.f.core.internal.command.DbValidate - Successfully validated 7 migrations (execution time 00:00.015s)
2026-04-19 15:38:18 [main] INFO  o.f.core.internal.command.DbMigrate - Current version of schema "main": 7
2026-04-19 15:38:18 [main] INFO  o.f.core.internal.command.DbMigrate - Schema "main" is up to date. No migration necessary.
2026-04-19 15:39:37 [main] INFO  com.zaxxer.hikari.HikariDataSource - HikariPool-1 - Starting...
2026-04-19 15:39:37 [main] INFO  com.zaxxer.hikari.pool.HikariPool - HikariPool-1 - Added connection org.sqlite.jdbc4.JDBC4Connection@61001b64
2026-04-19 15:39:37 [main] INFO  com.zaxxer.hikari.HikariDataSource - HikariPool-1 - Start completed.
2026-04-19 15:39:37 [main] INFO  org.flywaydb.core.FlywayExecutor - Database: jdbc:sqlite:app.db (SQLite 3.50)
2026-04-19 15:39:37 [main] INFO  o.f.core.internal.command.DbValidate - Successfully validated 7 migrations (execution time 00:00.014s)
2026-04-19 15:39:37 [main] INFO  o.f.core.internal.command.DbMigrate - Current version of schema "main": 7
2026-04-19 15:39:37 [main] INFO  o.f.core.internal.command.DbMigrate - Schema "main" is up to date. No migration necessary.
2026-04-19 15:40:06 [main] INFO  com.zaxxer.hikari.HikariDataSource - HikariPool-1 - Starting...
2026-04-19 15:40:06 [main] INFO  com.zaxxer.hikari.pool.HikariPool - HikariPool-1 - Added connection org.sqlite.jdbc4.JDBC4Connection@2eea88a1
2026-04-19 15:40:06 [main] INFO  com.zaxxer.hikari.HikariDataSource - HikariPool-1 - Start completed.
2026-04-19 15:40:07 [main] INFO  org.flywaydb.core.FlywayExecutor - Database: jdbc:sqlite:app.db (SQLite 3.50)
2026-04-19 15:40:07 [main] INFO  o.f.core.internal.command.DbValidate - Successfully validated 7 migrations (execution time 00:00.014s)
2026-04-19 15:40:07 [main] INFO  o.f.core.internal.command.DbMigrate - Current version of schema "main": 7
2026-04-19 15:40:07 [main] INFO  o.f.core.internal.command.DbMigrate - Schema "main" is up to date. No migration necessary.
2026-04-19 15:40:19 [main] INFO  com.zaxxer.hikari.HikariDataSource - HikariPool-1 - Starting...
2026-04-19 15:40:19 [main] INFO  com.zaxxer.hikari.pool.HikariPool - HikariPool-1 - Added connection org.sqlite.jdbc4.JDBC4Connection@2eea88a1
2026-04-19 15:40:19 [main] INFO  com.zaxxer.hikari.HikariDataSource - HikariPool-1 - Start completed.
2026-04-19 15:40:20 [main] INFO  org.flywaydb.core.FlywayExecutor - Database: jdbc:sqlite:app.db (SQLite 3.50)
2026-04-19 15:40:20 [main] INFO  o.f.core.internal.command.DbValidate - Successfully validated 7 migrations (execution time 00:00.016s)
2026-04-19 15:40:20 [main] INFO  o.f.core.internal.command.DbMigrate - Current version of schema "main": 7
2026-04-19 15:40:20 [main] INFO  o.f.core.internal.command.DbMigrate - Schema "main" is up to date. No migration necessary.
2026-04-19 15:41:58 [HikariPool-1 housekeeper] WARN  com.zaxxer.hikari.pool.HikariPool - HikariPool-1 - Thread starvation or clock leap detected (housekeeper delta=1m38s153ms839µs800ns).
2026-04-19 15:43:09 [main] INFO  com.zaxxer.hikari.HikariDataSource - HikariPool-1 - Starting...
2026-04-19 15:43:09 [main] INFO  com.zaxxer.hikari.pool.HikariPool - HikariPool-1 - Added connection org.sqlite.jdbc4.JDBC4Connection@61001b64
2026-04-19 15:43:09 [main] INFO  com.zaxxer.hikari.HikariDataSource - HikariPool-1 - Start completed.
2026-04-19 15:43:09 [main] INFO  org.flywaydb.core.FlywayExecutor - Database: jdbc:sqlite:app.db (SQLite 3.50)
2026-04-19 15:43:09 [main] INFO  o.f.core.internal.command.DbValidate - Successfully validated 7 migrations (execution time 00:00.015s)
2026-04-19 15:43:09 [main] INFO  o.f.core.internal.command.DbMigrate - Current version of schema "main": 7
2026-04-19 15:43:09 [main] INFO  o.f.core.internal.command.DbMigrate - Schema "main" is up to date. No migration necessary.
2026-04-19 15:43:28 [main] INFO  com.zaxxer.hikari.HikariDataSource - HikariPool-1 - Starting...
2026-04-19 15:43:28 [main] INFO  com.zaxxer.hikari.pool.HikariPool - HikariPool-1 - Added connection org.sqlite.jdbc4.JDBC4Connection@61001b64
2026-04-19 15:43:28 [main] INFO  com.zaxxer.hikari.HikariDataSource - HikariPool-1 - Start completed.
2026-04-19 15:43:29 [main] INFO  org.flywaydb.core.FlywayExecutor - Database: jdbc:sqlite:app.db (SQLite 3.50)
2026-04-19 15:43:29 [main] INFO  o.f.core.internal.command.DbValidate - Successfully validated 7 migrations (execution time 00:00.014s)
2026-04-19 15:43:29 [main] INFO  o.f.core.internal.command.DbMigrate - Current version of schema "main": 7
2026-04-19 15:43:29 [main] INFO  o.f.core.internal.command.DbMigrate - Schema "main" is up to date. No migration necessary.
2026-04-19 15:45:28 [main] INFO  com.zaxxer.hikari.HikariDataSource - HikariPool-1 - Starting...
2026-04-19 15:45:28 [main] INFO  com.zaxxer.hikari.pool.HikariPool - HikariPool-1 - Added connection org.sqlite.jdbc4.JDBC4Connection@61001b64
2026-04-19 15:45:28 [main] INFO  com.zaxxer.hikari.HikariDataSource - HikariPool-1 - Start completed.
2026-04-19 15:45:28 [main] INFO  org.flywaydb.core.FlywayExecutor - Database: jdbc:sqlite:app.db (SQLite 3.50)
2026-04-19 15:45:28 [main] INFO  o.f.core.internal.command.DbValidate - Successfully validated 7 migrations (execution time 00:00.016s)
2026-04-19 15:45:28 [main] INFO  o.f.core.internal.command.DbMigrate - Current version of schema "main": 7
2026-04-19 15:45:28 [main] INFO  o.f.core.internal.command.DbMigrate - Schema "main" is up to date. No migration necessary.
2026-04-19 15:46:47 [main] INFO  com.zaxxer.hikari.HikariDataSource - HikariPool-1 - Starting...
2026-04-19 15:46:47 [main] INFO  com.zaxxer.hikari.pool.HikariPool - HikariPool-1 - Added connection org.sqlite.jdbc4.JDBC4Connection@61001b64
2026-04-19 15:46:47 [main] INFO  com.zaxxer.hikari.HikariDataSource - HikariPool-1 - Start completed.
2026-04-19 15:46:47 [main] INFO  org.flywaydb.core.FlywayExecutor - Database: jdbc:sqlite:app.db (SQLite 3.50)
2026-04-19 15:46:47 [main] INFO  o.f.core.internal.command.DbValidate - Successfully validated 7 migrations (execution time 00:00.014s)
2026-04-19 15:46:47 [main] INFO  o.f.core.internal.command.DbMigrate - Current version of schema "main": 7
2026-04-19 15:46:47 [main] INFO  o.f.core.internal.command.DbMigrate - Schema "main" is up to date. No migration necessary.
2026-04-19 15:48:03 [main] INFO  com.zaxxer.hikari.HikariDataSource - HikariPool-1 - Starting...
2026-04-19 15:48:03 [main] INFO  com.zaxxer.hikari.pool.HikariPool - HikariPool-1 - Added connection org.sqlite.jdbc4.JDBC4Connection@61001b64
2026-04-19 15:48:03 [main] INFO  com.zaxxer.hikari.HikariDataSource - HikariPool-1 - Start completed.
2026-04-19 15:48:04 [main] INFO  org.flywaydb.core.FlywayExecutor - Database: jdbc:sqlite:app.db (SQLite 3.50)
2026-04-19 15:48:04 [main] INFO  o.f.core.internal.command.DbValidate - Successfully validated 7 migrations (execution time 00:00.015s)
2026-04-19 15:48:04 [main] INFO  o.f.core.internal.command.DbMigrate - Current version of schema "main": 7
2026-04-19 15:48:04 [main] INFO  o.f.core.internal.command.DbMigrate - Schema "main" is up to date. No migration necessary.
2026-04-19 15:49:23 [main] INFO  com.zaxxer.hikari.HikariDataSource - HikariPool-1 - Starting...
2026-04-19 15:49:23 [main] INFO  com.zaxxer.hikari.pool.HikariPool - HikariPool-1 - Added connection org.sqlite.jdbc4.JDBC4Connection@61001b64
2026-04-19 15:49:23 [main] INFO  com.zaxxer.hikari.HikariDataSource - HikariPool-1 - Start completed.
2026-04-19 15:49:23 [main] INFO  org.flywaydb.core.FlywayExecutor - Database: jdbc:sqlite:app.db (SQLite 3.50)
2026-04-19 15:49:23 [main] INFO  o.f.core.internal.command.DbValidate - Successfully validated 7 migrations (execution time 00:00.016s)
2026-04-19 15:49:23 [main] INFO  o.f.core.internal.command.DbMigrate - Current version of schema "main": 7
2026-04-19 15:49:23 [main] INFO  o.f.core.internal.command.DbMigrate - Schema "main" is up to date. No migration necessary.
2026-04-19 15:50:55 [main] INFO  com.zaxxer.hikari.HikariDataSource - HikariPool-1 - Starting...
2026-04-19 15:50:55 [main] INFO  com.zaxxer.hikari.pool.HikariPool - HikariPool-1 - Added connection org.sqlite.jdbc4.JDBC4Connection@61001b64
2026-04-19 15:50:55 [main] INFO  com.zaxxer.hikari.HikariDataSource - HikariPool-1 - Start completed.
2026-04-19 15:50:55 [main] INFO  org.flywaydb.core.FlywayExecutor - Database: jdbc:sqlite:app.db (SQLite 3.50)
2026-04-19 15:50:55 [main] INFO  o.f.core.internal.command.DbValidate - Successfully validated 7 migrations (execution time 00:00.013s)
2026-04-19 15:50:55 [main] INFO  o.f.core.internal.command.DbMigrate - Current version of schema "main": 7
2026-04-19 15:50:55 [main] INFO  o.f.core.internal.command.DbMigrate - Schema "main" is up to date. No migration necessary.
2026-04-19 15:53:11 [main] INFO  com.zaxxer.hikari.HikariDataSource - HikariPool-1 - Starting...
2026-04-19 15:53:11 [main] INFO  com.zaxxer.hikari.pool.HikariPool - HikariPool-1 - Added connection org.sqlite.jdbc4.JDBC4Connection@61001b64
2026-04-19 15:53:11 [main] INFO  com.zaxxer.hikari.HikariDataSource - HikariPool-1 - Start completed.
2026-04-19 15:53:12 [main] INFO  org.flywaydb.core.FlywayExecutor - Database: jdbc:sqlite:app.db (SQLite 3.50)
2026-04-19 15:53:12 [main] INFO  o.f.core.internal.command.DbValidate - Successfully validated 7 migrations (execution time 00:00.014s)
2026-04-19 15:53:12 [main] INFO  o.f.core.internal.command.DbMigrate - Current version of schema "main": 7
2026-04-19 15:53:12 [main] INFO  o.f.core.internal.command.DbMigrate - Schema "main" is up to date. No migration necessary.
2026-04-19 15:53:55 [main] INFO  com.zaxxer.hikari.HikariDataSource - HikariPool-1 - Starting...
2026-04-19 15:53:55 [main] INFO  com.zaxxer.hikari.pool.HikariPool - HikariPool-1 - Added connection org.sqlite.jdbc4.JDBC4Connection@61001b64
2026-04-19 15:53:55 [main] INFO  com.zaxxer.hikari.HikariDataSource - HikariPool-1 - Start completed.
2026-04-19 15:53:56 [main] INFO  org.flywaydb.core.FlywayExecutor - Database: jdbc:sqlite:app.db (SQLite 3.50)
2026-04-19 15:53:56 [main] INFO  o.f.core.internal.command.DbValidate - Successfully validated 7 migrations (execution time 00:00.016s)
2026-04-19 15:53:56 [main] INFO  o.f.core.internal.command.DbMigrate - Current version of schema "main": 7
2026-04-19 15:53:56 [main] INFO  o.f.core.internal.command.DbMigrate - Schema "main" is up to date. No migration necessary.
2026-04-19 15:55:39 [main] INFO  com.zaxxer.hikari.HikariDataSource - HikariPool-1 - Starting...
2026-04-19 15:55:39 [main] INFO  com.zaxxer.hikari.pool.HikariPool - HikariPool-1 - Added connection org.sqlite.jdbc4.JDBC4Connection@61001b64
2026-04-19 15:55:39 [main] INFO  com.zaxxer.hikari.HikariDataSource - HikariPool-1 - Start completed.
2026-04-19 15:55:39 [main] INFO  org.flywaydb.core.FlywayExecutor - Database: jdbc:sqlite:app.db (SQLite 3.50)
2026-04-19 15:55:39 [main] INFO  o.f.core.internal.command.DbValidate - Successfully validated 7 migrations (execution time 00:00.013s)
2026-04-19 15:55:39 [main] INFO  o.f.core.internal.command.DbMigrate - Current version of schema "main": 7
2026-04-19 15:55:39 [main] INFO  o.f.core.internal.command.DbMigrate - Schema "main" is up to date. No migration necessary.
2026-04-19 16:19:27 [main] INFO  com.zaxxer.hikari.HikariDataSource - HikariPool-1 - Starting...
2026-04-19 16:19:27 [main] INFO  com.zaxxer.hikari.pool.HikariPool - HikariPool-1 - Added connection org.sqlite.jdbc4.JDBC4Connection@61001b64
2026-04-19 16:19:27 [main] INFO  com.zaxxer.hikari.HikariDataSource - HikariPool-1 - Start completed.
2026-04-19 16:19:27 [main] INFO  org.flywaydb.core.FlywayExecutor - Database: jdbc:sqlite:app.db (SQLite 3.50)
2026-04-19 16:19:27 [main] INFO  o.f.core.internal.command.DbValidate - Successfully validated 7 migrations (execution time 00:00.015s)
2026-04-19 16:19:27 [main] INFO  o.f.core.internal.command.DbMigrate - Current version of schema "main": 7
2026-04-19 16:19:27 [main] INFO  o.f.core.internal.command.DbMigrate - Schema "main" is up to date. No migration necessary.
2026-04-19 16:22:52 [main] INFO  com.zaxxer.hikari.HikariDataSource - HikariPool-1 - Starting...
2026-04-19 16:22:52 [main] INFO  com.zaxxer.hikari.pool.HikariPool - HikariPool-1 - Added connection org.sqlite.jdbc4.JDBC4Connection@61001b64
2026-04-19 16:22:52 [main] INFO  com.zaxxer.hikari.HikariDataSource - HikariPool-1 - Start completed.
2026-04-19 16:22:52 [main] INFO  org.flywaydb.core.FlywayExecutor - Database: jdbc:sqlite:app.db (SQLite 3.50)
2026-04-19 16:22:52 [main] INFO  o.f.core.internal.command.DbValidate - Successfully validated 7 migrations (execution time 00:00.013s)
2026-04-19 16:22:52 [main] INFO  o.f.core.internal.command.DbMigrate - Current version of schema "main": 7
2026-04-19 16:22:52 [main] INFO  o.f.core.internal.command.DbMigrate - Schema "main" is up to date. No migration necessary.
2026-04-19 16:24:17 [main] INFO  com.zaxxer.hikari.HikariDataSource - HikariPool-1 - Starting...
2026-04-19 16:24:18 [main] INFO  com.zaxxer.hikari.pool.HikariPool - HikariPool-1 - Added connection org.sqlite.jdbc4.JDBC4Connection@61001b64
2026-04-19 16:24:18 [main] INFO  com.zaxxer.hikari.HikariDataSource - HikariPool-1 - Start completed.
2026-04-19 16:24:18 [main] INFO  org.flywaydb.core.FlywayExecutor - Database: jdbc:sqlite:app.db (SQLite 3.50)
2026-04-19 16:24:18 [main] INFO  o.f.core.internal.command.DbValidate - Successfully validated 7 migrations (execution time 00:00.014s)
2026-04-19 16:24:18 [main] INFO  o.f.core.internal.command.DbMigrate - Current version of schema "main": 7
2026-04-19 16:24:18 [main] INFO  o.f.core.internal.command.DbMigrate - Schema "main" is up to date. No migration necessary.
2026-04-19 16:25:02 [main] INFO  com.zaxxer.hikari.HikariDataSource - HikariPool-1 - Starting...
2026-04-19 16:25:02 [main] INFO  com.zaxxer.hikari.pool.HikariPool - HikariPool-1 - Added connection org.sqlite.jdbc4.JDBC4Connection@61001b64
2026-04-19 16:25:02 [main] INFO  com.zaxxer.hikari.HikariDataSource - HikariPool-1 - Start completed.
2026-04-19 16:25:02 [main] INFO  org.flywaydb.core.FlywayExecutor - Database: jdbc:sqlite:app.db (SQLite 3.50)
2026-04-19 16:25:02 [main] INFO  o.f.core.internal.command.DbValidate - Successfully validated 7 migrations (execution time 00:00.015s)
2026-04-19 16:25:02 [main] INFO  o.f.core.internal.command.DbMigrate - Current version of schema "main": 7
2026-04-19 16:25:02 [main] INFO  o.f.core.internal.command.DbMigrate - Schema "main" is up to date. No migration necessary.
2026-04-19 16:26:26 [main] INFO  com.zaxxer.hikari.HikariDataSource - HikariPool-1 - Starting...
2026-04-19 16:26:26 [main] INFO  com.zaxxer.hikari.pool.HikariPool - HikariPool-1 - Added connection org.sqlite.jdbc4.JDBC4Connection@61001b64
2026-04-19 16:26:26 [main] INFO  com.zaxxer.hikari.HikariDataSource - HikariPool-1 - Start completed.
2026-04-19 16:26:26 [main] INFO  org.flywaydb.core.FlywayExecutor - Database: jdbc:sqlite:app.db (SQLite 3.50)
2026-04-19 16:26:26 [main] INFO  o.f.core.internal.command.DbValidate - Successfully validated 7 migrations (execution time 00:00.013s)
2026-04-19 16:26:26 [main] INFO  o.f.core.internal.command.DbMigrate - Current version of schema "main": 7
2026-04-19 16:26:26 [main] INFO  o.f.core.internal.command.DbMigrate - Schema "main" is up to date. No migration necessary.
2026-04-19 16:26:49 [main] INFO  com.zaxxer.hikari.HikariDataSource - HikariPool-1 - Starting...
2026-04-19 16:26:49 [main] INFO  com.zaxxer.hikari.pool.HikariPool - HikariPool-1 - Added connection org.sqlite.jdbc4.JDBC4Connection@61001b64
2026-04-19 16:26:49 [main] INFO  com.zaxxer.hikari.HikariDataSource - HikariPool-1 - Start completed.
2026-04-19 16:26:49 [main] INFO  org.flywaydb.core.FlywayExecutor - Database: jdbc:sqlite:app.db (SQLite 3.50)
2026-04-19 16:26:49 [main] INFO  o.f.core.internal.command.DbValidate - Successfully validated 7 migrations (execution time 00:00.013s)
2026-04-19 16:26:49 [main] INFO  o.f.core.internal.command.DbMigrate - Current version of schema "main": 7
2026-04-19 16:26:49 [main] INFO  o.f.core.internal.command.DbMigrate - Schema "main" is up to date. No migration necessary.
2026-04-19 16:27:07 [main] INFO  com.zaxxer.hikari.HikariDataSource - HikariPool-1 - Starting...
2026-04-19 16:27:07 [main] INFO  com.zaxxer.hikari.pool.HikariPool - HikariPool-1 - Added connection org.sqlite.jdbc4.JDBC4Connection@61001b64
2026-04-19 16:27:07 [main] INFO  com.zaxxer.hikari.HikariDataSource - HikariPool-1 - Start completed.
2026-04-19 16:27:07 [main] INFO  org.flywaydb.core.FlywayExecutor - Database: jdbc:sqlite:app.db (SQLite 3.50)
2026-04-19 16:27:07 [main] INFO  o.f.core.internal.command.DbValidate - Successfully validated 7 migrations (execution time 00:00.015s)
2026-04-19 16:27:07 [main] INFO  o.f.core.internal.command.DbMigrate - Current version of schema "main": 7
2026-04-19 16:27:07 [main] INFO  o.f.core.internal.command.DbMigrate - Schema "main" is up to date. No migration necessary.
2026-04-19 16:28:28 [main] INFO  com.zaxxer.hikari.HikariDataSource - HikariPool-1 - Starting...
2026-04-19 16:28:28 [main] INFO  com.zaxxer.hikari.pool.HikariPool - HikariPool-1 - Added connection org.sqlite.jdbc4.JDBC4Connection@61001b64
2026-04-19 16:28:28 [main] INFO  com.zaxxer.hikari.HikariDataSource - HikariPool-1 - Start completed.
2026-04-19 16:28:28 [main] INFO  org.flywaydb.core.FlywayExecutor - Database: jdbc:sqlite:app.db (SQLite 3.50)
2026-04-19 16:28:28 [main] INFO  o.f.core.internal.command.DbValidate - Successfully validated 7 migrations (execution time 00:00.013s)
2026-04-19 16:28:28 [main] INFO  o.f.core.internal.command.DbMigrate - Current version of schema "main": 7
2026-04-19 16:28:28 [main] INFO  o.f.core.internal.command.DbMigrate - Schema "main" is up to date. No migration necessary.
2026-04-19 16:29:57 [main] INFO  com.zaxxer.hikari.HikariDataSource - HikariPool-1 - Starting...
2026-04-19 16:29:57 [main] INFO  com.zaxxer.hikari.pool.HikariPool - HikariPool-1 - Added connection org.sqlite.jdbc4.JDBC4Connection@61001b64
2026-04-19 16:29:57 [main] INFO  com.zaxxer.hikari.HikariDataSource - HikariPool-1 - Start completed.
2026-04-19 16:29:57 [main] INFO  org.flywaydb.core.FlywayExecutor - Database: jdbc:sqlite:app.db (SQLite 3.50)
2026-04-19 16:29:57 [main] INFO  o.f.core.internal.command.DbValidate - Successfully validated 7 migrations (execution time 00:00.015s)
2026-04-19 16:29:57 [main] INFO  o.f.core.internal.command.DbMigrate - Current version of schema "main": 7
2026-04-19 16:29:57 [main] INFO  o.f.core.internal.command.DbMigrate - Schema "main" is up to date. No migration necessary.
2026-04-19 16:31:08 [main] INFO  com.zaxxer.hikari.HikariDataSource - HikariPool-1 - Starting...
2026-04-19 16:31:08 [main] INFO  com.zaxxer.hikari.pool.HikariPool - HikariPool-1 - Added connection org.sqlite.jdbc4.JDBC4Connection@61001b64
2026-04-19 16:31:08 [main] INFO  com.zaxxer.hikari.HikariDataSource - HikariPool-1 - Start completed.
2026-04-19 16:31:08 [main] INFO  org.flywaydb.core.FlywayExecutor - Database: jdbc:sqlite:app.db (SQLite 3.50)
2026-04-19 16:31:08 [main] INFO  o.f.core.internal.command.DbValidate - Successfully validated 7 migrations (execution time 00:00.013s)
2026-04-19 16:31:08 [main] INFO  o.f.core.internal.command.DbMigrate - Current version of schema "main": 7
2026-04-19 16:31:08 [main] INFO  o.f.core.internal.command.DbMigrate - Schema "main" is up to date. No migration necessary.
2026-04-19 16:32:39 [main] INFO  com.zaxxer.hikari.HikariDataSource - HikariPool-1 - Starting...
2026-04-19 16:32:39 [main] INFO  com.zaxxer.hikari.pool.HikariPool - HikariPool-1 - Added connection org.sqlite.jdbc4.JDBC4Connection@61001b64
2026-04-19 16:32:39 [main] INFO  com.zaxxer.hikari.HikariDataSource - HikariPool-1 - Start completed.
2026-04-19 16:32:39 [main] INFO  org.flywaydb.core.FlywayExecutor - Database: jdbc:sqlite:app.db (SQLite 3.50)
2026-04-19 16:32:39 [main] INFO  o.f.core.internal.command.DbValidate - Successfully validated 7 migrations (execution time 00:00.014s)
2026-04-19 16:32:39 [main] INFO  o.f.core.internal.command.DbMigrate - Current version of schema "main": 7
2026-04-19 16:32:39 [main] INFO  o.f.core.internal.command.DbMigrate - Schema "main" is up to date. No migration necessary.
2026-04-19 16:33:11 [main] INFO  com.zaxxer.hikari.HikariDataSource - HikariPool-1 - Starting...
2026-04-19 16:33:11 [main] INFO  com.zaxxer.hikari.pool.HikariPool - HikariPool-1 - Added connection org.sqlite.jdbc4.JDBC4Connection@61001b64
2026-04-19 16:33:11 [main] INFO  com.zaxxer.hikari.HikariDataSource - HikariPool-1 - Start completed.
2026-04-19 16:33:11 [main] INFO  org.flywaydb.core.FlywayExecutor - Database: jdbc:sqlite:app.db (SQLite 3.50)
2026-04-19 16:33:11 [main] INFO  o.f.core.internal.command.DbValidate - Successfully validated 7 migrations (execution time 00:00.013s)
2026-04-19 16:33:11 [main] INFO  o.f.core.internal.command.DbMigrate - Current version of schema "main": 7
2026-04-19 16:33:11 [main] INFO  o.f.core.internal.command.DbMigrate - Schema "main" is up to date. No migration necessary.
2026-04-19 16:33:38 [main] INFO  com.zaxxer.hikari.HikariDataSource - HikariPool-1 - Starting...
2026-04-19 16:33:38 [main] INFO  com.zaxxer.hikari.pool.HikariPool - HikariPool-1 - Added connection org.sqlite.jdbc4.JDBC4Connection@61001b64
2026-04-19 16:33:38 [main] INFO  com.zaxxer.hikari.HikariDataSource - HikariPool-1 - Start completed.
2026-04-19 16:33:38 [main] INFO  org.flywaydb.core.FlywayExecutor - Database: jdbc:sqlite:app.db (SQLite 3.50)
2026-04-19 16:33:38 [main] INFO  o.f.core.internal.command.DbValidate - Successfully validated 7 migrations (execution time 00:00.013s)
2026-04-19 16:33:38 [main] INFO  o.f.core.internal.command.DbMigrate - Current version of schema "main": 7
2026-04-19 16:33:38 [main] INFO  o.f.core.internal.command.DbMigrate - Schema "main" is up to date. No migration necessary.
2026-04-19 16:36:27 [main] INFO  com.zaxxer.hikari.HikariDataSource - HikariPool-1 - Starting...
2026-04-19 16:36:27 [main] INFO  com.zaxxer.hikari.pool.HikariPool - HikariPool-1 - Added connection org.sqlite.jdbc4.JDBC4Connection@61001b64
2026-04-19 16:36:27 [main] INFO  com.zaxxer.hikari.HikariDataSource - HikariPool-1 - Start completed.
2026-04-19 16:36:27 [main] INFO  org.flywaydb.core.FlywayExecutor - Database: jdbc:sqlite:app.db (SQLite 3.50)
2026-04-19 16:36:27 [main] INFO  o.f.core.internal.command.DbValidate - Successfully validated 7 migrations (execution time 00:00.015s)
2026-04-19 16:36:27 [main] INFO  o.f.core.internal.command.DbMigrate - Current version of schema "main": 7
2026-04-19 16:36:27 [main] INFO  o.f.core.internal.command.DbMigrate - Schema "main" is up to date. No migration necessary.
2026-04-19 16:37:36 [main] INFO  com.zaxxer.hikari.HikariDataSource - HikariPool-1 - Starting...
2026-04-19 16:37:36 [main] INFO  com.zaxxer.hikari.pool.HikariPool - HikariPool-1 - Added connection org.sqlite.jdbc4.JDBC4Connection@61001b64
2026-04-19 16:37:36 [main] INFO  com.zaxxer.hikari.HikariDataSource - HikariPool-1 - Start completed.
2026-04-19 16:37:36 [main] INFO  org.flywaydb.core.FlywayExecutor - Database: jdbc:sqlite:app.db (SQLite 3.50)
2026-04-19 16:37:36 [main] INFO  o.f.core.internal.command.DbValidate - Successfully validated 7 migrations (execution time 00:00.013s)
2026-04-19 16:37:36 [main] INFO  o.f.core.internal.command.DbMigrate - Current version of schema "main": 7
2026-04-19 16:37:36 [main] INFO  o.f.core.internal.command.DbMigrate - Schema "main" is up to date. No migration necessary.
2026-04-19 16:38:05 [main] INFO  com.zaxxer.hikari.HikariDataSource - HikariPool-1 - Starting...
2026-04-19 16:38:05 [main] INFO  com.zaxxer.hikari.pool.HikariPool - HikariPool-1 - Added connection org.sqlite.jdbc4.JDBC4Connection@61001b64
2026-04-19 16:38:05 [main] INFO  com.zaxxer.hikari.HikariDataSource - HikariPool-1 - Start completed.
2026-04-19 16:38:05 [main] INFO  org.flywaydb.core.FlywayExecutor - Database: jdbc:sqlite:app.db (SQLite 3.50)
2026-04-19 16:38:05 [main] INFO  o.f.core.internal.command.DbValidate - Successfully validated 7 migrations (execution time 00:00.014s)
2026-04-19 16:38:05 [main] INFO  o.f.core.internal.command.DbMigrate - Current version of schema "main": 7
2026-04-19 16:38:05 [main] INFO  o.f.core.internal.command.DbMigrate - Schema "main" is up to date. No migration necessary.
2026-04-19 17:07:17 [HikariPool-1 housekeeper] WARN  com.zaxxer.hikari.pool.HikariPool - HikariPool-1 - Thread starvation or clock leap detected (housekeeper delta=23m42s255ms607µs900ns).
2026-04-19 17:56:02 [HikariPool-1 housekeeper] WARN  com.zaxxer.hikari.pool.HikariPool - HikariPool-1 - Thread starvation or clock leap detected (housekeeper delta=25m44s553ms217µs).
2026-04-19 18:45:45 [HikariPool-1 housekeeper] WARN  com.zaxxer.hikari.pool.HikariPool - HikariPool-1 - Thread starvation or clock leap detected (housekeeper delta=25m43s333ms500µs700ns).
2026-04-19 18:59:16 [main] INFO  com.zaxxer.hikari.HikariDataSource - HikariPool-1 - Starting...
2026-04-19 18:59:16 [main] INFO  com.zaxxer.hikari.pool.HikariPool - HikariPool-1 - Added connection org.sqlite.jdbc4.JDBC4Connection@61001b64
2026-04-19 18:59:16 [main] INFO  com.zaxxer.hikari.HikariDataSource - HikariPool-1 - Start completed.
2026-04-19 18:59:16 [main] INFO  org.flywaydb.core.FlywayExecutor - Database: jdbc:sqlite:app.db (SQLite 3.50)
2026-04-19 18:59:16 [main] INFO  o.f.core.internal.command.DbValidate - Successfully validated 7 migrations (execution time 00:00.012s)
2026-04-19 18:59:16 [main] INFO  o.f.core.internal.command.DbMigrate - Current version of schema "main": 7
2026-04-19 18:59:16 [main] INFO  o.f.core.internal.command.DbMigrate - Schema "main" is up to date. No migration necessary.
2026-04-19 19:01:23 [main] INFO  com.zaxxer.hikari.HikariDataSource - HikariPool-1 - Starting...
2026-04-19 19:01:23 [main] INFO  com.zaxxer.hikari.pool.HikariPool - HikariPool-1 - Added connection org.sqlite.jdbc4.JDBC4Connection@61001b64
2026-04-19 19:01:23 [main] INFO  com.zaxxer.hikari.HikariDataSource - HikariPool-1 - Start completed.
2026-04-19 19:01:23 [main] INFO  org.flywaydb.core.FlywayExecutor - Database: jdbc:sqlite:app.db (SQLite 3.50)
2026-04-19 19:01:23 [main] INFO  o.f.core.internal.command.DbValidate - Successfully validated 7 migrations (execution time 00:00.015s)
2026-04-19 19:01:23 [main] INFO  o.f.core.internal.command.DbMigrate - Current version of schema "main": 7
2026-04-19 19:01:23 [main] INFO  o.f.core.internal.command.DbMigrate - Schema "main" is up to date. No migration necessary.
2026-04-19 19:02:09 [main] INFO  com.zaxxer.hikari.HikariDataSource - HikariPool-1 - Starting...
2026-04-19 19:02:09 [main] INFO  com.zaxxer.hikari.pool.HikariPool - HikariPool-1 - Added connection org.sqlite.jdbc4.JDBC4Connection@61001b64
2026-04-19 19:02:09 [main] INFO  com.zaxxer.hikari.HikariDataSource - HikariPool-1 - Start completed.
2026-04-19 19:02:09 [main] INFO  org.flywaydb.core.FlywayExecutor - Database: jdbc:sqlite:app.db (SQLite 3.50)
2026-04-19 19:02:09 [main] INFO  o.f.core.internal.command.DbValidate - Successfully validated 7 migrations (execution time 00:00.013s)
2026-04-19 19:02:09 [main] INFO  o.f.core.internal.command.DbMigrate - Current version of schema "main": 7
2026-04-19 19:02:09 [main] INFO  o.f.core.internal.command.DbMigrate - Schema "main" is up to date. No migration necessary.
2026-04-19 19:04:00 [main] INFO  com.zaxxer.hikari.HikariDataSource - HikariPool-1 - Starting...
2026-04-19 19:04:00 [main] INFO  com.zaxxer.hikari.pool.HikariPool - HikariPool-1 - Added connection org.sqlite.jdbc4.JDBC4Connection@61001b64
2026-04-19 19:04:00 [main] INFO  com.zaxxer.hikari.HikariDataSource - HikariPool-1 - Start completed.
2026-04-19 19:04:00 [main] INFO  org.flywaydb.core.FlywayExecutor - Database: jdbc:sqlite:app.db (SQLite 3.50)
2026-04-19 19:04:00 [main] INFO  o.f.core.internal.command.DbValidate - Successfully validated 7 migrations (execution time 00:00.014s)
2026-04-19 19:04:00 [main] INFO  o.f.core.internal.command.DbMigrate - Current version of schema "main": 7
2026-04-19 19:04:00 [main] INFO  o.f.core.internal.command.DbMigrate - Schema "main" is up to date. No migration necessary.
2026-04-19 19:04:23 [main] INFO  com.zaxxer.hikari.HikariDataSource - HikariPool-1 - Starting...
2026-04-19 19:04:23 [main] INFO  com.zaxxer.hikari.pool.HikariPool - HikariPool-1 - Added connection org.sqlite.jdbc4.JDBC4Connection@61001b64
2026-04-19 19:04:23 [main] INFO  com.zaxxer.hikari.HikariDataSource - HikariPool-1 - Start completed.
2026-04-19 19:04:23 [main] INFO  org.flywaydb.core.FlywayExecutor - Database: jdbc:sqlite:app.db (SQLite 3.50)
2026-04-19 19:04:23 [main] INFO  o.f.core.internal.command.DbValidate - Successfully validated 7 migrations (execution time 00:00.012s)
2026-04-19 19:04:23 [main] INFO  o.f.core.internal.command.DbMigrate - Current version of schema "main": 7
2026-04-19 19:04:23 [main] INFO  o.f.core.internal.command.DbMigrate - Schema "main" is up to date. No migration necessary.
2026-04-19 19:44:25 [main] INFO  com.zaxxer.hikari.HikariDataSource - HikariPool-1 - Starting...
2026-04-19 19:44:25 [main] INFO  com.zaxxer.hikari.pool.HikariPool - HikariPool-1 - Added connection org.sqlite.jdbc4.JDBC4Connection@61001b64
2026-04-19 19:44:25 [main] INFO  com.zaxxer.hikari.HikariDataSource - HikariPool-1 - Start completed.
2026-04-19 19:44:25 [main] INFO  org.flywaydb.core.FlywayExecutor - Database: jdbc:sqlite:app.db (SQLite 3.50)
2026-04-19 19:44:25 [main] INFO  o.f.core.internal.command.DbValidate - Successfully validated 7 migrations (execution time 00:00.017s)
2026-04-19 19:44:25 [main] INFO  o.f.core.internal.command.DbMigrate - Current version of schema "main": 7
2026-04-19 19:44:25 [main] INFO  o.f.core.internal.command.DbMigrate - Schema "main" is up to date. No migration necessary.
2026-04-19 19:54:11 [main] INFO  com.zaxxer.hikari.HikariDataSource - HikariPool-1 - Starting...
2026-04-19 19:54:11 [main] INFO  com.zaxxer.hikari.pool.HikariPool - HikariPool-1 - Added connection org.sqlite.jdbc4.JDBC4Connection@61001b64
2026-04-19 19:54:11 [main] INFO  com.zaxxer.hikari.HikariDataSource - HikariPool-1 - Start completed.
2026-04-19 19:54:11 [main] INFO  org.flywaydb.core.FlywayExecutor - Database: jdbc:sqlite:app.db (SQLite 3.50)
2026-04-19 19:54:11 [main] INFO  o.f.core.internal.command.DbValidate - Successfully validated 7 migrations (execution time 00:00.013s)
2026-04-19 19:54:11 [main] INFO  o.f.core.internal.command.DbMigrate - Current version of schema "main": 7
2026-04-19 19:54:11 [main] INFO  o.f.core.internal.command.DbMigrate - Schema "main" is up to date. No migration necessary.
2026-04-19 20:00:55 [main] INFO  com.zaxxer.hikari.HikariDataSource - HikariPool-1 - Starting...
2026-04-19 20:00:55 [main] INFO  com.zaxxer.hikari.pool.HikariPool - HikariPool-1 - Added connection org.sqlite.jdbc4.JDBC4Connection@61001b64
2026-04-19 20:00:55 [main] INFO  com.zaxxer.hikari.HikariDataSource - HikariPool-1 - Start completed.
2026-04-19 20:00:56 [main] INFO  org.flywaydb.core.FlywayExecutor - Database: jdbc:sqlite:app.db (SQLite 3.50)
2026-04-19 20:00:56 [main] INFO  o.f.core.internal.command.DbValidate - Successfully validated 7 migrations (execution time 00:00.015s)
2026-04-19 20:00:56 [main] INFO  o.f.core.internal.command.DbMigrate - Current version of schema "main": 7
2026-04-19 20:00:56 [main] INFO  o.f.core.internal.command.DbMigrate - Schema "main" is up to date. No migration necessary.
2026-04-19 20:11:36 [main] INFO  com.zaxxer.hikari.HikariDataSource - HikariPool-1 - Starting...
2026-04-19 20:11:37 [main] INFO  com.zaxxer.hikari.pool.HikariPool - HikariPool-1 - Added connection org.sqlite.jdbc4.JDBC4Connection@61001b64
2026-04-19 20:11:37 [main] INFO  com.zaxxer.hikari.HikariDataSource - HikariPool-1 - Start completed.
2026-04-19 20:11:37 [main] INFO  org.flywaydb.core.FlywayExecutor - Database: jdbc:sqlite:app.db (SQLite 3.50)
2026-04-19 20:11:37 [main] INFO  o.f.core.internal.command.DbValidate - Successfully validated 7 migrations (execution time 00:00.016s)
2026-04-19 20:11:37 [main] INFO  o.f.core.internal.command.DbMigrate - Current version of schema "main": 7
2026-04-19 20:11:37 [main] INFO  o.f.core.internal.command.DbMigrate - Schema "main" is up to date. No migration necessary.
2026-04-19 20:37:34 [main] INFO  com.zaxxer.hikari.HikariDataSource - HikariPool-1 - Starting...
2026-04-19 20:37:34 [main] INFO  com.zaxxer.hikari.pool.HikariPool - HikariPool-1 - Added connection org.sqlite.jdbc4.JDBC4Connection@61001b64
2026-04-19 20:37:34 [main] INFO  com.zaxxer.hikari.HikariDataSource - HikariPool-1 - Start completed.
2026-04-19 20:37:34 [main] INFO  org.flywaydb.core.FlywayExecutor - Database: jdbc:sqlite:app.db (SQLite 3.50)
2026-04-19 20:37:34 [main] INFO  o.f.core.internal.command.DbValidate - Successfully validated 7 migrations (execution time 00:00.015s)
2026-04-19 20:37:34 [main] INFO  o.f.core.internal.command.DbMigrate - Current version of schema "main": 7
2026-04-19 20:37:34 [main] INFO  o.f.core.internal.command.DbMigrate - Schema "main" is up to date. No migration necessary.
2026-04-19 20:43:31 [main] INFO  com.zaxxer.hikari.HikariDataSource - HikariPool-1 - Starting...
2026-04-19 20:43:31 [main] INFO  com.zaxxer.hikari.pool.HikariPool - HikariPool-1 - Added connection org.sqlite.jdbc4.JDBC4Connection@61001b64
2026-04-19 20:43:31 [main] INFO  com.zaxxer.hikari.HikariDataSource - HikariPool-1 - Start completed.
2026-04-19 20:43:31 [main] INFO  org.flywaydb.core.FlywayExecutor - Database: jdbc:sqlite:app.db (SQLite 3.50)
2026-04-19 20:43:31 [main] INFO  o.f.core.internal.command.DbValidate - Successfully validated 7 migrations (execution time 00:00.014s)
2026-04-19 20:43:31 [main] INFO  o.f.core.internal.command.DbMigrate - Current version of schema "main": 7
2026-04-19 20:43:31 [main] INFO  o.f.core.internal.command.DbMigrate - Schema "main" is up to date. No migration necessary.
2026-04-19 20:44:13 [main] INFO  com.zaxxer.hikari.HikariDataSource - HikariPool-1 - Starting...
2026-04-19 20:44:14 [main] INFO  com.zaxxer.hikari.pool.HikariPool - HikariPool-1 - Added connection org.sqlite.jdbc4.JDBC4Connection@61001b64
2026-04-19 20:44:14 [main] INFO  com.zaxxer.hikari.HikariDataSource - HikariPool-1 - Start completed.
2026-04-19 20:44:14 [main] INFO  org.flywaydb.core.FlywayExecutor - Database: jdbc:sqlite:app.db (SQLite 3.50)
2026-04-19 20:44:14 [main] INFO  o.f.core.internal.command.DbValidate - Successfully validated 7 migrations (execution time 00:00.016s)
2026-04-19 20:44:14 [main] INFO  o.f.core.internal.command.DbMigrate - Current version of schema "main": 7
2026-04-19 20:44:14 [main] INFO  o.f.core.internal.command.DbMigrate - Schema "main" is up to date. No migration necessary.
2026-04-20 15:13:33 [main] INFO  com.zaxxer.hikari.HikariDataSource - HikariPool-1 - Starting...
2026-04-20 15:13:33 [main] INFO  com.zaxxer.hikari.pool.HikariPool - HikariPool-1 - Added connection org.sqlite.jdbc4.JDBC4Connection@61001b64
2026-04-20 15:13:33 [main] INFO  com.zaxxer.hikari.HikariDataSource - HikariPool-1 - Start completed.
2026-04-20 15:13:33 [main] INFO  org.flywaydb.core.FlywayExecutor - Database: jdbc:sqlite:app.db (SQLite 3.50)
2026-04-20 15:13:33 [main] INFO  o.f.core.internal.command.DbValidate - Successfully validated 7 migrations (execution time 00:00.016s)
2026-04-20 15:13:33 [main] INFO  o.f.core.internal.command.DbMigrate - Current version of schema "main": 7
2026-04-20 15:13:33 [main] INFO  o.f.core.internal.command.DbMigrate - Schema "main" is up to date. No migration necessary.
2026-04-20 15:21:45 [main] INFO  com.zaxxer.hikari.HikariDataSource - HikariPool-1 - Starting...
2026-04-20 15:21:45 [main] INFO  com.zaxxer.hikari.pool.HikariPool - HikariPool-1 - Added connection org.sqlite.jdbc4.JDBC4Connection@61001b64
2026-04-20 15:21:45 [main] INFO  com.zaxxer.hikari.HikariDataSource - HikariPool-1 - Start completed.
2026-04-20 15:21:45 [main] INFO  org.flywaydb.core.FlywayExecutor - Database: jdbc:sqlite:app.db (SQLite 3.50)
2026-04-20 15:21:45 [main] INFO  o.f.core.internal.command.DbValidate - Successfully validated 7 migrations (execution time 00:00.012s)
2026-04-20 15:21:45 [main] INFO  o.f.core.internal.command.DbMigrate - Current version of schema "main": 7
2026-04-20 15:21:45 [main] INFO  o.f.core.internal.command.DbMigrate - Schema "main" is up to date. No migration necessary.
2026-04-20 15:24:49 [main] INFO  com.zaxxer.hikari.HikariDataSource - HikariPool-1 - Starting...
2026-04-20 15:24:49 [main] INFO  com.zaxxer.hikari.pool.HikariPool - HikariPool-1 - Added connection org.sqlite.jdbc4.JDBC4Connection@61001b64
2026-04-20 15:24:49 [main] INFO  com.zaxxer.hikari.HikariDataSource - HikariPool-1 - Start completed.
2026-04-20 15:24:50 [main] INFO  org.flywaydb.core.FlywayExecutor - Database: jdbc:sqlite:app.db (SQLite 3.50)
2026-04-20 15:24:50 [main] INFO  o.f.core.internal.command.DbValidate - Successfully validated 7 migrations (execution time 00:00.013s)
2026-04-20 15:24:50 [main] INFO  o.f.core.internal.command.DbMigrate - Current version of schema "main": 7
2026-04-20 15:24:50 [main] INFO  o.f.core.internal.command.DbMigrate - Schema "main" is up to date. No migration necessary.
2026-04-20 15:25:30 [main] INFO  com.zaxxer.hikari.HikariDataSource - HikariPool-1 - Starting...
2026-04-20 15:25:30 [main] INFO  com.zaxxer.hikari.pool.HikariPool - HikariPool-1 - Added connection org.sqlite.jdbc4.JDBC4Connection@61001b64
2026-04-20 15:25:30 [main] INFO  com.zaxxer.hikari.HikariDataSource - HikariPool-1 - Start completed.
2026-04-20 15:25:31 [main] INFO  org.flywaydb.core.FlywayExecutor - Database: jdbc:sqlite:app.db (SQLite 3.50)
2026-04-20 15:25:31 [main] INFO  o.f.core.internal.command.DbValidate - Successfully validated 7 migrations (execution time 00:00.014s)
2026-04-20 15:25:31 [main] INFO  o.f.core.internal.command.DbMigrate - Current version of schema "main": 7
2026-04-20 15:25:31 [main] INFO  o.f.core.internal.command.DbMigrate - Schema "main" is up to date. No migration necessary.
2026-04-20 15:26:26 [main] INFO  com.zaxxer.hikari.HikariDataSource - HikariPool-1 - Starting...
2026-04-20 15:26:26 [main] INFO  com.zaxxer.hikari.pool.HikariPool - HikariPool-1 - Added connection org.sqlite.jdbc4.JDBC4Connection@61001b64
2026-04-20 15:26:26 [main] INFO  com.zaxxer.hikari.HikariDataSource - HikariPool-1 - Start completed.
2026-04-20 15:26:27 [main] INFO  org.flywaydb.core.FlywayExecutor - Database: jdbc:sqlite:app.db (SQLite 3.50)
2026-04-20 15:26:27 [main] INFO  o.f.core.internal.command.DbValidate - Successfully validated 7 migrations (execution time 00:00.015s)
2026-04-20 15:26:27 [main] INFO  o.f.core.internal.command.DbMigrate - Current version of schema "main": 7
2026-04-20 15:26:27 [main] INFO  o.f.core.internal.command.DbMigrate - Schema "main" is up to date. No migration necessary.
2026-04-20 15:27:11 [main] INFO  com.zaxxer.hikari.HikariDataSource - HikariPool-1 - Starting...
2026-04-20 15:27:11 [main] INFO  com.zaxxer.hikari.pool.HikariPool - HikariPool-1 - Added connection org.sqlite.jdbc4.JDBC4Connection@61001b64
2026-04-20 15:27:11 [main] INFO  com.zaxxer.hikari.HikariDataSource - HikariPool-1 - Start completed.
2026-04-20 15:27:11 [main] INFO  org.flywaydb.core.FlywayExecutor - Database: jdbc:sqlite:app.db (SQLite 3.50)
2026-04-20 15:27:11 [main] INFO  o.f.core.internal.command.DbValidate - Successfully validated 7 migrations (execution time 00:00.012s)
2026-04-20 15:27:11 [main] INFO  o.f.core.internal.command.DbMigrate - Current version of schema "main": 7
2026-04-20 15:27:11 [main] INFO  o.f.core.internal.command.DbMigrate - Schema "main" is up to date. No migration necessary.
2026-04-20 15:30:12 [main] INFO  com.zaxxer.hikari.HikariDataSource - HikariPool-1 - Starting...
2026-04-20 15:30:12 [main] INFO  com.zaxxer.hikari.pool.HikariPool - HikariPool-1 - Added connection org.sqlite.jdbc4.JDBC4Connection@61001b64
2026-04-20 15:30:12 [main] INFO  com.zaxxer.hikari.HikariDataSource - HikariPool-1 - Start completed.
2026-04-20 15:30:12 [main] INFO  org.flywaydb.core.FlywayExecutor - Database: jdbc:sqlite:app.db (SQLite 3.50)
2026-04-20 15:30:12 [main] INFO  o.f.core.internal.command.DbValidate - Successfully validated 7 migrations (execution time 00:00.015s)
2026-04-20 15:30:12 [main] INFO  o.f.core.internal.command.DbMigrate - Current version of schema "main": 7
2026-04-20 15:30:12 [main] INFO  o.f.core.internal.command.DbMigrate - Schema "main" is up to date. No migration necessary.
2026-04-20 15:35:01 [main] INFO  com.zaxxer.hikari.HikariDataSource - HikariPool-1 - Starting...
2026-04-20 15:35:01 [main] INFO  com.zaxxer.hikari.pool.HikariPool - HikariPool-1 - Added connection org.sqlite.jdbc4.JDBC4Connection@61001b64
2026-04-20 15:35:01 [main] INFO  com.zaxxer.hikari.HikariDataSource - HikariPool-1 - Start completed.
2026-04-20 15:35:01 [main] INFO  org.flywaydb.core.FlywayExecutor - Database: jdbc:sqlite:app.db (SQLite 3.50)
2026-04-20 15:35:01 [main] INFO  o.f.core.internal.command.DbValidate - Successfully validated 7 migrations (execution time 00:00.012s)
2026-04-20 15:35:01 [main] INFO  o.f.core.internal.command.DbMigrate - Current version of schema "main": 7
2026-04-20 15:35:01 [main] INFO  o.f.core.internal.command.DbMigrate - Schema "main" is up to date. No migration necessary.
2026-04-20 15:35:22 [main] INFO  com.zaxxer.hikari.HikariDataSource - HikariPool-1 - Starting...
2026-04-20 15:35:22 [main] INFO  com.zaxxer.hikari.pool.HikariPool - HikariPool-1 - Added connection org.sqlite.jdbc4.JDBC4Connection@61001b64
2026-04-20 15:35:22 [main] INFO  com.zaxxer.hikari.HikariDataSource - HikariPool-1 - Start completed.
2026-04-20 15:35:22 [main] INFO  org.flywaydb.core.FlywayExecutor - Database: jdbc:sqlite:app.db (SQLite 3.50)
2026-04-20 15:35:22 [main] INFO  o.f.core.internal.command.DbValidate - Successfully validated 7 migrations (execution time 00:00.013s)
2026-04-20 15:35:22 [main] INFO  o.f.core.internal.command.DbMigrate - Current version of schema "main": 7
2026-04-20 15:35:22 [main] INFO  o.f.core.internal.command.DbMigrate - Schema "main" is up to date. No migration necessary.
2026-04-20 15:38:03 [main] INFO  com.zaxxer.hikari.HikariDataSource - HikariPool-1 - Starting...
2026-04-20 15:38:03 [main] INFO  com.zaxxer.hikari.pool.HikariPool - HikariPool-1 - Added connection org.sqlite.jdbc4.JDBC4Connection@61001b64
2026-04-20 15:38:03 [main] INFO  com.zaxxer.hikari.HikariDataSource - HikariPool-1 - Start completed.
2026-04-20 15:38:04 [main] INFO  org.flywaydb.core.FlywayExecutor - Database: jdbc:sqlite:app.db (SQLite 3.50)
2026-04-20 15:38:04 [main] INFO  o.f.core.internal.command.DbValidate - Successfully validated 7 migrations (execution time 00:00.014s)
2026-04-20 15:38:04 [main] INFO  o.f.core.internal.command.DbMigrate - Current version of schema "main": 7
2026-04-20 15:38:04 [main] INFO  o.f.core.internal.command.DbMigrate - Schema "main" is up to date. No migration necessary.
2026-04-20 15:38:22 [main] INFO  com.zaxxer.hikari.HikariDataSource - HikariPool-1 - Starting...
2026-04-20 15:38:22 [main] INFO  com.zaxxer.hikari.pool.HikariPool - HikariPool-1 - Added connection org.sqlite.jdbc4.JDBC4Connection@61001b64
2026-04-20 15:38:22 [main] INFO  com.zaxxer.hikari.HikariDataSource - HikariPool-1 - Start completed.
2026-04-20 15:38:22 [main] INFO  org.flywaydb.core.FlywayExecutor - Database: jdbc:sqlite:app.db (SQLite 3.50)
2026-04-20 15:38:22 [main] INFO  o.f.core.internal.command.DbValidate - Successfully validated 7 migrations (execution time 00:00.014s)
2026-04-20 15:38:22 [main] INFO  o.f.core.internal.command.DbMigrate - Current version of schema "main": 7
2026-04-20 15:38:22 [main] INFO  o.f.core.internal.command.DbMigrate - Schema "main" is up to date. No migration necessary.
2026-04-20 18:21:49 [HikariPool-1 housekeeper] WARN  com.zaxxer.hikari.pool.HikariPool - HikariPool-1 - Thread starvation or clock leap detected (housekeeper delta=2h18m30s196ms272µs300ns).
2026-04-20 18:23:29 [main] INFO  com.zaxxer.hikari.HikariDataSource - HikariPool-1 - Starting...
2026-04-20 18:23:29 [main] INFO  com.zaxxer.hikari.pool.HikariPool - HikariPool-1 - Added connection org.sqlite.jdbc4.JDBC4Connection@61001b64
2026-04-20 18:23:29 [main] INFO  com.zaxxer.hikari.HikariDataSource - HikariPool-1 - Start completed.
2026-04-20 18:23:29 [main] INFO  org.flywaydb.core.FlywayExecutor - Database: jdbc:sqlite:app.db (SQLite 3.50)
2026-04-20 18:23:29 [main] INFO  o.f.core.internal.command.DbValidate - Successfully validated 7 migrations (execution time 00:00.016s)
2026-04-20 18:23:29 [main] INFO  o.f.core.internal.command.DbMigrate - Current version of schema "main": 7
2026-04-20 18:23:29 [main] INFO  o.f.core.internal.command.DbMigrate - Schema "main" is up to date. No migration necessary.
2026-04-20 18:25:45 [main] INFO  com.zaxxer.hikari.HikariDataSource - HikariPool-1 - Starting...
2026-04-20 18:25:45 [main] INFO  com.zaxxer.hikari.pool.HikariPool - HikariPool-1 - Added connection org.sqlite.jdbc4.JDBC4Connection@61001b64
2026-04-20 18:25:45 [main] INFO  com.zaxxer.hikari.HikariDataSource - HikariPool-1 - Start completed.
2026-04-20 18:25:45 [main] INFO  org.flywaydb.core.FlywayExecutor - Database: jdbc:sqlite:app.db (SQLite 3.50)
2026-04-20 18:25:45 [main] INFO  o.f.core.internal.command.DbValidate - Successfully validated 7 migrations (execution time 00:00.014s)
2026-04-20 18:25:45 [main] INFO  o.f.core.internal.command.DbMigrate - Current version of schema "main": 7
2026-04-20 18:25:45 [main] INFO  o.f.core.internal.command.DbMigrate - Schema "main" is up to date. No migration necessary.
2026-04-21 15:57:00 [main] INFO  com.zaxxer.hikari.HikariDataSource - HikariPool-1 - Starting...
2026-04-21 15:57:00 [main] INFO  com.zaxxer.hikari.pool.HikariPool - HikariPool-1 - Added connection org.sqlite.jdbc4.JDBC4Connection@61001b64
2026-04-21 15:57:00 [main] INFO  com.zaxxer.hikari.HikariDataSource - HikariPool-1 - Start completed.
2026-04-21 15:57:01 [main] INFO  org.flywaydb.core.FlywayExecutor - Database: jdbc:sqlite:app.db (SQLite 3.50)
2026-04-21 15:57:01 [main] INFO  o.f.core.internal.command.DbValidate - Successfully validated 7 migrations (execution time 00:00.020s)
2026-04-21 15:57:01 [main] INFO  o.f.core.internal.command.DbMigrate - Current version of schema "main": 7
2026-04-21 15:57:01 [main] INFO  o.f.core.internal.command.DbMigrate - Schema "main" is up to date. No migration necessary.
2026-04-21 15:59:17 [main] INFO  com.zaxxer.hikari.HikariDataSource - HikariPool-1 - Starting...
2026-04-21 15:59:17 [main] INFO  com.zaxxer.hikari.pool.HikariPool - HikariPool-1 - Added connection org.sqlite.jdbc4.JDBC4Connection@61001b64
2026-04-21 15:59:17 [main] INFO  com.zaxxer.hikari.HikariDataSource - HikariPool-1 - Start completed.
2026-04-21 15:59:17 [main] INFO  org.flywaydb.core.FlywayExecutor - Database: jdbc:sqlite:app.db (SQLite 3.50)
2026-04-21 15:59:17 [main] INFO  o.f.core.internal.command.DbValidate - Successfully validated 7 migrations (execution time 00:00.014s)
2026-04-21 15:59:17 [main] INFO  o.f.core.internal.command.DbMigrate - Current version of schema "main": 7
2026-04-21 15:59:17 [main] INFO  o.f.core.internal.command.DbMigrate - Schema "main" is up to date. No migration necessary.
2026-04-21 15:59:59 [main] INFO  com.zaxxer.hikari.HikariDataSource - HikariPool-1 - Starting...
2026-04-21 15:59:59 [main] INFO  com.zaxxer.hikari.pool.HikariPool - HikariPool-1 - Added connection org.sqlite.jdbc4.JDBC4Connection@61001b64
2026-04-21 15:59:59 [main] INFO  com.zaxxer.hikari.HikariDataSource - HikariPool-1 - Start completed.
2026-04-21 15:59:59 [main] INFO  org.flywaydb.core.FlywayExecutor - Database: jdbc:sqlite:app.db (SQLite 3.50)
2026-04-21 15:59:59 [main] INFO  o.f.core.internal.command.DbValidate - Successfully validated 7 migrations (execution time 00:00.013s)
2026-04-21 15:59:59 [main] INFO  o.f.core.internal.command.DbMigrate - Current version of schema "main": 7
2026-04-21 15:59:59 [main] INFO  o.f.core.internal.command.DbMigrate - Schema "main" is up to date. No migration necessary.
2026-04-21 16:01:50 [main] INFO  com.zaxxer.hikari.HikariDataSource - HikariPool-1 - Starting...
2026-04-21 16:01:50 [main] INFO  com.zaxxer.hikari.pool.HikariPool - HikariPool-1 - Added connection org.sqlite.jdbc4.JDBC4Connection@61001b64
2026-04-21 16:01:50 [main] INFO  com.zaxxer.hikari.HikariDataSource - HikariPool-1 - Start completed.
2026-04-21 16:01:51 [main] INFO  org.flywaydb.core.FlywayExecutor - Database: jdbc:sqlite:app.db (SQLite 3.50)
2026-04-21 16:01:51 [main] INFO  o.f.core.internal.command.DbValidate - Successfully validated 7 migrations (execution time 00:00.013s)
2026-04-21 16:01:51 [main] INFO  o.f.core.internal.command.DbMigrate - Current version of schema "main": 7
2026-04-21 16:01:51 [main] INFO  o.f.core.internal.command.DbMigrate - Schema "main" is up to date. No migration necessary.
2026-04-21 16:04:58 [main] INFO  com.zaxxer.hikari.HikariDataSource - HikariPool-1 - Starting...
2026-04-21 16:04:58 [main] INFO  com.zaxxer.hikari.pool.HikariPool - HikariPool-1 - Added connection org.sqlite.jdbc4.JDBC4Connection@61001b64
2026-04-21 16:04:58 [main] INFO  com.zaxxer.hikari.HikariDataSource - HikariPool-1 - Start completed.
2026-04-21 16:04:58 [main] INFO  org.flywaydb.core.FlywayExecutor - Database: jdbc:sqlite:app.db (SQLite 3.50)
2026-04-21 16:04:58 [main] INFO  o.f.core.internal.command.DbValidate - Successfully validated 7 migrations (execution time 00:00.013s)
2026-04-21 16:04:58 [main] INFO  o.f.core.internal.command.DbMigrate - Current version of schema "main": 7
2026-04-21 16:04:58 [main] INFO  o.f.core.internal.command.DbMigrate - Schema "main" is up to date. No migration necessary.
2026-04-21 16:07:37 [main] INFO  com.zaxxer.hikari.HikariDataSource - HikariPool-1 - Starting...
2026-04-21 16:07:37 [main] INFO  com.zaxxer.hikari.pool.HikariPool - HikariPool-1 - Added connection org.sqlite.jdbc4.JDBC4Connection@61001b64
2026-04-21 16:07:37 [main] INFO  com.zaxxer.hikari.HikariDataSource - HikariPool-1 - Start completed.
2026-04-21 16:07:38 [main] INFO  org.flywaydb.core.FlywayExecutor - Database: jdbc:sqlite:app.db (SQLite 3.50)
2026-04-21 16:07:38 [main] INFO  o.f.core.internal.command.DbValidate - Successfully validated 7 migrations (execution time 00:00.015s)
2026-04-21 16:07:38 [main] INFO  o.f.core.internal.command.DbMigrate - Current version of schema "main": 7
2026-04-21 16:07:38 [main] INFO  o.f.core.internal.command.DbMigrate - Schema "main" is up to date. No migration necessary.
2026-04-21 16:08:16 [main] INFO  com.zaxxer.hikari.HikariDataSource - HikariPool-1 - Starting...
2026-04-21 16:08:16 [main] INFO  com.zaxxer.hikari.pool.HikariPool - HikariPool-1 - Added connection org.sqlite.jdbc4.JDBC4Connection@61001b64
2026-04-21 16:08:16 [main] INFO  com.zaxxer.hikari.HikariDataSource - HikariPool-1 - Start completed.
2026-04-21 16:08:16 [main] INFO  org.flywaydb.core.FlywayExecutor - Database: jdbc:sqlite:app.db (SQLite 3.50)
2026-04-21 16:08:16 [main] INFO  o.f.core.internal.command.DbValidate - Successfully validated 7 migrations (execution time 00:00.012s)
2026-04-21 16:08:16 [main] INFO  o.f.core.internal.command.DbMigrate - Current version of schema "main": 7
2026-04-21 16:08:16 [main] INFO  o.f.core.internal.command.DbMigrate - Schema "main" is up to date. No migration necessary.
2026-04-21 16:14:43 [main] INFO  com.zaxxer.hikari.HikariDataSource - HikariPool-1 - Starting...
2026-04-21 16:14:43 [main] INFO  com.zaxxer.hikari.pool.HikariPool - HikariPool-1 - Added connection org.sqlite.jdbc4.JDBC4Connection@61001b64
2026-04-21 16:14:43 [main] INFO  com.zaxxer.hikari.HikariDataSource - HikariPool-1 - Start completed.
2026-04-21 16:14:43 [main] INFO  org.flywaydb.core.FlywayExecutor - Database: jdbc:sqlite:app.db (SQLite 3.50)
2026-04-21 16:14:43 [main] INFO  o.f.core.internal.command.DbValidate - Successfully validated 7 migrations (execution time 00:00.015s)
2026-04-21 16:14:43 [main] INFO  o.f.core.internal.command.DbMigrate - Current version of schema "main": 7
2026-04-21 16:14:43 [main] INFO  o.f.core.internal.command.DbMigrate - Schema "main" is up to date. No migration necessary.
2026-04-21 16:31:52 [main] INFO  com.zaxxer.hikari.HikariDataSource - HikariPool-1 - Starting...
2026-04-21 16:31:52 [main] INFO  com.zaxxer.hikari.pool.HikariPool - HikariPool-1 - Added connection org.sqlite.jdbc4.JDBC4Connection@61001b64
2026-04-21 16:31:52 [main] INFO  com.zaxxer.hikari.HikariDataSource - HikariPool-1 - Start completed.
2026-04-21 16:31:53 [main] INFO  org.flywaydb.core.FlywayExecutor - Database: jdbc:sqlite:app.db (SQLite 3.50)
2026-04-21 16:31:53 [main] INFO  o.f.core.internal.command.DbValidate - Successfully validated 7 migrations (execution time 00:00.013s)
2026-04-21 16:31:53 [main] INFO  o.f.core.internal.command.DbMigrate - Current version of schema "main": 7
2026-04-21 16:31:53 [main] INFO  o.f.core.internal.command.DbMigrate - Schema "main" is up to date. No migration necessary.
2026-04-21 16:36:14 [main] INFO  com.zaxxer.hikari.HikariDataSource - HikariPool-1 - Starting...
2026-04-21 16:36:15 [main] INFO  com.zaxxer.hikari.pool.HikariPool - HikariPool-1 - Added connection org.sqlite.jdbc4.JDBC4Connection@61001b64
2026-04-21 16:36:15 [main] INFO  com.zaxxer.hikari.HikariDataSource - HikariPool-1 - Start completed.
2026-04-21 16:36:15 [main] INFO  org.flywaydb.core.FlywayExecutor - Database: jdbc:sqlite:app.db (SQLite 3.50)
2026-04-21 16:36:15 [main] INFO  o.f.core.internal.command.DbValidate - Successfully validated 7 migrations (execution time 00:00.012s)
2026-04-21 16:36:15 [main] INFO  o.f.core.internal.command.DbMigrate - Current version of schema "main": 7
2026-04-21 16:36:15 [main] INFO  o.f.core.internal.command.DbMigrate - Schema "main" is up to date. No migration necessary.
2026-04-21 16:37:16 [main] INFO  com.zaxxer.hikari.HikariDataSource - HikariPool-1 - Starting...
2026-04-21 16:37:16 [main] INFO  com.zaxxer.hikari.pool.HikariPool - HikariPool-1 - Added connection org.sqlite.jdbc4.JDBC4Connection@61001b64
2026-04-21 16:37:16 [main] INFO  com.zaxxer.hikari.HikariDataSource - HikariPool-1 - Start completed.
2026-04-21 16:37:16 [main] INFO  org.flywaydb.core.FlywayExecutor - Database: jdbc:sqlite:app.db (SQLite 3.50)
2026-04-21 16:37:16 [main] INFO  o.f.core.internal.command.DbValidate - Successfully validated 7 migrations (execution time 00:00.014s)
2026-04-21 16:37:16 [main] INFO  o.f.core.internal.command.DbMigrate - Current version of schema "main": 7
2026-04-21 16:37:16 [main] INFO  o.f.core.internal.command.DbMigrate - Schema "main" is up to date. No migration necessary.
2026-04-21 19:02:52 [main] INFO  com.zaxxer.hikari.HikariDataSource - HikariPool-1 - Starting...
2026-04-21 19:02:52 [main] INFO  com.zaxxer.hikari.pool.HikariPool - HikariPool-1 - Added connection org.sqlite.jdbc4.JDBC4Connection@61001b64
2026-04-21 19:02:52 [main] INFO  com.zaxxer.hikari.HikariDataSource - HikariPool-1 - Start completed.
2026-04-21 19:02:52 [main] INFO  org.flywaydb.core.FlywayExecutor - Database: jdbc:sqlite:app.db (SQLite 3.50)
2026-04-21 19:02:52 [main] INFO  o.f.core.internal.command.DbValidate - Successfully validated 7 migrations (execution time 00:00.017s)
2026-04-21 19:02:52 [main] INFO  o.f.core.internal.command.DbMigrate - Current version of schema "main": 7
2026-04-21 19:02:52 [main] INFO  o.f.core.internal.command.DbMigrate - Schema "main" is up to date. No migration necessary.
2026-04-22 16:11:26 [main] INFO  com.zaxxer.hikari.HikariDataSource - HikariPool-1 - Starting...
2026-04-22 16:11:26 [main] INFO  com.zaxxer.hikari.pool.HikariPool - HikariPool-1 - Added connection org.sqlite.jdbc4.JDBC4Connection@61001b64
2026-04-22 16:11:26 [main] INFO  com.zaxxer.hikari.HikariDataSource - HikariPool-1 - Start completed.
2026-04-22 16:11:27 [main] INFO  org.flywaydb.core.FlywayExecutor - Database: jdbc:sqlite:app.db (SQLite 3.50)
2026-04-22 16:11:27 [main] INFO  o.f.core.internal.command.DbValidate - Successfully validated 7 migrations (execution time 00:00.018s)
2026-04-22 16:11:27 [main] INFO  o.f.core.internal.command.DbMigrate - Current version of schema "main": 7
2026-04-22 16:11:27 [main] INFO  o.f.core.internal.command.DbMigrate - Schema "main" is up to date. No migration necessary.
2026-04-22 16:15:23 [main] INFO  com.zaxxer.hikari.HikariDataSource - HikariPool-1 - Starting...
2026-04-22 16:15:23 [main] INFO  com.zaxxer.hikari.pool.HikariPool - HikariPool-1 - Added connection org.sqlite.jdbc4.JDBC4Connection@61001b64
2026-04-22 16:15:23 [main] INFO  com.zaxxer.hikari.HikariDataSource - HikariPool-1 - Start completed.
2026-04-22 16:15:24 [main] INFO  org.flywaydb.core.FlywayExecutor - Database: jdbc:sqlite:app.db (SQLite 3.50)
2026-04-22 16:15:24 [main] INFO  o.f.core.internal.command.DbValidate - Successfully validated 7 migrations (execution time 00:00.014s)
2026-04-22 16:15:24 [main] INFO  o.f.core.internal.command.DbMigrate - Current version of schema "main": 7
2026-04-22 16:15:24 [main] INFO  o.f.core.internal.command.DbMigrate - Schema "main" is up to date. No migration necessary.
2026-04-22 16:17:29 [main] INFO  com.zaxxer.hikari.HikariDataSource - HikariPool-1 - Starting...
2026-04-22 16:17:29 [main] INFO  com.zaxxer.hikari.pool.HikariPool - HikariPool-1 - Added connection org.sqlite.jdbc4.JDBC4Connection@61001b64
2026-04-22 16:17:29 [main] INFO  com.zaxxer.hikari.HikariDataSource - HikariPool-1 - Start completed.
2026-04-22 16:17:29 [main] INFO  org.flywaydb.core.FlywayExecutor - Database: jdbc:sqlite:app.db (SQLite 3.50)
2026-04-22 16:17:29 [main] INFO  o.f.core.internal.command.DbValidate - Successfully validated 7 migrations (execution time 00:00.014s)
2026-04-22 16:17:29 [main] INFO  o.f.core.internal.command.DbMigrate - Current version of schema "main": 7
2026-04-22 16:17:29 [main] INFO  o.f.core.internal.command.DbMigrate - Schema "main" is up to date. No migration necessary.
2026-04-22 16:17:49 [main] INFO  com.zaxxer.hikari.HikariDataSource - HikariPool-1 - Starting...
2026-04-22 16:17:49 [main] INFO  com.zaxxer.hikari.pool.HikariPool - HikariPool-1 - Added connection org.sqlite.jdbc4.JDBC4Connection@61001b64
2026-04-22 16:17:49 [main] INFO  com.zaxxer.hikari.HikariDataSource - HikariPool-1 - Start completed.
2026-04-22 16:17:49 [main] INFO  org.flywaydb.core.FlywayExecutor - Database: jdbc:sqlite:app.db (SQLite 3.50)
2026-04-22 16:17:49 [main] INFO  o.f.core.internal.command.DbValidate - Successfully validated 7 migrations (execution time 00:00.015s)
2026-04-22 16:17:49 [main] INFO  o.f.core.internal.command.DbMigrate - Current version of schema "main": 7
2026-04-22 16:17:49 [main] INFO  o.f.core.internal.command.DbMigrate - Schema "main" is up to date. No migration necessary.
2026-04-22 16:18:19 [main] INFO  com.zaxxer.hikari.HikariDataSource - HikariPool-1 - Starting...
2026-04-22 16:18:19 [main] INFO  com.zaxxer.hikari.pool.HikariPool - HikariPool-1 - Added connection org.sqlite.jdbc4.JDBC4Connection@61001b64
2026-04-22 16:18:19 [main] INFO  com.zaxxer.hikari.HikariDataSource - HikariPool-1 - Start completed.
2026-04-22 16:18:19 [main] INFO  org.flywaydb.core.FlywayExecutor - Database: jdbc:sqlite:app.db (SQLite 3.50)
2026-04-22 16:18:19 [main] INFO  o.f.core.internal.command.DbValidate - Successfully validated 7 migrations (execution time 00:00.014s)
2026-04-22 16:18:19 [main] INFO  o.f.core.internal.command.DbMigrate - Current version of schema "main": 7
2026-04-22 16:18:19 [main] INFO  o.f.core.internal.command.DbMigrate - Schema "main" is up to date. No migration necessary.
2026-04-22 16:19:28 [main] INFO  com.zaxxer.hikari.HikariDataSource - HikariPool-1 - Starting...
2026-04-22 16:19:28 [main] INFO  com.zaxxer.hikari.pool.HikariPool - HikariPool-1 - Added connection org.sqlite.jdbc4.JDBC4Connection@61001b64
2026-04-22 16:19:28 [main] INFO  com.zaxxer.hikari.HikariDataSource - HikariPool-1 - Start completed.
2026-04-22 16:19:28 [main] INFO  org.flywaydb.core.FlywayExecutor - Database: jdbc:sqlite:app.db (SQLite 3.50)
2026-04-22 16:19:28 [main] INFO  o.f.core.internal.command.DbValidate - Successfully validated 7 migrations (execution time 00:00.014s)
2026-04-22 16:19:28 [main] INFO  o.f.core.internal.command.DbMigrate - Current version of schema "main": 7
2026-04-22 16:19:28 [main] INFO  o.f.core.internal.command.DbMigrate - Schema "main" is up to date. No migration necessary.
2026-04-22 16:22:44 [main] INFO  com.zaxxer.hikari.HikariDataSource - HikariPool-1 - Starting...
2026-04-22 16:22:44 [main] INFO  com.zaxxer.hikari.pool.HikariPool - HikariPool-1 - Added connection org.sqlite.jdbc4.JDBC4Connection@61001b64
2026-04-22 16:22:44 [main] INFO  com.zaxxer.hikari.HikariDataSource - HikariPool-1 - Start completed.
2026-04-22 16:22:45 [main] INFO  org.flywaydb.core.FlywayExecutor - Database: jdbc:sqlite:app.db (SQLite 3.50)
2026-04-22 16:22:45 [main] INFO  o.f.core.internal.command.DbValidate - Successfully validated 7 migrations (execution time 00:00.013s)
2026-04-22 16:22:45 [main] INFO  o.f.core.internal.command.DbMigrate - Current version of schema "main": 7
2026-04-22 16:22:45 [main] INFO  o.f.core.internal.command.DbMigrate - Schema "main" is up to date. No migration necessary.
2026-04-22 16:23:43 [main] INFO  com.zaxxer.hikari.HikariDataSource - HikariPool-1 - Starting...
2026-04-22 16:23:43 [main] INFO  com.zaxxer.hikari.pool.HikariPool - HikariPool-1 - Added connection org.sqlite.jdbc4.JDBC4Connection@61001b64
2026-04-22 16:23:43 [main] INFO  com.zaxxer.hikari.HikariDataSource - HikariPool-1 - Start completed.
2026-04-22 16:23:43 [main] INFO  org.flywaydb.core.FlywayExecutor - Database: jdbc:sqlite:app.db (SQLite 3.50)
2026-04-22 16:23:43 [main] INFO  o.f.core.internal.command.DbValidate - Successfully validated 7 migrations (execution time 00:00.013s)
2026-04-22 16:23:43 [main] INFO  o.f.core.internal.command.DbMigrate - Current version of schema "main": 7
2026-04-22 16:23:43 [main] INFO  o.f.core.internal.command.DbMigrate - Schema "main" is up to date. No migration necessary.
2026-04-22 16:24:28 [main] INFO  com.zaxxer.hikari.HikariDataSource - HikariPool-1 - Starting...
2026-04-22 16:24:28 [main] INFO  com.zaxxer.hikari.pool.HikariPool - HikariPool-1 - Added connection org.sqlite.jdbc4.JDBC4Connection@61001b64
2026-04-22 16:24:28 [main] INFO  com.zaxxer.hikari.HikariDataSource - HikariPool-1 - Start completed.
2026-04-22 16:24:28 [main] INFO  org.flywaydb.core.FlywayExecutor - Database: jdbc:sqlite:app.db (SQLite 3.50)
2026-04-22 16:24:28 [main] INFO  o.f.core.internal.command.DbValidate - Successfully validated 7 migrations (execution time 00:00.015s)
2026-04-22 16:24:28 [main] INFO  o.f.core.internal.command.DbMigrate - Current version of schema "main": 7
2026-04-22 16:24:28 [main] INFO  o.f.core.internal.command.DbMigrate - Schema "main" is up to date. No migration necessary.
2026-04-22 16:26:02 [main] INFO  com.zaxxer.hikari.HikariDataSource - HikariPool-1 - Starting...
2026-04-22 16:26:02 [main] INFO  com.zaxxer.hikari.pool.HikariPool - HikariPool-1 - Added connection org.sqlite.jdbc4.JDBC4Connection@61001b64
2026-04-22 16:26:02 [main] INFO  com.zaxxer.hikari.HikariDataSource - HikariPool-1 - Start completed.
2026-04-22 16:26:02 [main] INFO  org.flywaydb.core.FlywayExecutor - Database: jdbc:sqlite:app.db (SQLite 3.50)
2026-04-22 16:26:02 [main] INFO  o.f.core.internal.command.DbValidate - Successfully validated 7 migrations (execution time 00:00.012s)
2026-04-22 16:26:02 [main] INFO  o.f.core.internal.command.DbMigrate - Current version of schema "main": 7
2026-04-22 16:26:02 [main] INFO  o.f.core.internal.command.DbMigrate - Schema "main" is up to date. No migration necessary.
2026-04-22 16:27:40 [main] INFO  com.zaxxer.hikari.HikariDataSource - HikariPool-1 - Starting...
2026-04-22 16:27:40 [main] INFO  com.zaxxer.hikari.pool.HikariPool - HikariPool-1 - Added connection org.sqlite.jdbc4.JDBC4Connection@61001b64
2026-04-22 16:27:40 [main] INFO  com.zaxxer.hikari.HikariDataSource - HikariPool-1 - Start completed.
2026-04-22 16:27:40 [main] INFO  org.flywaydb.core.FlywayExecutor - Database: jdbc:sqlite:app.db (SQLite 3.50)
2026-04-22 16:27:40 [main] INFO  o.f.core.internal.command.DbValidate - Successfully validated 7 migrations (execution time 00:00.014s)
2026-04-22 16:27:40 [main] INFO  o.f.core.internal.command.DbMigrate - Current version of schema "main": 7
2026-04-22 16:27:40 [main] INFO  o.f.core.internal.command.DbMigrate - Schema "main" is up to date. No migration necessary.
2026-04-23 15:27:48 [main] INFO  com.zaxxer.hikari.HikariDataSource - HikariPool-1 - Starting...
2026-04-23 15:27:48 [main] INFO  com.zaxxer.hikari.pool.HikariPool - HikariPool-1 - Added connection org.sqlite.jdbc4.JDBC4Connection@61001b64
2026-04-23 15:27:48 [main] INFO  com.zaxxer.hikari.HikariDataSource - HikariPool-1 - Start completed.
2026-04-23 15:27:49 [main] INFO  org.flywaydb.core.FlywayExecutor - Database: jdbc:sqlite:app.db (SQLite 3.50)
2026-04-23 15:27:49 [main] INFO  o.f.core.internal.command.DbValidate - Successfully validated 7 migrations (execution time 00:00.016s)
2026-04-23 15:27:49 [main] INFO  o.f.core.internal.command.DbMigrate - Current version of schema "main": 7
2026-04-23 15:27:49 [main] INFO  o.f.core.internal.command.DbMigrate - Schema "main" is up to date. No migration necessary.
2026-04-23 15:36:56 [main] INFO  com.zaxxer.hikari.HikariDataSource - HikariPool-1 - Starting...
2026-04-23 15:36:56 [main] INFO  com.zaxxer.hikari.pool.HikariPool - HikariPool-1 - Added connection org.sqlite.jdbc4.JDBC4Connection@61001b64
2026-04-23 15:36:56 [main] INFO  com.zaxxer.hikari.HikariDataSource - HikariPool-1 - Start completed.
2026-04-23 15:36:56 [main] INFO  org.flywaydb.core.FlywayExecutor - Database: jdbc:sqlite:app.db (SQLite 3.50)
2026-04-23 15:36:56 [main] INFO  o.f.core.internal.command.DbValidate - Successfully validated 7 migrations (execution time 00:00.015s)
2026-04-23 15:36:56 [main] INFO  o.f.core.internal.command.DbMigrate - Current version of schema "main": 7
2026-04-23 15:36:56 [main] INFO  o.f.core.internal.command.DbMigrate - Schema "main" is up to date. No migration necessary.
2026-04-23 15:38:25 [main] INFO  com.zaxxer.hikari.HikariDataSource - HikariPool-1 - Starting...
2026-04-23 15:38:26 [main] INFO  com.zaxxer.hikari.pool.HikariPool - HikariPool-1 - Added connection org.sqlite.jdbc4.JDBC4Connection@61001b64
2026-04-23 15:38:26 [main] INFO  com.zaxxer.hikari.HikariDataSource - HikariPool-1 - Start completed.
2026-04-23 15:38:26 [main] INFO  org.flywaydb.core.FlywayExecutor - Database: jdbc:sqlite:app.db (SQLite 3.50)
2026-04-23 15:38:26 [main] INFO  o.f.core.internal.command.DbValidate - Successfully validated 7 migrations (execution time 00:00.012s)
2026-04-23 15:38:26 [main] INFO  o.f.core.internal.command.DbMigrate - Current version of schema "main": 7
2026-04-23 15:38:26 [main] INFO  o.f.core.internal.command.DbMigrate - Schema "main" is up to date. No migration necessary.
2026-04-23 15:40:32 [main] INFO  com.zaxxer.hikari.HikariDataSource - HikariPool-1 - Starting...
2026-04-23 15:40:33 [main] INFO  com.zaxxer.hikari.pool.HikariPool - HikariPool-1 - Added connection org.sqlite.jdbc4.JDBC4Connection@61001b64
2026-04-23 15:40:33 [main] INFO  com.zaxxer.hikari.HikariDataSource - HikariPool-1 - Start completed.
2026-04-23 15:40:33 [main] INFO  org.flywaydb.core.FlywayExecutor - Database: jdbc:sqlite:app.db (SQLite 3.50)
2026-04-23 15:40:33 [main] INFO  o.f.core.internal.command.DbValidate - Successfully validated 7 migrations (execution time 00:00.015s)
2026-04-23 15:40:33 [main] INFO  o.f.core.internal.command.DbMigrate - Current version of schema "main": 7
2026-04-23 15:40:33 [main] INFO  o.f.core.internal.command.DbMigrate - Schema "main" is up to date. No migration necessary.
2026-04-23 15:41:02 [main] INFO  com.zaxxer.hikari.HikariDataSource - HikariPool-1 - Starting...
2026-04-23 15:41:02 [main] INFO  com.zaxxer.hikari.pool.HikariPool - HikariPool-1 - Added connection org.sqlite.jdbc4.JDBC4Connection@61001b64
2026-04-23 15:41:02 [main] INFO  com.zaxxer.hikari.HikariDataSource - HikariPool-1 - Start completed.
2026-04-23 15:41:03 [main] INFO  org.flywaydb.core.FlywayExecutor - Database: jdbc:sqlite:app.db (SQLite 3.50)
2026-04-23 15:41:03 [main] INFO  o.f.core.internal.command.DbValidate - Successfully validated 7 migrations (execution time 00:00.014s)
2026-04-23 15:41:03 [main] INFO  o.f.core.internal.command.DbMigrate - Current version of schema "main": 7
2026-04-23 15:41:03 [main] INFO  o.f.core.internal.command.DbMigrate - Schema "main" is up to date. No migration necessary.
2026-04-23 15:42:21 [main] INFO  com.zaxxer.hikari.HikariDataSource - HikariPool-1 - Starting...
2026-04-23 15:42:21 [main] INFO  com.zaxxer.hikari.pool.HikariPool - HikariPool-1 - Added connection org.sqlite.jdbc4.JDBC4Connection@61001b64
2026-04-23 15:42:21 [main] INFO  com.zaxxer.hikari.HikariDataSource - HikariPool-1 - Start completed.
2026-04-23 15:42:21 [main] INFO  org.flywaydb.core.FlywayExecutor - Database: jdbc:sqlite:app.db (SQLite 3.50)
2026-04-23 15:42:21 [main] INFO  o.f.core.internal.command.DbValidate - Successfully validated 7 migrations (execution time 00:00.013s)
2026-04-23 15:42:21 [main] INFO  o.f.core.internal.command.DbMigrate - Current version of schema "main": 7
2026-04-23 15:42:21 [main] INFO  o.f.core.internal.command.DbMigrate - Schema "main" is up to date. No migration necessary.
2026-04-23 15:42:48 [main] INFO  com.zaxxer.hikari.HikariDataSource - HikariPool-1 - Starting...
2026-04-23 15:42:48 [main] INFO  com.zaxxer.hikari.pool.HikariPool - HikariPool-1 - Added connection org.sqlite.jdbc4.JDBC4Connection@61001b64
2026-04-23 15:42:48 [main] INFO  com.zaxxer.hikari.HikariDataSource - HikariPool-1 - Start completed.
2026-04-23 15:42:48 [main] INFO  org.flywaydb.core.FlywayExecutor - Database: jdbc:sqlite:app.db (SQLite 3.50)
2026-04-23 15:42:48 [main] INFO  o.f.core.internal.command.DbValidate - Successfully validated 7 migrations (execution time 00:00.013s)
2026-04-23 15:42:48 [main] INFO  o.f.core.internal.command.DbMigrate - Current version of schema "main": 7
2026-04-23 15:42:48 [main] INFO  o.f.core.internal.command.DbMigrate - Schema "main" is up to date. No migration necessary.
2026-04-23 15:43:53 [main] INFO  com.zaxxer.hikari.HikariDataSource - HikariPool-1 - Starting...
2026-04-23 15:43:53 [main] INFO  com.zaxxer.hikari.pool.HikariPool - HikariPool-1 - Added connection org.sqlite.jdbc4.JDBC4Connection@61001b64
2026-04-23 15:43:53 [main] INFO  com.zaxxer.hikari.HikariDataSource - HikariPool-1 - Start completed.
2026-04-23 15:43:53 [main] INFO  org.flywaydb.core.FlywayExecutor - Database: jdbc:sqlite:app.db (SQLite 3.50)
2026-04-23 15:43:53 [main] INFO  o.f.core.internal.command.DbValidate - Successfully validated 7 migrations (execution time 00:00.015s)
2026-04-23 15:43:53 [main] INFO  o.f.core.internal.command.DbMigrate - Current version of schema "main": 7
2026-04-23 15:43:53 [main] INFO  o.f.core.internal.command.DbMigrate - Schema "main" is up to date. No migration necessary.
2026-04-23 16:30:04 [main] INFO  com.zaxxer.hikari.HikariDataSource - HikariPool-1 - Starting...
2026-04-23 16:30:05 [main] INFO  com.zaxxer.hikari.pool.HikariPool - HikariPool-1 - Added connection org.sqlite.jdbc4.JDBC4Connection@61001b64
2026-04-23 16:30:05 [main] INFO  com.zaxxer.hikari.HikariDataSource - HikariPool-1 - Start completed.
2026-04-23 16:30:05 [main] INFO  org.flywaydb.core.FlywayExecutor - Database: jdbc:sqlite:app.db (SQLite 3.50)
2026-04-23 16:30:05 [main] INFO  o.f.core.internal.command.DbValidate - Successfully validated 7 migrations (execution time 00:00.014s)
2026-04-23 16:30:05 [main] INFO  o.f.core.internal.command.DbMigrate - Current version of schema "main": 7
2026-04-23 16:30:05 [main] INFO  o.f.core.internal.command.DbMigrate - Schema "main" is up to date. No migration necessary.
2026-04-23 16:33:06 [main] INFO  com.zaxxer.hikari.HikariDataSource - HikariPool-1 - Starting...
2026-04-23 16:33:06 [main] INFO  com.zaxxer.hikari.pool.HikariPool - HikariPool-1 - Added connection org.sqlite.jdbc4.JDBC4Connection@61001b64
2026-04-23 16:33:06 [main] INFO  com.zaxxer.hikari.HikariDataSource - HikariPool-1 - Start completed.
2026-04-23 16:33:07 [main] INFO  org.flywaydb.core.FlywayExecutor - Database: jdbc:sqlite:app.db (SQLite 3.50)
2026-04-23 16:33:07 [main] INFO  o.f.core.internal.command.DbValidate - Successfully validated 7 migrations (execution time 00:00.016s)
2026-04-23 16:33:07 [main] INFO  o.f.core.internal.command.DbMigrate - Current version of schema "main": 7
2026-04-23 16:33:07 [main] INFO  o.f.core.internal.command.DbMigrate - Schema "main" is up to date. No migration necessary.
2026-04-23 16:35:30 [main] INFO  com.zaxxer.hikari.HikariDataSource - HikariPool-1 - Starting...
2026-04-23 16:35:30 [main] INFO  com.zaxxer.hikari.pool.HikariPool - HikariPool-1 - Added connection org.sqlite.jdbc4.JDBC4Connection@61001b64
2026-04-23 16:35:30 [main] INFO  com.zaxxer.hikari.HikariDataSource - HikariPool-1 - Start completed.
2026-04-23 16:35:30 [main] INFO  org.flywaydb.core.FlywayExecutor - Database: jdbc:sqlite:app.db (SQLite 3.50)
2026-04-23 16:35:30 [main] INFO  o.f.core.internal.command.DbValidate - Successfully validated 7 migrations (execution time 00:00.014s)
2026-04-23 16:35:30 [main] INFO  o.f.core.internal.command.DbMigrate - Current version of schema "main": 7
2026-04-23 16:35:30 [main] INFO  o.f.core.internal.command.DbMigrate - Schema "main" is up to date. No migration necessary.
2026-04-23 16:36:34 [main] INFO  com.zaxxer.hikari.HikariDataSource - HikariPool-1 - Starting...
2026-04-23 16:36:34 [main] INFO  com.zaxxer.hikari.pool.HikariPool - HikariPool-1 - Added connection org.sqlite.jdbc4.JDBC4Connection@61001b64
2026-04-23 16:36:34 [main] INFO  com.zaxxer.hikari.HikariDataSource - HikariPool-1 - Start completed.
2026-04-23 16:36:34 [main] INFO  org.flywaydb.core.FlywayExecutor - Database: jdbc:sqlite:app.db (SQLite 3.50)
2026-04-23 16:36:34 [main] INFO  o.f.core.internal.command.DbValidate - Successfully validated 7 migrations (execution time 00:00.014s)
2026-04-23 16:36:34 [main] INFO  o.f.core.internal.command.DbMigrate - Current version of schema "main": 7
2026-04-23 16:36:34 [main] INFO  o.f.core.internal.command.DbMigrate - Schema "main" is up to date. No migration necessary.
2026-04-23 16:37:22 [main] INFO  com.zaxxer.hikari.HikariDataSource - HikariPool-1 - Starting...
2026-04-23 16:37:23 [main] INFO  com.zaxxer.hikari.pool.HikariPool - HikariPool-1 - Added connection org.sqlite.jdbc4.JDBC4Connection@61001b64
2026-04-23 16:37:23 [main] INFO  com.zaxxer.hikari.HikariDataSource - HikariPool-1 - Start completed.
2026-04-23 16:37:23 [main] INFO  org.flywaydb.core.FlywayExecutor - Database: jdbc:sqlite:app.db (SQLite 3.50)
2026-04-23 16:37:23 [main] INFO  o.f.core.internal.command.DbValidate - Successfully validated 7 migrations (execution time 00:00.016s)
2026-04-23 16:37:23 [main] INFO  o.f.core.internal.command.DbMigrate - Current version of schema "main": 7
2026-04-23 16:37:23 [main] INFO  o.f.core.internal.command.DbMigrate - Schema "main" is up to date. No migration necessary.
2026-04-23 16:39:33 [main] INFO  com.zaxxer.hikari.HikariDataSource - HikariPool-1 - Starting...
2026-04-23 16:39:33 [main] INFO  com.zaxxer.hikari.pool.HikariPool - HikariPool-1 - Added connection org.sqlite.jdbc4.JDBC4Connection@61001b64
2026-04-23 16:39:33 [main] INFO  com.zaxxer.hikari.HikariDataSource - HikariPool-1 - Start completed.
2026-04-23 16:39:33 [main] INFO  org.flywaydb.core.FlywayExecutor - Database: jdbc:sqlite:app.db (SQLite 3.50)
2026-04-23 16:39:33 [main] INFO  o.f.core.internal.command.DbValidate - Successfully validated 7 migrations (execution time 00:00.015s)
2026-04-23 16:39:33 [main] INFO  o.f.core.internal.command.DbMigrate - Current version of schema "main": 7
2026-04-23 16:39:33 [main] INFO  o.f.core.internal.command.DbMigrate - Schema "main" is up to date. No migration necessary.
2026-04-23 16:41:15 [main] INFO  com.zaxxer.hikari.HikariDataSource - HikariPool-1 - Starting...
2026-04-23 16:41:15 [main] INFO  com.zaxxer.hikari.pool.HikariPool - HikariPool-1 - Added connection org.sqlite.jdbc4.JDBC4Connection@61001b64
2026-04-23 16:41:15 [main] INFO  com.zaxxer.hikari.HikariDataSource - HikariPool-1 - Start completed.
2026-04-23 16:41:15 [main] INFO  org.flywaydb.core.FlywayExecutor - Database: jdbc:sqlite:app.db (SQLite 3.50)
2026-04-23 16:41:15 [main] INFO  o.f.core.internal.command.DbValidate - Successfully validated 7 migrations (execution time 00:00.013s)
2026-04-23 16:41:15 [main] INFO  o.f.core.internal.command.DbMigrate - Current version of schema "main": 7
2026-04-23 16:41:15 [main] INFO  o.f.core.internal.command.DbMigrate - Schema "main" is up to date. No migration necessary.
2026-04-23 16:58:55 [main] INFO  com.zaxxer.hikari.HikariDataSource - HikariPool-1 - Starting...
2026-04-23 16:58:55 [main] INFO  com.zaxxer.hikari.pool.HikariPool - HikariPool-1 - Added connection org.sqlite.jdbc4.JDBC4Connection@61001b64
2026-04-23 16:58:55 [main] INFO  com.zaxxer.hikari.HikariDataSource - HikariPool-1 - Start completed.
2026-04-23 16:58:55 [main] INFO  org.flywaydb.core.FlywayExecutor - Database: jdbc:sqlite:app.db (SQLite 3.50)
2026-04-23 16:58:55 [main] INFO  o.f.core.internal.command.DbValidate - Successfully validated 7 migrations (execution time 00:00.015s)
2026-04-23 16:58:55 [main] INFO  o.f.core.internal.command.DbMigrate - Current version of schema "main": 7
2026-04-23 16:58:55 [main] INFO  o.f.core.internal.command.DbMigrate - Schema "main" is up to date. No migration necessary.
2026-04-23 17:02:20 [main] INFO  com.zaxxer.hikari.HikariDataSource - HikariPool-1 - Starting...
2026-04-23 17:02:20 [main] INFO  com.zaxxer.hikari.pool.HikariPool - HikariPool-1 - Added connection org.sqlite.jdbc4.JDBC4Connection@61001b64
2026-04-23 17:02:20 [main] INFO  com.zaxxer.hikari.HikariDataSource - HikariPool-1 - Start completed.
2026-04-23 17:02:20 [main] INFO  org.flywaydb.core.FlywayExecutor - Database: jdbc:sqlite:app.db (SQLite 3.50)
2026-04-23 17:02:20 [main] INFO  o.f.core.internal.command.DbValidate - Successfully validated 7 migrations (execution time 00:00.014s)
2026-04-23 17:02:20 [main] INFO  o.f.core.internal.command.DbMigrate - Current version of schema "main": 7
2026-04-23 17:02:20 [main] INFO  o.f.core.internal.command.DbMigrate - Schema "main" is up to date. No migration necessary.
2026-04-23 17:05:04 [main] INFO  com.zaxxer.hikari.HikariDataSource - HikariPool-1 - Starting...
2026-04-23 17:05:04 [main] INFO  com.zaxxer.hikari.pool.HikariPool - HikariPool-1 - Added connection org.sqlite.jdbc4.JDBC4Connection@61001b64
2026-04-23 17:05:04 [main] INFO  com.zaxxer.hikari.HikariDataSource - HikariPool-1 - Start completed.
2026-04-23 17:05:04 [main] INFO  org.flywaydb.core.FlywayExecutor - Database: jdbc:sqlite:app.db (SQLite 3.50)
2026-04-23 17:05:04 [main] INFO  o.f.core.internal.command.DbValidate - Successfully validated 7 migrations (execution time 00:00.013s)
2026-04-23 17:05:04 [main] INFO  o.f.core.internal.command.DbMigrate - Current version of schema "main": 7
2026-04-23 17:05:04 [main] INFO  o.f.core.internal.command.DbMigrate - Schema "main" is up to date. No migration necessary.
2026-04-23 17:05:46 [main] INFO  com.zaxxer.hikari.HikariDataSource - HikariPool-1 - Starting...
2026-04-23 17:05:46 [main] INFO  com.zaxxer.hikari.pool.HikariPool - HikariPool-1 - Added connection org.sqlite.jdbc4.JDBC4Connection@61001b64
2026-04-23 17:05:46 [main] INFO  com.zaxxer.hikari.HikariDataSource - HikariPool-1 - Start completed.
2026-04-23 17:05:46 [main] INFO  org.flywaydb.core.FlywayExecutor - Database: jdbc:sqlite:app.db (SQLite 3.50)
2026-04-23 17:05:46 [main] INFO  o.f.core.internal.command.DbValidate - Successfully validated 7 migrations (execution time 00:00.014s)
2026-04-23 17:05:46 [main] INFO  o.f.core.internal.command.DbMigrate - Current version of schema "main": 7
2026-04-23 17:05:46 [main] INFO  o.f.core.internal.command.DbMigrate - Schema "main" is up to date. No migration necessary.
2026-04-23 17:12:20 [main] INFO  com.zaxxer.hikari.HikariDataSource - HikariPool-1 - Starting...
2026-04-23 17:12:20 [main] INFO  com.zaxxer.hikari.pool.HikariPool - HikariPool-1 - Added connection org.sqlite.jdbc4.JDBC4Connection@61001b64
2026-04-23 17:12:20 [main] INFO  com.zaxxer.hikari.HikariDataSource - HikariPool-1 - Start completed.
2026-04-23 17:12:20 [main] INFO  org.flywaydb.core.FlywayExecutor - Database: jdbc:sqlite:app.db (SQLite 3.50)
2026-04-23 17:12:20 [main] INFO  o.f.core.internal.command.DbValidate - Successfully validated 7 migrations (execution time 00:00.013s)
2026-04-23 17:12:20 [main] INFO  o.f.core.internal.command.DbMigrate - Current version of schema "main": 7
2026-04-23 17:12:20 [main] INFO  o.f.core.internal.command.DbMigrate - Schema "main" is up to date. No migration necessary.
2026-04-23 17:13:56 [main] INFO  com.zaxxer.hikari.HikariDataSource - HikariPool-1 - Starting...
2026-04-23 17:13:56 [main] INFO  com.zaxxer.hikari.pool.HikariPool - HikariPool-1 - Added connection org.sqlite.jdbc4.JDBC4Connection@61001b64
2026-04-23 17:13:56 [main] INFO  com.zaxxer.hikari.HikariDataSource - HikariPool-1 - Start completed.
2026-04-23 17:13:56 [main] INFO  org.flywaydb.core.FlywayExecutor - Database: jdbc:sqlite:app.db (SQLite 3.50)
2026-04-23 17:13:56 [main] INFO  o.f.core.internal.command.DbValidate - Successfully validated 7 migrations (execution time 00:00.014s)
2026-04-23 17:13:56 [main] INFO  o.f.core.internal.command.DbMigrate - Current version of schema "main": 7
2026-04-23 17:13:56 [main] INFO  o.f.core.internal.command.DbMigrate - Schema "main" is up to date. No migration necessary.
2026-04-23 17:14:25 [main] INFO  com.zaxxer.hikari.HikariDataSource - HikariPool-1 - Starting...
2026-04-23 17:14:25 [main] INFO  com.zaxxer.hikari.pool.HikariPool - HikariPool-1 - Added connection org.sqlite.jdbc4.JDBC4Connection@61001b64
2026-04-23 17:14:25 [main] INFO  com.zaxxer.hikari.HikariDataSource - HikariPool-1 - Start completed.
2026-04-23 17:14:25 [main] INFO  org.flywaydb.core.FlywayExecutor - Database: jdbc:sqlite:app.db (SQLite 3.50)
2026-04-23 17:14:25 [main] INFO  o.f.core.internal.command.DbValidate - Successfully validated 7 migrations (execution time 00:00.014s)
2026-04-23 17:14:25 [main] INFO  o.f.core.internal.command.DbMigrate - Current version of schema "main": 7
2026-04-23 17:14:25 [main] INFO  o.f.core.internal.command.DbMigrate - Schema "main" is up to date. No migration necessary.
2026-04-23 19:30:03 [main] INFO  com.zaxxer.hikari.HikariDataSource - HikariPool-1 - Starting...
2026-04-23 19:30:03 [main] INFO  com.zaxxer.hikari.pool.HikariPool - HikariPool-1 - Added connection org.sqlite.jdbc4.JDBC4Connection@61001b64
2026-04-23 19:30:03 [main] INFO  com.zaxxer.hikari.HikariDataSource - HikariPool-1 - Start completed.
2026-04-23 19:30:03 [main] INFO  org.flywaydb.core.FlywayExecutor - Database: jdbc:sqlite:app.db (SQLite 3.50)
2026-04-23 19:30:03 [main] INFO  o.f.core.internal.command.DbValidate - Successfully validated 7 migrations (execution time 00:00.019s)
2026-04-23 19:30:03 [main] INFO  o.f.core.internal.command.DbMigrate - Current version of schema "main": 7
2026-04-23 19:30:03 [main] INFO  o.f.core.internal.command.DbMigrate - Schema "main" is up to date. No migration necessary.
2026-04-23 19:31:29 [main] INFO  com.zaxxer.hikari.HikariDataSource - HikariPool-1 - Starting...
2026-04-23 19:31:29 [main] INFO  com.zaxxer.hikari.pool.HikariPool - HikariPool-1 - Added connection org.sqlite.jdbc4.JDBC4Connection@61001b64
2026-04-23 19:31:29 [main] INFO  com.zaxxer.hikari.HikariDataSource - HikariPool-1 - Start completed.
2026-04-23 19:31:29 [main] INFO  org.flywaydb.core.FlywayExecutor - Database: jdbc:sqlite:app.db (SQLite 3.50)
2026-04-23 19:31:29 [main] INFO  o.f.core.internal.command.DbValidate - Successfully validated 7 migrations (execution time 00:00.016s)
2026-04-23 19:31:29 [main] INFO  o.f.core.internal.command.DbMigrate - Current version of schema "main": 7
2026-04-23 19:31:29 [main] INFO  o.f.core.internal.command.DbMigrate - Schema "main" is up to date. No migration necessary.
2026-04-23 19:31:58 [main] INFO  com.zaxxer.hikari.HikariDataSource - HikariPool-1 - Starting...
2026-04-23 19:31:58 [main] INFO  com.zaxxer.hikari.pool.HikariPool - HikariPool-1 - Added connection org.sqlite.jdbc4.JDBC4Connection@61001b64
2026-04-23 19:31:58 [main] INFO  com.zaxxer.hikari.HikariDataSource - HikariPool-1 - Start completed.
2026-04-23 19:31:58 [main] INFO  org.flywaydb.core.FlywayExecutor - Database: jdbc:sqlite:app.db (SQLite 3.50)
2026-04-23 19:31:58 [main] INFO  o.f.core.internal.command.DbValidate - Successfully validated 7 migrations (execution time 00:00.017s)
2026-04-23 19:31:58 [main] INFO  o.f.core.internal.command.DbMigrate - Current version of schema "main": 7
2026-04-23 19:31:58 [main] INFO  o.f.core.internal.command.DbMigrate - Schema "main" is up to date. No migration necessary.
2026-04-23 19:34:40 [main] INFO  com.zaxxer.hikari.HikariDataSource - HikariPool-1 - Starting...
2026-04-23 19:34:40 [main] INFO  com.zaxxer.hikari.pool.HikariPool - HikariPool-1 - Added connection org.sqlite.jdbc4.JDBC4Connection@61001b64
2026-04-23 19:34:40 [main] INFO  com.zaxxer.hikari.HikariDataSource - HikariPool-1 - Start completed.
2026-04-23 19:34:40 [main] INFO  org.flywaydb.core.FlywayExecutor - Database: jdbc:sqlite:app.db (SQLite 3.50)
2026-04-23 19:34:40 [main] INFO  o.f.core.internal.command.DbValidate - Successfully validated 7 migrations (execution time 00:00.017s)
2026-04-23 19:34:40 [main] INFO  o.f.core.internal.command.DbMigrate - Current version of schema "main": 7
2026-04-23 19:34:40 [main] INFO  o.f.core.internal.command.DbMigrate - Schema "main" is up to date. No migration necessary.
2026-04-23 19:35:24 [main] INFO  com.zaxxer.hikari.HikariDataSource - HikariPool-1 - Starting...
2026-04-23 19:35:24 [main] INFO  com.zaxxer.hikari.pool.HikariPool - HikariPool-1 - Added connection org.sqlite.jdbc4.JDBC4Connection@61001b64
2026-04-23 19:35:24 [main] INFO  com.zaxxer.hikari.HikariDataSource - HikariPool-1 - Start completed.
2026-04-23 19:35:24 [main] INFO  org.flywaydb.core.FlywayExecutor - Database: jdbc:sqlite:app.db (SQLite 3.50)
2026-04-23 19:35:24 [main] INFO  o.f.core.internal.command.DbValidate - Successfully validated 7 migrations (execution time 00:00.016s)
2026-04-23 19:35:24 [main] INFO  o.f.core.internal.command.DbMigrate - Current version of schema "main": 7
2026-04-23 19:35:24 [main] INFO  o.f.core.internal.command.DbMigrate - Schema "main" is up to date. No migration necessary.
2026-04-23 19:36:41 [main] INFO  com.zaxxer.hikari.HikariDataSource - HikariPool-1 - Starting...
2026-04-23 19:36:41 [main] INFO  com.zaxxer.hikari.pool.HikariPool - HikariPool-1 - Added connection org.sqlite.jdbc4.JDBC4Connection@61001b64
2026-04-23 19:36:41 [main] INFO  com.zaxxer.hikari.HikariDataSource - HikariPool-1 - Start completed.
2026-04-23 19:36:41 [main] INFO  org.flywaydb.core.FlywayExecutor - Database: jdbc:sqlite:app.db (SQLite 3.50)
2026-04-23 19:36:41 [main] INFO  o.f.core.internal.command.DbValidate - Successfully validated 7 migrations (execution time 00:00.015s)
2026-04-23 19:36:41 [main] INFO  o.f.core.internal.command.DbMigrate - Current version of schema "main": 7
2026-04-23 19:36:41 [main] INFO  o.f.core.internal.command.DbMigrate - Schema "main" is up to date. No migration necessary.
2026-04-23 19:37:20 [main] INFO  com.zaxxer.hikari.HikariDataSource - HikariPool-1 - Starting...
2026-04-23 19:37:20 [main] INFO  com.zaxxer.hikari.pool.HikariPool - HikariPool-1 - Added connection org.sqlite.jdbc4.JDBC4Connection@61001b64
2026-04-23 19:37:20 [main] INFO  com.zaxxer.hikari.HikariDataSource - HikariPool-1 - Start completed.
2026-04-23 19:37:20 [main] INFO  org.flywaydb.core.FlywayExecutor - Database: jdbc:sqlite:app.db (SQLite 3.50)
2026-04-23 19:37:20 [main] INFO  o.f.core.internal.command.DbValidate - Successfully validated 7 migrations (execution time 00:00.014s)
2026-04-23 19:37:20 [main] INFO  o.f.core.internal.command.DbMigrate - Current version of schema "main": 7
2026-04-23 19:37:20 [main] INFO  o.f.core.internal.command.DbMigrate - Schema "main" is up to date. No migration necessary.
2026-04-23 19:41:53 [main] INFO  com.zaxxer.hikari.HikariDataSource - HikariPool-1 - Starting...
2026-04-23 19:41:53 [main] INFO  com.zaxxer.hikari.pool.HikariPool - HikariPool-1 - Added connection org.sqlite.jdbc4.JDBC4Connection@61001b64
2026-04-23 19:41:53 [main] INFO  com.zaxxer.hikari.HikariDataSource - HikariPool-1 - Start completed.
2026-04-23 19:41:53 [main] INFO  org.flywaydb.core.FlywayExecutor - Database: jdbc:sqlite:app.db (SQLite 3.50)
2026-04-23 19:41:53 [main] INFO  o.f.core.internal.command.DbValidate - Successfully validated 7 migrations (execution time 00:00.015s)
2026-04-23 19:41:53 [main] INFO  o.f.core.internal.command.DbMigrate - Current version of schema "main": 7
2026-04-23 19:41:53 [main] INFO  o.f.core.internal.command.DbMigrate - Schema "main" is up to date. No migration necessary.
2026-04-23 19:43:36 [main] INFO  com.zaxxer.hikari.HikariDataSource - HikariPool-1 - Starting...
2026-04-23 19:43:36 [main] INFO  com.zaxxer.hikari.pool.HikariPool - HikariPool-1 - Added connection org.sqlite.jdbc4.JDBC4Connection@61001b64
2026-04-23 19:43:36 [main] INFO  com.zaxxer.hikari.HikariDataSource - HikariPool-1 - Start completed.
2026-04-23 19:43:36 [main] INFO  org.flywaydb.core.FlywayExecutor - Database: jdbc:sqlite:app.db (SQLite 3.50)
2026-04-23 19:43:36 [main] INFO  o.f.core.internal.command.DbValidate - Successfully validated 7 migrations (execution time 00:00.017s)
2026-04-23 19:43:36 [main] INFO  o.f.core.internal.command.DbMigrate - Current version of schema "main": 7
2026-04-23 19:43:36 [main] INFO  o.f.core.internal.command.DbMigrate - Schema "main" is up to date. No migration necessary.
2026-04-23 19:47:15 [main] INFO  com.zaxxer.hikari.HikariDataSource - HikariPool-1 - Starting...
2026-04-23 19:47:15 [main] INFO  com.zaxxer.hikari.pool.HikariPool - HikariPool-1 - Added connection org.sqlite.jdbc4.JDBC4Connection@61001b64
2026-04-23 19:47:15 [main] INFO  com.zaxxer.hikari.HikariDataSource - HikariPool-1 - Start completed.
2026-04-23 19:47:15 [main] INFO  org.flywaydb.core.FlywayExecutor - Database: jdbc:sqlite:app.db (SQLite 3.50)
2026-04-23 19:47:15 [main] INFO  o.f.core.internal.command.DbValidate - Successfully validated 7 migrations (execution time 00:00.015s)
2026-04-23 19:47:15 [main] INFO  o.f.core.internal.command.DbMigrate - Current version of schema "main": 7
2026-04-23 19:47:15 [main] INFO  o.f.core.internal.command.DbMigrate - Schema "main" is up to date. No migration necessary.
2026-04-23 19:47:42 [main] INFO  com.zaxxer.hikari.HikariDataSource - HikariPool-1 - Starting...
2026-04-23 19:47:42 [main] INFO  com.zaxxer.hikari.pool.HikariPool - HikariPool-1 - Added connection org.sqlite.jdbc4.JDBC4Connection@61001b64
2026-04-23 19:47:42 [main] INFO  com.zaxxer.hikari.HikariDataSource - HikariPool-1 - Start completed.
2026-04-23 19:47:42 [main] INFO  org.flywaydb.core.FlywayExecutor - Database: jdbc:sqlite:app.db (SQLite 3.50)
2026-04-23 19:47:42 [main] INFO  o.f.core.internal.command.DbValidate - Successfully validated 7 migrations (execution time 00:00.015s)
2026-04-23 19:47:42 [main] INFO  o.f.core.internal.command.DbMigrate - Current version of schema "main": 7
2026-04-23 19:47:42 [main] INFO  o.f.core.internal.command.DbMigrate - Schema "main" is up to date. No migration necessary.
2026-04-25 14:23:16 [main] INFO  com.zaxxer.hikari.HikariDataSource - HikariPool-1 - Starting...
2026-04-25 14:23:16 [main] INFO  com.zaxxer.hikari.pool.HikariPool - HikariPool-1 - Added connection org.sqlite.jdbc4.JDBC4Connection@61001b64
2026-04-25 14:23:16 [main] INFO  com.zaxxer.hikari.HikariDataSource - HikariPool-1 - Start completed.
2026-04-25 14:23:16 [main] INFO  org.flywaydb.core.FlywayExecutor - Database: jdbc:sqlite:app.db (SQLite 3.50)
2026-04-25 14:23:16 [main] INFO  o.f.core.internal.command.DbValidate - Successfully validated 7 migrations (execution time 00:00.022s)
2026-04-25 14:23:16 [main] INFO  o.f.core.internal.command.DbMigrate - Current version of schema "main": 7
2026-04-25 14:23:16 [main] INFO  o.f.core.internal.command.DbMigrate - Schema "main" is up to date. No migration necessary.
2026-04-26 17:05:08 [main] INFO  com.zaxxer.hikari.HikariDataSource - HikariPool-1 - Starting...
2026-04-26 17:05:08 [main] INFO  com.zaxxer.hikari.pool.HikariPool - HikariPool-1 - Added connection org.sqlite.jdbc4.JDBC4Connection@61001b64
2026-04-26 17:05:08 [main] INFO  com.zaxxer.hikari.HikariDataSource - HikariPool-1 - Start completed.
2026-04-26 17:05:08 [main] INFO  org.flywaydb.core.FlywayExecutor - Database: jdbc:sqlite:app.db (SQLite 3.50)
2026-04-26 17:05:08 [main] INFO  o.f.core.internal.command.DbValidate - Successfully validated 7 migrations (execution time 00:00.017s)
2026-04-26 17:05:08 [main] INFO  o.f.core.internal.command.DbMigrate - Current version of schema "main": 7
2026-04-26 17:05:08 [main] INFO  o.f.core.internal.command.DbMigrate - Schema "main" is up to date. No migration necessary.
2026-04-26 17:27:09 [main] INFO  com.zaxxer.hikari.HikariDataSource - HikariPool-1 - Starting...
2026-04-26 17:27:09 [main] INFO  com.zaxxer.hikari.pool.HikariPool - HikariPool-1 - Added connection org.sqlite.jdbc4.JDBC4Connection@61001b64
2026-04-26 17:27:09 [main] INFO  com.zaxxer.hikari.HikariDataSource - HikariPool-1 - Start completed.
2026-04-26 17:27:09 [main] INFO  org.flywaydb.core.FlywayExecutor - Database: jdbc:sqlite:app.db (SQLite 3.50)
2026-04-26 17:27:09 [main] INFO  o.f.core.internal.command.DbValidate - Successfully validated 7 migrations (execution time 00:00.015s)
2026-04-26 17:27:09 [main] INFO  o.f.core.internal.command.DbMigrate - Current version of schema "main": 7
2026-04-26 17:27:09 [main] INFO  o.f.core.internal.command.DbMigrate - Schema "main" is up to date. No migration necessary.
2026-04-26 17:27:53 [main] INFO  com.zaxxer.hikari.HikariDataSource - HikariPool-1 - Starting...
2026-04-26 17:27:53 [main] INFO  com.zaxxer.hikari.pool.HikariPool - HikariPool-1 - Added connection org.sqlite.jdbc4.JDBC4Connection@61001b64
2026-04-26 17:27:53 [main] INFO  com.zaxxer.hikari.HikariDataSource - HikariPool-1 - Start completed.
2026-04-26 17:27:53 [main] INFO  org.flywaydb.core.FlywayExecutor - Database: jdbc:sqlite:app.db (SQLite 3.50)
2026-04-26 17:27:53 [main] INFO  o.f.core.internal.command.DbValidate - Successfully validated 7 migrations (execution time 00:00.013s)
2026-04-26 17:27:53 [main] INFO  o.f.core.internal.command.DbMigrate - Current version of schema "main": 7
2026-04-26 17:27:53 [main] INFO  o.f.core.internal.command.DbMigrate - Schema "main" is up to date. No migration necessary.
2026-04-26 17:28:33 [main] INFO  com.zaxxer.hikari.HikariDataSource - HikariPool-1 - Starting...
2026-04-26 17:28:33 [main] INFO  com.zaxxer.hikari.pool.HikariPool - HikariPool-1 - Added connection org.sqlite.jdbc4.JDBC4Connection@61001b64
2026-04-26 17:28:33 [main] INFO  com.zaxxer.hikari.HikariDataSource - HikariPool-1 - Start completed.
2026-04-26 17:28:33 [main] INFO  org.flywaydb.core.FlywayExecutor - Database: jdbc:sqlite:app.db (SQLite 3.50)
2026-04-26 17:28:33 [main] INFO  o.f.core.internal.command.DbValidate - Successfully validated 7 migrations (execution time 00:00.015s)
2026-04-26 17:28:33 [main] INFO  o.f.core.internal.command.DbMigrate - Current version of schema "main": 7
2026-04-26 17:28:33 [main] INFO  o.f.core.internal.command.DbMigrate - Schema "main" is up to date. No migration necessary.
2026-04-26 17:29:42 [main] INFO  com.zaxxer.hikari.HikariDataSource - HikariPool-1 - Starting...
2026-04-26 17:29:42 [main] INFO  com.zaxxer.hikari.pool.HikariPool - HikariPool-1 - Added connection org.sqlite.jdbc4.JDBC4Connection@61001b64
2026-04-26 17:29:42 [main] INFO  com.zaxxer.hikari.HikariDataSource - HikariPool-1 - Start completed.
2026-04-26 17:29:43 [main] INFO  org.flywaydb.core.FlywayExecutor - Database: jdbc:sqlite:app.db (SQLite 3.50)
2026-04-26 17:29:43 [main] INFO  o.f.core.internal.command.DbValidate - Successfully validated 7 migrations (execution time 00:00.014s)
2026-04-26 17:29:43 [main] INFO  o.f.core.internal.command.DbMigrate - Current version of schema "main": 7
2026-04-26 17:29:43 [main] INFO  o.f.core.internal.command.DbMigrate - Schema "main" is up to date. No migration necessary.
2026-04-26 17:30:39 [main] INFO  com.zaxxer.hikari.HikariDataSource - HikariPool-1 - Starting...
2026-04-26 17:30:40 [main] INFO  com.zaxxer.hikari.pool.HikariPool - HikariPool-1 - Added connection org.sqlite.jdbc4.JDBC4Connection@61001b64
2026-04-26 17:30:40 [main] INFO  com.zaxxer.hikari.HikariDataSource - HikariPool-1 - Start completed.
2026-04-26 17:30:40 [main] INFO  org.flywaydb.core.FlywayExecutor - Database: jdbc:sqlite:app.db (SQLite 3.50)
2026-04-26 17:30:40 [main] INFO  o.f.core.internal.command.DbValidate - Successfully validated 7 migrations (execution time 00:00.014s)
2026-04-26 17:30:40 [main] INFO  o.f.core.internal.command.DbMigrate - Current version of schema "main": 7
2026-04-26 17:30:40 [main] INFO  o.f.core.internal.command.DbMigrate - Schema "main" is up to date. No migration necessary.
2026-04-26 17:33:22 [main] INFO  com.zaxxer.hikari.HikariDataSource - HikariPool-1 - Starting...
2026-04-26 17:33:22 [main] INFO  com.zaxxer.hikari.pool.HikariPool - HikariPool-1 - Added connection org.sqlite.jdbc4.JDBC4Connection@61001b64
2026-04-26 17:33:22 [main] INFO  com.zaxxer.hikari.HikariDataSource - HikariPool-1 - Start completed.
2026-04-26 17:33:22 [main] INFO  org.flywaydb.core.FlywayExecutor - Database: jdbc:sqlite:app.db (SQLite 3.50)
2026-04-26 17:33:22 [main] INFO  o.f.core.internal.command.DbValidate - Successfully validated 7 migrations (execution time 00:00.014s)
2026-04-26 17:33:22 [main] INFO  o.f.core.internal.command.DbMigrate - Current version of schema "main": 7
2026-04-26 17:33:22 [main] INFO  o.f.core.internal.command.DbMigrate - Schema "main" is up to date. No migration necessary.
2026-04-28 15:46:49 [main] INFO  com.zaxxer.hikari.HikariDataSource - HikariPool-1 - Starting...
2026-04-28 15:46:49 [main] INFO  com.zaxxer.hikari.pool.HikariPool - HikariPool-1 - Added connection org.sqlite.jdbc4.JDBC4Connection@61001b64
2026-04-28 15:46:49 [main] INFO  com.zaxxer.hikari.HikariDataSource - HikariPool-1 - Start completed.
2026-04-28 15:46:49 [main] INFO  org.flywaydb.core.FlywayExecutor - Database: jdbc:sqlite:app.db (SQLite 3.50)
2026-04-28 15:46:49 [main] INFO  o.f.core.internal.command.DbValidate - Successfully validated 7 migrations (execution time 00:00.016s)
2026-04-28 15:46:49 [main] INFO  o.f.core.internal.command.DbMigrate - Current version of schema "main": 7
2026-04-28 15:46:49 [main] INFO  o.f.core.internal.command.DbMigrate - Schema "main" is up to date. No migration necessary.
2026-04-28 15:58:22 [main] INFO  com.zaxxer.hikari.HikariDataSource - HikariPool-1 - Starting...
2026-04-28 15:58:22 [main] INFO  com.zaxxer.hikari.pool.HikariPool - HikariPool-1 - Added connection org.sqlite.jdbc4.JDBC4Connection@61001b64
2026-04-28 15:58:22 [main] INFO  com.zaxxer.hikari.HikariDataSource - HikariPool-1 - Start completed.
2026-04-28 15:58:22 [main] INFO  org.flywaydb.core.FlywayExecutor - Database: jdbc:sqlite:app.db (SQLite 3.50)
2026-04-28 15:58:23 [main] INFO  o.f.core.internal.command.DbValidate - Successfully validated 7 migrations (execution time 00:00.013s)
2026-04-28 15:58:23 [main] INFO  o.f.core.internal.command.DbMigrate - Current version of schema "main": 7
2026-04-28 15:58:23 [main] INFO  o.f.core.internal.command.DbMigrate - Schema "main" is up to date. No migration necessary.
2026-04-28 16:01:00 [main] INFO  com.zaxxer.hikari.HikariDataSource - HikariPool-1 - Starting...
2026-04-28 16:01:00 [main] INFO  com.zaxxer.hikari.pool.HikariPool - HikariPool-1 - Added connection org.sqlite.jdbc4.JDBC4Connection@61001b64
2026-04-28 16:01:00 [main] INFO  com.zaxxer.hikari.HikariDataSource - HikariPool-1 - Start completed.
2026-04-28 16:01:00 [main] INFO  org.flywaydb.core.FlywayExecutor - Database: jdbc:sqlite:app.db (SQLite 3.50)
2026-04-28 16:01:00 [main] INFO  o.f.core.internal.command.DbValidate - Successfully validated 7 migrations (execution time 00:00.016s)
2026-04-28 16:01:00 [main] INFO  o.f.core.internal.command.DbMigrate - Current version of schema "main": 7
2026-04-28 16:01:00 [main] INFO  o.f.core.internal.command.DbMigrate - Schema "main" is up to date. No migration necessary.
2026-04-28 16:07:00 [main] INFO  com.zaxxer.hikari.HikariDataSource - HikariPool-1 - Starting...
2026-04-28 16:07:00 [main] INFO  com.zaxxer.hikari.pool.HikariPool - HikariPool-1 - Added connection org.sqlite.jdbc4.JDBC4Connection@61001b64
2026-04-28 16:07:00 [main] INFO  com.zaxxer.hikari.HikariDataSource - HikariPool-1 - Start completed.
2026-04-28 16:07:00 [main] INFO  org.flywaydb.core.FlywayExecutor - Database: jdbc:sqlite:app.db (SQLite 3.50)
2026-04-28 16:07:00 [main] INFO  o.f.core.internal.command.DbValidate - Successfully validated 7 migrations (execution time 00:00.015s)
2026-04-28 16:07:00 [main] INFO  o.f.core.internal.command.DbMigrate - Current version of schema "main": 7
2026-04-28 16:07:00 [main] INFO  o.f.core.internal.command.DbMigrate - Schema "main" is up to date. No migration necessary.
2026-04-28 16:09:08 [main] INFO  com.zaxxer.hikari.HikariDataSource - HikariPool-1 - Starting...
2026-04-28 16:09:09 [main] INFO  com.zaxxer.hikari.pool.HikariPool - HikariPool-1 - Added connection org.sqlite.jdbc4.JDBC4Connection@61001b64
2026-04-28 16:09:09 [main] INFO  com.zaxxer.hikari.HikariDataSource - HikariPool-1 - Start completed.
2026-04-28 16:09:09 [main] INFO  org.flywaydb.core.FlywayExecutor - Database: jdbc:sqlite:app.db (SQLite 3.50)
2026-04-28 16:09:09 [main] INFO  o.f.core.internal.command.DbValidate - Successfully validated 7 migrations (execution time 00:00.013s)
2026-04-28 16:09:09 [main] INFO  o.f.core.internal.command.DbMigrate - Current version of schema "main": 7
2026-04-28 16:09:09 [main] INFO  o.f.core.internal.command.DbMigrate - Schema "main" is up to date. No migration necessary.
2026-04-28 16:11:44 [main] INFO  com.zaxxer.hikari.HikariDataSource - HikariPool-1 - Starting...
2026-04-28 16:11:44 [main] INFO  com.zaxxer.hikari.pool.HikariPool - HikariPool-1 - Added connection org.sqlite.jdbc4.JDBC4Connection@61001b64
2026-04-28 16:11:44 [main] INFO  com.zaxxer.hikari.HikariDataSource - HikariPool-1 - Start completed.
2026-04-28 16:11:44 [main] INFO  org.flywaydb.core.FlywayExecutor - Database: jdbc:sqlite:app.db (SQLite 3.50)
2026-04-28 16:11:44 [main] INFO  o.f.core.internal.command.DbValidate - Successfully validated 7 migrations (execution time 00:00.013s)
2026-04-28 16:11:44 [main] INFO  o.f.core.internal.command.DbMigrate - Current version of schema "main": 7
2026-04-28 16:11:44 [main] INFO  o.f.core.internal.command.DbMigrate - Schema "main" is up to date. No migration necessary.
2026-04-28 16:12:45 [main] INFO  com.zaxxer.hikari.HikariDataSource - HikariPool-1 - Starting...
2026-04-28 16:12:45 [main] INFO  com.zaxxer.hikari.pool.HikariPool - HikariPool-1 - Added connection org.sqlite.jdbc4.JDBC4Connection@61001b64
2026-04-28 16:12:45 [main] INFO  com.zaxxer.hikari.HikariDataSource - HikariPool-1 - Start completed.
2026-04-28 16:12:46 [main] INFO  org.flywaydb.core.FlywayExecutor - Database: jdbc:sqlite:app.db (SQLite 3.50)
2026-04-28 16:12:46 [main] INFO  o.f.core.internal.command.DbValidate - Successfully validated 7 migrations (execution time 00:00.014s)
2026-04-28 16:12:46 [main] INFO  o.f.core.internal.command.DbMigrate - Current version of schema "main": 7
2026-04-28 16:12:46 [main] INFO  o.f.core.internal.command.DbMigrate - Schema "main" is up to date. No migration necessary.
2026-04-28 16:13:38 [main] INFO  com.zaxxer.hikari.HikariDataSource - HikariPool-1 - Starting...
2026-04-28 16:13:38 [main] INFO  com.zaxxer.hikari.pool.HikariPool - HikariPool-1 - Added connection org.sqlite.jdbc4.JDBC4Connection@61001b64
2026-04-28 16:13:38 [main] INFO  com.zaxxer.hikari.HikariDataSource - HikariPool-1 - Start completed.
2026-04-28 16:13:38 [main] INFO  org.flywaydb.core.FlywayExecutor - Database: jdbc:sqlite:app.db (SQLite 3.50)
2026-04-28 16:13:38 [main] INFO  o.f.core.internal.command.DbValidate - Successfully validated 7 migrations (execution time 00:00.014s)
2026-04-28 16:13:38 [main] INFO  o.f.core.internal.command.DbMigrate - Current version of schema "main": 7
2026-04-28 16:13:38 [main] INFO  o.f.core.internal.command.DbMigrate - Schema "main" is up to date. No migration necessary.
2026-04-28 16:15:32 [main] INFO  com.zaxxer.hikari.HikariDataSource - HikariPool-1 - Starting...
2026-04-28 16:15:32 [main] INFO  com.zaxxer.hikari.pool.HikariPool - HikariPool-1 - Added connection org.sqlite.jdbc4.JDBC4Connection@61001b64
2026-04-28 16:15:32 [main] INFO  com.zaxxer.hikari.HikariDataSource - HikariPool-1 - Start completed.
2026-04-28 16:15:32 [main] INFO  org.flywaydb.core.FlywayExecutor - Database: jdbc:sqlite:app.db (SQLite 3.50)
2026-04-28 16:15:32 [main] INFO  o.f.core.internal.command.DbValidate - Successfully validated 7 migrations (execution time 00:00.013s)
2026-04-28 16:15:32 [main] INFO  o.f.core.internal.command.DbMigrate - Current version of schema "main": 7
2026-04-28 16:15:32 [main] INFO  o.f.core.internal.command.DbMigrate - Schema "main" is up to date. No migration necessary.
2026-04-28 16:16:47 [main] INFO  com.zaxxer.hikari.HikariDataSource - HikariPool-1 - Starting...
2026-04-28 16:16:47 [main] INFO  com.zaxxer.hikari.pool.HikariPool - HikariPool-1 - Added connection org.sqlite.jdbc4.JDBC4Connection@61001b64
2026-04-28 16:16:47 [main] INFO  com.zaxxer.hikari.HikariDataSource - HikariPool-1 - Start completed.
2026-04-28 16:16:47 [main] INFO  org.flywaydb.core.FlywayExecutor - Database: jdbc:sqlite:app.db (SQLite 3.50)
2026-04-28 16:16:47 [main] INFO  o.f.core.internal.command.DbValidate - Successfully validated 7 migrations (execution time 00:00.013s)
2026-04-28 16:16:47 [main] INFO  o.f.core.internal.command.DbMigrate - Current version of schema "main": 7
2026-04-28 16:16:47 [main] INFO  o.f.core.internal.command.DbMigrate - Schema "main" is up to date. No migration necessary.
2026-04-28 16:17:14 [main] INFO  com.zaxxer.hikari.HikariDataSource - HikariPool-1 - Starting...
2026-04-28 16:17:14 [main] INFO  com.zaxxer.hikari.pool.HikariPool - HikariPool-1 - Added connection org.sqlite.jdbc4.JDBC4Connection@61001b64
2026-04-28 16:17:14 [main] INFO  com.zaxxer.hikari.HikariDataSource - HikariPool-1 - Start completed.
2026-04-28 16:17:14 [main] INFO  org.flywaydb.core.FlywayExecutor - Database: jdbc:sqlite:app.db (SQLite 3.50)
2026-04-28 16:17:14 [main] INFO  o.f.core.internal.command.DbValidate - Successfully validated 7 migrations (execution time 00:00.014s)
2026-04-28 16:17:14 [main] INFO  o.f.core.internal.command.DbMigrate - Current version of schema "main": 7
2026-04-28 16:17:14 [main] INFO  o.f.core.internal.command.DbMigrate - Schema "main" is up to date. No migration necessary.
2026-04-28 16:18:31 [main] INFO  com.zaxxer.hikari.HikariDataSource - HikariPool-1 - Starting...
2026-04-28 16:18:31 [main] INFO  com.zaxxer.hikari.pool.HikariPool - HikariPool-1 - Added connection org.sqlite.jdbc4.JDBC4Connection@61001b64
2026-04-28 16:18:31 [main] INFO  com.zaxxer.hikari.HikariDataSource - HikariPool-1 - Start completed.
2026-04-28 16:18:31 [main] INFO  org.flywaydb.core.FlywayExecutor - Database: jdbc:sqlite:app.db (SQLite 3.50)
2026-04-28 16:18:31 [main] INFO  o.f.core.internal.command.DbValidate - Successfully validated 7 migrations (execution time 00:00.014s)
2026-04-28 16:18:31 [main] INFO  o.f.core.internal.command.DbMigrate - Current version of schema "main": 7
2026-04-28 16:18:31 [main] INFO  o.f.core.internal.command.DbMigrate - Schema "main" is up to date. No migration necessary.
2026-04-28 16:19:19 [main] INFO  com.zaxxer.hikari.HikariDataSource - HikariPool-1 - Starting...
2026-04-28 16:19:20 [main] INFO  com.zaxxer.hikari.pool.HikariPool - HikariPool-1 - Added connection org.sqlite.jdbc4.JDBC4Connection@61001b64
2026-04-28 16:19:20 [main] INFO  com.zaxxer.hikari.HikariDataSource - HikariPool-1 - Start completed.
2026-04-28 16:19:20 [main] INFO  org.flywaydb.core.FlywayExecutor - Database: jdbc:sqlite:app.db (SQLite 3.50)
2026-04-28 16:19:20 [main] INFO  o.f.core.internal.command.DbValidate - Successfully validated 7 migrations (execution time 00:00.013s)
2026-04-28 16:19:20 [main] INFO  o.f.core.internal.command.DbMigrate - Current version of schema "main": 7
2026-04-28 16:19:20 [main] INFO  o.f.core.internal.command.DbMigrate - Schema "main" is up to date. No migration necessary.
2026-04-28 16:19:42 [main] INFO  com.zaxxer.hikari.HikariDataSource - HikariPool-1 - Starting...
2026-04-28 16:19:43 [main] INFO  com.zaxxer.hikari.pool.HikariPool - HikariPool-1 - Added connection org.sqlite.jdbc4.JDBC4Connection@61001b64
2026-04-28 16:19:43 [main] INFO  com.zaxxer.hikari.HikariDataSource - HikariPool-1 - Start completed.
2026-04-28 16:19:43 [main] INFO  org.flywaydb.core.FlywayExecutor - Database: jdbc:sqlite:app.db (SQLite 3.50)
2026-04-28 16:19:43 [main] INFO  o.f.core.internal.command.DbValidate - Successfully validated 7 migrations (execution time 00:00.014s)
2026-04-28 16:19:43 [main] INFO  o.f.core.internal.command.DbMigrate - Current version of schema "main": 7
2026-04-28 16:19:43 [main] INFO  o.f.core.internal.command.DbMigrate - Schema "main" is up to date. No migration necessary.
2026-04-28 16:19:54 [main] INFO  com.zaxxer.hikari.HikariDataSource - HikariPool-1 - Starting...
2026-04-28 16:19:54 [main] INFO  com.zaxxer.hikari.pool.HikariPool - HikariPool-1 - Added connection org.sqlite.jdbc4.JDBC4Connection@61001b64
2026-04-28 16:19:54 [main] INFO  com.zaxxer.hikari.HikariDataSource - HikariPool-1 - Start completed.
2026-04-28 16:19:54 [main] INFO  org.flywaydb.core.FlywayExecutor - Database: jdbc:sqlite:app.db (SQLite 3.50)
2026-04-28 16:19:54 [main] INFO  o.f.core.internal.command.DbValidate - Successfully validated 7 migrations (execution time 00:00.014s)
2026-04-28 16:19:54 [main] INFO  o.f.core.internal.command.DbMigrate - Current version of schema "main": 7
2026-04-28 16:19:54 [main] INFO  o.f.core.internal.command.DbMigrate - Schema "main" is up to date. No migration necessary.
2026-04-28 16:21:57 [main] INFO  com.zaxxer.hikari.HikariDataSource - HikariPool-1 - Starting...
2026-04-28 16:21:58 [main] INFO  com.zaxxer.hikari.pool.HikariPool - HikariPool-1 - Added connection org.sqlite.jdbc4.JDBC4Connection@61001b64
2026-04-28 16:21:58 [main] INFO  com.zaxxer.hikari.HikariDataSource - HikariPool-1 - Start completed.
2026-04-28 16:21:58 [main] INFO  org.flywaydb.core.FlywayExecutor - Database: jdbc:sqlite:app.db (SQLite 3.50)
2026-04-28 16:21:58 [main] INFO  o.f.core.internal.command.DbValidate - Successfully validated 7 migrations (execution time 00:00.012s)
2026-04-28 16:21:58 [main] INFO  o.f.core.internal.command.DbMigrate - Current version of schema "main": 7
2026-04-28 16:21:58 [main] INFO  o.f.core.internal.command.DbMigrate - Schema "main" is up to date. No migration necessary.
2026-04-28 16:26:36 [main] INFO  com.zaxxer.hikari.HikariDataSource - HikariPool-1 - Starting...
2026-04-28 16:26:37 [main] INFO  com.zaxxer.hikari.pool.HikariPool - HikariPool-1 - Added connection org.sqlite.jdbc4.JDBC4Connection@61001b64
2026-04-28 16:26:37 [main] INFO  com.zaxxer.hikari.HikariDataSource - HikariPool-1 - Start completed.
2026-04-28 16:26:37 [main] INFO  org.flywaydb.core.FlywayExecutor - Database: jdbc:sqlite:app.db (SQLite 3.50)
2026-04-28 16:26:37 [main] INFO  o.f.core.internal.command.DbValidate - Successfully validated 7 migrations (execution time 00:00.013s)
2026-04-28 16:26:37 [main] INFO  o.f.core.internal.command.DbMigrate - Current version of schema "main": 7
2026-04-28 16:26:37 [main] INFO  o.f.core.internal.command.DbMigrate - Schema "main" is up to date. No migration necessary.
2026-04-28 16:31:26 [main] INFO  com.zaxxer.hikari.HikariDataSource - HikariPool-1 - Starting...
2026-04-28 16:31:26 [main] INFO  com.zaxxer.hikari.pool.HikariPool - HikariPool-1 - Added connection org.sqlite.jdbc4.JDBC4Connection@61001b64
2026-04-28 16:31:26 [main] INFO  com.zaxxer.hikari.HikariDataSource - HikariPool-1 - Start completed.
2026-04-28 16:31:26 [main] INFO  org.flywaydb.core.FlywayExecutor - Database: jdbc:sqlite:app.db (SQLite 3.50)
2026-04-28 16:31:26 [main] INFO  o.f.core.internal.command.DbValidate - Successfully validated 7 migrations (execution time 00:00.015s)
2026-04-28 16:31:26 [main] INFO  o.f.core.internal.command.DbMigrate - Current version of schema "main": 7
2026-04-28 16:31:26 [main] INFO  o.f.core.internal.command.DbMigrate - Schema "main" is up to date. No migration necessary.
2026-04-28 16:32:06 [main] INFO  com.zaxxer.hikari.HikariDataSource - HikariPool-1 - Starting...
2026-04-28 16:32:06 [main] INFO  com.zaxxer.hikari.pool.HikariPool - HikariPool-1 - Added connection org.sqlite.jdbc4.JDBC4Connection@61001b64
2026-04-28 16:32:06 [main] INFO  com.zaxxer.hikari.HikariDataSource - HikariPool-1 - Start completed.
2026-04-28 16:32:06 [main] INFO  org.flywaydb.core.FlywayExecutor - Database: jdbc:sqlite:app.db (SQLite 3.50)
2026-04-28 16:32:06 [main] INFO  o.f.core.internal.command.DbValidate - Successfully validated 7 migrations (execution time 00:00.014s)
2026-04-28 16:32:06 [main] INFO  o.f.core.internal.command.DbMigrate - Current version of schema "main": 7
2026-04-28 16:32:06 [main] INFO  o.f.core.internal.command.DbMigrate - Schema "main" is up to date. No migration necessary.
2026-04-29 16:22:41 [main] INFO  com.zaxxer.hikari.HikariDataSource - HikariPool-1 - Starting...
2026-04-29 16:22:42 [main] INFO  com.zaxxer.hikari.pool.HikariPool - HikariPool-1 - Added connection org.sqlite.jdbc4.JDBC4Connection@61001b64
2026-04-29 16:22:42 [main] INFO  com.zaxxer.hikari.HikariDataSource - HikariPool-1 - Start completed.
2026-04-29 16:22:42 [main] INFO  org.flywaydb.core.FlywayExecutor - Database: jdbc:sqlite:app.db (SQLite 3.50)
2026-04-29 16:22:42 [main] INFO  o.f.core.internal.command.DbValidate - Successfully validated 7 migrations (execution time 00:00.017s)
2026-04-29 16:22:42 [main] INFO  o.f.core.internal.command.DbMigrate - Current version of schema "main": 7
2026-04-29 16:22:42 [main] INFO  o.f.core.internal.command.DbMigrate - Schema "main" is up to date. No migration necessary.
2026-04-29 16:26:19 [main] INFO  com.zaxxer.hikari.HikariDataSource - HikariPool-1 - Starting...
2026-04-29 16:26:19 [main] INFO  com.zaxxer.hikari.pool.HikariPool - HikariPool-1 - Added connection org.sqlite.jdbc4.JDBC4Connection@61001b64
2026-04-29 16:26:19 [main] INFO  com.zaxxer.hikari.HikariDataSource - HikariPool-1 - Start completed.
2026-04-29 16:26:19 [main] INFO  org.flywaydb.core.FlywayExecutor - Database: jdbc:sqlite:app.db (SQLite 3.50)
2026-04-29 16:26:19 [main] INFO  o.f.core.internal.command.DbValidate - Successfully validated 7 migrations (execution time 00:00.013s)
2026-04-29 16:26:19 [main] INFO  o.f.core.internal.command.DbMigrate - Current version of schema "main": 7
2026-04-29 16:26:19 [main] INFO  o.f.core.internal.command.DbMigrate - Schema "main" is up to date. No migration necessary.
2026-04-29 16:42:00 [main] INFO  com.zaxxer.hikari.HikariDataSource - HikariPool-1 - Starting...
2026-04-29 16:42:00 [main] INFO  com.zaxxer.hikari.pool.HikariPool - HikariPool-1 - Added connection org.sqlite.jdbc4.JDBC4Connection@61001b64
2026-04-29 16:42:00 [main] INFO  com.zaxxer.hikari.HikariDataSource - HikariPool-1 - Start completed.
2026-04-29 16:42:00 [main] INFO  org.flywaydb.core.FlywayExecutor - Database: jdbc:sqlite:app.db (SQLite 3.50)
2026-04-29 16:42:00 [main] INFO  o.f.core.internal.command.DbValidate - Successfully validated 7 migrations (execution time 00:00.014s)
2026-04-29 16:42:00 [main] INFO  o.f.core.internal.command.DbMigrate - Current version of schema "main": 7
2026-04-29 16:42:00 [main] INFO  o.f.core.internal.command.DbMigrate - Schema "main" is up to date. No migration necessary.
2026-04-29 16:48:49 [main] INFO  com.zaxxer.hikari.HikariDataSource - HikariPool-1 - Starting...
2026-04-29 16:48:49 [main] INFO  com.zaxxer.hikari.pool.HikariPool - HikariPool-1 - Added connection org.sqlite.jdbc4.JDBC4Connection@61001b64
2026-04-29 16:48:49 [main] INFO  com.zaxxer.hikari.HikariDataSource - HikariPool-1 - Start completed.
2026-04-29 16:48:49 [main] INFO  org.flywaydb.core.FlywayExecutor - Database: jdbc:sqlite:app.db (SQLite 3.50)
2026-04-29 16:48:49 [main] INFO  o.f.core.internal.command.DbValidate - Successfully validated 7 migrations (execution time 00:00.014s)
2026-04-29 16:48:49 [main] INFO  o.f.core.internal.command.DbMigrate - Current version of schema "main": 7
2026-04-29 16:48:49 [main] INFO  o.f.core.internal.command.DbMigrate - Schema "main" is up to date. No migration necessary.
2026-04-29 16:50:38 [main] INFO  com.zaxxer.hikari.HikariDataSource - HikariPool-1 - Starting...
2026-04-29 16:50:38 [main] INFO  com.zaxxer.hikari.pool.HikariPool - HikariPool-1 - Added connection org.sqlite.jdbc4.JDBC4Connection@61001b64
2026-04-29 16:50:38 [main] INFO  com.zaxxer.hikari.HikariDataSource - HikariPool-1 - Start completed.
2026-04-29 16:50:38 [main] INFO  org.flywaydb.core.FlywayExecutor - Database: jdbc:sqlite:app.db (SQLite 3.50)
2026-04-29 16:50:38 [main] INFO  o.f.core.internal.command.DbValidate - Successfully validated 7 migrations (execution time 00:00.015s)
2026-04-29 16:50:38 [main] INFO  o.f.core.internal.command.DbMigrate - Current version of schema "main": 7
2026-04-29 16:50:38 [main] INFO  o.f.core.internal.command.DbMigrate - Schema "main" is up to date. No migration necessary.
2026-04-29 16:52:42 [main] INFO  com.zaxxer.hikari.HikariDataSource - HikariPool-1 - Starting...
2026-04-29 16:52:42 [main] INFO  com.zaxxer.hikari.pool.HikariPool - HikariPool-1 - Added connection org.sqlite.jdbc4.JDBC4Connection@61001b64
2026-04-29 16:52:42 [main] INFO  com.zaxxer.hikari.HikariDataSource - HikariPool-1 - Start completed.
2026-04-29 16:52:42 [main] INFO  org.flywaydb.core.FlywayExecutor - Database: jdbc:sqlite:app.db (SQLite 3.50)
2026-04-29 16:52:42 [main] INFO  o.f.core.internal.command.DbValidate - Successfully validated 7 migrations (execution time 00:00.014s)
2026-04-29 16:52:42 [main] INFO  o.f.core.internal.command.DbMigrate - Current version of schema "main": 7
2026-04-29 16:52:42 [main] INFO  o.f.core.internal.command.DbMigrate - Schema "main" is up to date. No migration necessary.
2026-04-29 16:53:25 [main] INFO  com.zaxxer.hikari.HikariDataSource - HikariPool-1 - Starting...
2026-04-29 16:53:26 [main] INFO  com.zaxxer.hikari.pool.HikariPool - HikariPool-1 - Added connection org.sqlite.jdbc4.JDBC4Connection@2eea88a1
2026-04-29 16:53:26 [main] INFO  com.zaxxer.hikari.HikariDataSource - HikariPool-1 - Start completed.
2026-04-29 16:53:26 [main] INFO  org.flywaydb.core.FlywayExecutor - Database: jdbc:sqlite:app.db (SQLite 3.50)
2026-04-29 16:53:26 [main] INFO  o.f.core.internal.command.DbValidate - Successfully validated 7 migrations (execution time 00:00.020s)
2026-04-29 16:53:26 [main] INFO  o.f.core.internal.command.DbMigrate - Current version of schema "main": 7
2026-04-29 16:53:26 [main] INFO  o.f.core.internal.command.DbMigrate - Schema "main" is up to date. No migration necessary.
2026-04-29 16:57:24 [main] INFO  com.zaxxer.hikari.HikariDataSource - HikariPool-1 - Starting...
2026-04-29 16:57:24 [main] INFO  com.zaxxer.hikari.pool.HikariPool - HikariPool-1 - Added connection org.sqlite.jdbc4.JDBC4Connection@61001b64
2026-04-29 16:57:24 [main] INFO  com.zaxxer.hikari.HikariDataSource - HikariPool-1 - Start completed.
2026-04-29 16:57:24 [main] INFO  org.flywaydb.core.FlywayExecutor - Database: jdbc:sqlite:app.db (SQLite 3.50)
2026-04-29 16:57:24 [main] INFO  o.f.core.internal.command.DbValidate - Successfully validated 7 migrations (execution time 00:00.013s)
2026-04-29 16:57:24 [main] INFO  o.f.core.internal.command.DbMigrate - Current version of schema "main": 7
2026-04-29 16:57:24 [main] INFO  o.f.core.internal.command.DbMigrate - Schema "main" is up to date. No migration necessary.
2026-04-29 16:58:12 [main] INFO  com.zaxxer.hikari.HikariDataSource - HikariPool-1 - Starting...
2026-04-29 16:58:12 [main] INFO  com.zaxxer.hikari.pool.HikariPool - HikariPool-1 - Added connection org.sqlite.jdbc4.JDBC4Connection@61001b64
2026-04-29 16:58:12 [main] INFO  com.zaxxer.hikari.HikariDataSource - HikariPool-1 - Start completed.
2026-04-29 16:58:12 [main] INFO  org.flywaydb.core.FlywayExecutor - Database: jdbc:sqlite:app.db (SQLite 3.50)
2026-04-29 16:58:12 [main] INFO  o.f.core.internal.command.DbValidate - Successfully validated 7 migrations (execution time 00:00.013s)
2026-04-29 16:58:12 [main] INFO  o.f.core.internal.command.DbMigrate - Current version of schema "main": 7
2026-04-29 16:58:12 [main] INFO  o.f.core.internal.command.DbMigrate - Schema "main" is up to date. No migration necessary.
2026-04-29 16:58:54 [main] INFO  com.zaxxer.hikari.HikariDataSource - HikariPool-1 - Starting...
2026-04-29 16:58:54 [main] INFO  com.zaxxer.hikari.pool.HikariPool - HikariPool-1 - Added connection org.sqlite.jdbc4.JDBC4Connection@61001b64
2026-04-29 16:58:54 [main] INFO  com.zaxxer.hikari.HikariDataSource - HikariPool-1 - Start completed.
2026-04-29 16:58:54 [main] INFO  org.flywaydb.core.FlywayExecutor - Database: jdbc:sqlite:app.db (SQLite 3.50)
2026-04-29 16:58:54 [main] INFO  o.f.core.internal.command.DbValidate - Successfully validated 7 migrations (execution time 00:00.014s)
2026-04-29 16:58:54 [main] INFO  o.f.core.internal.command.DbMigrate - Current version of schema "main": 7
2026-04-29 16:58:54 [main] INFO  o.f.core.internal.command.DbMigrate - Schema "main" is up to date. No migration necessary.
2026-04-29 16:59:22 [main] INFO  com.zaxxer.hikari.HikariDataSource - HikariPool-1 - Starting...
2026-04-29 16:59:22 [main] INFO  com.zaxxer.hikari.pool.HikariPool - HikariPool-1 - Added connection org.sqlite.jdbc4.JDBC4Connection@61001b64
2026-04-29 16:59:22 [main] INFO  com.zaxxer.hikari.HikariDataSource - HikariPool-1 - Start completed.
2026-04-29 16:59:22 [main] INFO  org.flywaydb.core.FlywayExecutor - Database: jdbc:sqlite:app.db (SQLite 3.50)
2026-04-29 16:59:22 [main] INFO  o.f.core.internal.command.DbValidate - Successfully validated 7 migrations (execution time 00:00.014s)
2026-04-29 16:59:22 [main] INFO  o.f.core.internal.command.DbMigrate - Current version of schema "main": 7
2026-04-29 16:59:22 [main] INFO  o.f.core.internal.command.DbMigrate - Schema "main" is up to date. No migration necessary.
2026-04-29 17:00:55 [main] INFO  com.zaxxer.hikari.HikariDataSource - HikariPool-1 - Starting...
2026-04-29 17:00:55 [main] INFO  com.zaxxer.hikari.pool.HikariPool - HikariPool-1 - Added connection org.sqlite.jdbc4.JDBC4Connection@61001b64
2026-04-29 17:00:55 [main] INFO  com.zaxxer.hikari.HikariDataSource - HikariPool-1 - Start completed.
2026-04-29 17:00:55 [main] INFO  org.flywaydb.core.FlywayExecutor - Database: jdbc:sqlite:app.db (SQLite 3.50)
2026-04-29 17:00:55 [main] INFO  o.f.core.internal.command.DbValidate - Successfully validated 7 migrations (execution time 00:00.015s)
2026-04-29 17:00:55 [main] INFO  o.f.core.internal.command.DbMigrate - Current version of schema "main": 7
2026-04-29 17:00:55 [main] INFO  o.f.core.internal.command.DbMigrate - Schema "main" is up to date. No migration necessary.
2026-04-29 17:01:54 [main] INFO  com.zaxxer.hikari.HikariDataSource - HikariPool-1 - Starting...
2026-04-29 17:01:54 [main] INFO  com.zaxxer.hikari.pool.HikariPool - HikariPool-1 - Added connection org.sqlite.jdbc4.JDBC4Connection@61001b64
2026-04-29 17:01:54 [main] INFO  com.zaxxer.hikari.HikariDataSource - HikariPool-1 - Start completed.
2026-04-29 17:01:55 [main] INFO  org.flywaydb.core.FlywayExecutor - Database: jdbc:sqlite:app.db (SQLite 3.50)
2026-04-29 17:01:55 [main] INFO  o.f.core.internal.command.DbValidate - Successfully validated 7 migrations (execution time 00:00.014s)
2026-04-29 17:01:55 [main] INFO  o.f.core.internal.command.DbMigrate - Current version of schema "main": 7
2026-04-29 17:01:55 [main] INFO  o.f.core.internal.command.DbMigrate - Schema "main" is up to date. No migration necessary.
2026-04-29 17:22:48 [main] INFO  com.zaxxer.hikari.HikariDataSource - HikariPool-1 - Starting...
2026-04-29 17:22:49 [main] INFO  com.zaxxer.hikari.pool.HikariPool - HikariPool-1 - Added connection org.sqlite.jdbc4.JDBC4Connection@61001b64
2026-04-29 17:22:49 [main] INFO  com.zaxxer.hikari.HikariDataSource - HikariPool-1 - Start completed.
2026-04-29 17:22:49 [main] INFO  org.flywaydb.core.FlywayExecutor - Database: jdbc:sqlite:app.db (SQLite 3.50)
2026-04-29 17:22:49 [main] INFO  o.f.core.internal.command.DbValidate - Successfully validated 7 migrations (execution time 00:00.014s)
2026-04-29 17:22:49 [main] INFO  o.f.core.internal.command.DbMigrate - Current version of schema "main": 7
2026-04-29 17:22:49 [main] INFO  o.f.core.internal.command.DbMigrate - Schema "main" is up to date. No migration necessary.
2026-04-29 17:25:40 [main] INFO  com.zaxxer.hikari.HikariDataSource - HikariPool-1 - Starting...
2026-04-29 17:25:40 [main] INFO  com.zaxxer.hikari.pool.HikariPool - HikariPool-1 - Added connection org.sqlite.jdbc4.JDBC4Connection@61001b64
2026-04-29 17:25:40 [main] INFO  com.zaxxer.hikari.HikariDataSource - HikariPool-1 - Start completed.
2026-04-29 17:25:41 [main] INFO  org.flywaydb.core.FlywayExecutor - Database: jdbc:sqlite:app.db (SQLite 3.50)
2026-04-29 17:25:41 [main] INFO  o.f.core.internal.command.DbValidate - Successfully validated 7 migrations (execution time 00:00.014s)
2026-04-29 17:25:41 [main] INFO  o.f.core.internal.command.DbMigrate - Current version of schema "main": 7
2026-04-29 17:25:41 [main] INFO  o.f.core.internal.command.DbMigrate - Schema "main" is up to date. No migration necessary.
2026-04-29 17:28:58 [main] INFO  com.zaxxer.hikari.HikariDataSource - HikariPool-1 - Starting...
2026-04-29 17:28:58 [main] INFO  com.zaxxer.hikari.pool.HikariPool - HikariPool-1 - Added connection org.sqlite.jdbc4.JDBC4Connection@61001b64
2026-04-29 17:28:58 [main] INFO  com.zaxxer.hikari.HikariDataSource - HikariPool-1 - Start completed.
2026-04-29 17:28:58 [main] INFO  org.flywaydb.core.FlywayExecutor - Database: jdbc:sqlite:app.db (SQLite 3.50)
2026-04-29 17:28:58 [main] INFO  o.f.core.internal.command.DbValidate - Successfully validated 7 migrations (execution time 00:00.013s)
2026-04-29 17:28:58 [main] INFO  o.f.core.internal.command.DbMigrate - Current version of schema "main": 7
2026-04-29 17:28:58 [main] INFO  o.f.core.internal.command.DbMigrate - Schema "main" is up to date. No migration necessary.
2026-04-29 17:46:25 [main] INFO  com.zaxxer.hikari.HikariDataSource - HikariPool-1 - Starting...
2026-04-29 17:46:25 [main] INFO  com.zaxxer.hikari.pool.HikariPool - HikariPool-1 - Added connection org.sqlite.jdbc4.JDBC4Connection@61001b64
2026-04-29 17:46:25 [main] INFO  com.zaxxer.hikari.HikariDataSource - HikariPool-1 - Start completed.
2026-04-29 17:46:25 [main] INFO  org.flywaydb.core.FlywayExecutor - Database: jdbc:sqlite:app.db (SQLite 3.50)
2026-04-29 17:46:25 [main] INFO  o.f.core.internal.command.DbValidate - Successfully validated 7 migrations (execution time 00:00.016s)
2026-04-29 17:46:25 [main] INFO  o.f.core.internal.command.DbMigrate - Current version of schema "main": 7
2026-04-29 17:46:25 [main] INFO  o.f.core.internal.command.DbMigrate - Schema "main" is up to date. No migration necessary.
2026-04-29 17:51:49 [main] INFO  com.zaxxer.hikari.HikariDataSource - HikariPool-1 - Starting...
2026-04-29 17:51:49 [main] INFO  com.zaxxer.hikari.pool.HikariPool - HikariPool-1 - Added connection org.sqlite.jdbc4.JDBC4Connection@61001b64
2026-04-29 17:51:49 [main] INFO  com.zaxxer.hikari.HikariDataSource - HikariPool-1 - Start completed.
2026-04-29 17:51:49 [main] INFO  org.flywaydb.core.FlywayExecutor - Database: jdbc:sqlite:app.db (SQLite 3.50)
2026-04-29 17:51:49 [main] INFO  o.f.core.internal.command.DbValidate - Successfully validated 7 migrations (execution time 00:00.014s)
2026-04-29 17:51:49 [main] INFO  o.f.core.internal.command.DbMigrate - Current version of schema "main": 7
2026-04-29 17:51:49 [main] INFO  o.f.core.internal.command.DbMigrate - Schema "main" is up to date. No migration necessary.
2026-04-29 17:55:34 [main] INFO  com.zaxxer.hikari.HikariDataSource - HikariPool-1 - Starting...
2026-04-29 17:55:34 [main] INFO  com.zaxxer.hikari.pool.HikariPool - HikariPool-1 - Added connection org.sqlite.jdbc4.JDBC4Connection@61001b64
2026-04-29 17:55:34 [main] INFO  com.zaxxer.hikari.HikariDataSource - HikariPool-1 - Start completed.
2026-04-29 17:55:35 [main] INFO  org.flywaydb.core.FlywayExecutor - Database: jdbc:sqlite:app.db (SQLite 3.50)
2026-04-29 17:55:35 [main] INFO  o.f.core.internal.command.DbValidate - Successfully validated 7 migrations (execution time 00:00.013s)
2026-04-29 17:55:35 [main] INFO  o.f.core.internal.command.DbMigrate - Current version of schema "main": 7
2026-04-29 17:55:35 [main] INFO  o.f.core.internal.command.DbMigrate - Schema "main" is up to date. No migration necessary.
2026-04-29 17:57:56 [main] INFO  com.zaxxer.hikari.HikariDataSource - HikariPool-1 - Starting...
2026-04-29 17:57:56 [main] INFO  com.zaxxer.hikari.pool.HikariPool - HikariPool-1 - Added connection org.sqlite.jdbc4.JDBC4Connection@61001b64
2026-04-29 17:57:56 [main] INFO  com.zaxxer.hikari.HikariDataSource - HikariPool-1 - Start completed.
2026-04-29 17:57:56 [main] INFO  org.flywaydb.core.FlywayExecutor - Database: jdbc:sqlite:app.db (SQLite 3.50)
2026-04-29 17:57:56 [main] INFO  o.f.core.internal.command.DbValidate - Successfully validated 7 migrations (execution time 00:00.015s)
2026-04-29 17:57:56 [main] INFO  o.f.core.internal.command.DbMigrate - Current version of schema "main": 7
2026-04-29 17:57:56 [main] INFO  o.f.core.internal.command.DbMigrate - Schema "main" is up to date. No migration necessary.
2026-05-04 14:43:33 [main] INFO  com.zaxxer.hikari.HikariDataSource - HikariPool-1 - Starting...
2026-05-04 14:43:33 [main] INFO  com.zaxxer.hikari.pool.HikariPool - HikariPool-1 - Added connection org.sqlite.jdbc4.JDBC4Connection@61001b64
2026-05-04 14:43:33 [main] INFO  com.zaxxer.hikari.HikariDataSource - HikariPool-1 - Start completed.
2026-05-04 14:43:33 [main] INFO  org.flywaydb.core.FlywayExecutor - Database: jdbc:sqlite:app.db (SQLite 3.50)
2026-05-04 14:43:33 [main] INFO  o.f.core.internal.command.DbValidate - Successfully validated 7 migrations (execution time 00:00.019s)
2026-05-04 14:43:33 [main] INFO  o.f.core.internal.command.DbMigrate - Current version of schema "main": 7
2026-05-04 14:43:33 [main] INFO  o.f.core.internal.command.DbMigrate - Schema "main" is up to date. No migration necessary.
2026-05-04 14:44:11 [main] INFO  com.zaxxer.hikari.HikariDataSource - HikariPool-1 - Starting...
2026-05-04 14:44:11 [main] INFO  com.zaxxer.hikari.pool.HikariPool - HikariPool-1 - Added connection org.sqlite.jdbc4.JDBC4Connection@61001b64
2026-05-04 14:44:11 [main] INFO  com.zaxxer.hikari.HikariDataSource - HikariPool-1 - Start completed.
2026-05-04 14:44:11 [main] INFO  org.flywaydb.core.FlywayExecutor - Database: jdbc:sqlite:app.db (SQLite 3.50)
2026-05-04 14:44:11 [main] INFO  o.f.core.internal.command.DbValidate - Successfully validated 7 migrations (execution time 00:00.014s)
2026-05-04 14:44:11 [main] INFO  o.f.core.internal.command.DbMigrate - Current version of schema "main": 7
2026-05-04 14:44:11 [main] INFO  o.f.core.internal.command.DbMigrate - Schema "main" is up to date. No migration necessary.
2026-05-04 14:49:41 [main] INFO  com.zaxxer.hikari.HikariDataSource - HikariPool-1 - Starting...
2026-05-04 14:49:41 [main] INFO  com.zaxxer.hikari.pool.HikariPool - HikariPool-1 - Added connection org.sqlite.jdbc4.JDBC4Connection@61001b64
2026-05-04 14:49:41 [main] INFO  com.zaxxer.hikari.HikariDataSource - HikariPool-1 - Start completed.
2026-05-04 14:49:41 [main] INFO  org.flywaydb.core.FlywayExecutor - Database: jdbc:sqlite:app.db (SQLite 3.50)
2026-05-04 14:49:41 [main] INFO  o.f.core.internal.command.DbValidate - Successfully validated 7 migrations (execution time 00:00.014s)
2026-05-04 14:49:41 [main] INFO  o.f.core.internal.command.DbMigrate - Current version of schema "main": 7
2026-05-04 14:49:41 [main] INFO  o.f.core.internal.command.DbMigrate - Schema "main" is up to date. No migration necessary.
2026-05-04 14:49:49 [main] INFO  com.zaxxer.hikari.HikariDataSource - HikariPool-1 - Starting...
2026-05-04 14:49:49 [main] INFO  com.zaxxer.hikari.pool.HikariPool - HikariPool-1 - Added connection org.sqlite.jdbc4.JDBC4Connection@61001b64
2026-05-04 14:49:49 [main] INFO  com.zaxxer.hikari.HikariDataSource - HikariPool-1 - Start completed.
2026-05-04 14:49:50 [main] INFO  org.flywaydb.core.FlywayExecutor - Database: jdbc:sqlite:app.db (SQLite 3.50)
2026-05-04 14:49:50 [main] INFO  o.f.core.internal.command.DbValidate - Successfully validated 7 migrations (execution time 00:00.014s)
2026-05-04 14:49:50 [main] INFO  o.f.core.internal.command.DbMigrate - Current version of schema "main": 7
2026-05-04 14:49:50 [main] INFO  o.f.core.internal.command.DbMigrate - Schema "main" is up to date. No migration necessary.
2026-05-04 14:50:11 [main] INFO  com.zaxxer.hikari.HikariDataSource - HikariPool-1 - Starting...
2026-05-04 14:50:11 [main] INFO  com.zaxxer.hikari.pool.HikariPool - HikariPool-1 - Added connection org.sqlite.jdbc4.JDBC4Connection@61001b64
2026-05-04 14:50:11 [main] INFO  com.zaxxer.hikari.HikariDataSource - HikariPool-1 - Start completed.
2026-05-04 14:50:12 [main] INFO  org.flywaydb.core.FlywayExecutor - Database: jdbc:sqlite:app.db (SQLite 3.50)
2026-05-04 14:50:12 [main] INFO  o.f.core.internal.command.DbValidate - Successfully validated 7 migrations (execution time 00:00.013s)
2026-05-04 14:50:12 [main] INFO  o.f.core.internal.command.DbMigrate - Current version of schema "main": 7
2026-05-04 14:50:12 [main] INFO  o.f.core.internal.command.DbMigrate - Schema "main" is up to date. No migration necessary.
2026-05-04 14:50:21 [main] INFO  com.zaxxer.hikari.HikariDataSource - HikariPool-1 - Starting...
2026-05-04 14:50:21 [main] INFO  com.zaxxer.hikari.pool.HikariPool - HikariPool-1 - Added connection org.sqlite.jdbc4.JDBC4Connection@61001b64
2026-05-04 14:50:21 [main] INFO  com.zaxxer.hikari.HikariDataSource - HikariPool-1 - Start completed.
2026-05-04 14:50:21 [main] INFO  org.flywaydb.core.FlywayExecutor - Database: jdbc:sqlite:app.db (SQLite 3.50)
2026-05-04 14:50:21 [main] INFO  o.f.core.internal.command.DbValidate - Successfully validated 7 migrations (execution time 00:00.014s)
2026-05-04 14:50:21 [main] INFO  o.f.core.internal.command.DbMigrate - Current version of schema "main": 7
2026-05-04 14:50:21 [main] INFO  o.f.core.internal.command.DbMigrate - Schema "main" is up to date. No migration necessary.
2026-05-04 14:50:35 [main] INFO  com.zaxxer.hikari.HikariDataSource - HikariPool-1 - Starting...
2026-05-04 14:50:35 [main] INFO  com.zaxxer.hikari.pool.HikariPool - HikariPool-1 - Added connection org.sqlite.jdbc4.JDBC4Connection@61001b64
2026-05-04 14:50:35 [main] INFO  com.zaxxer.hikari.HikariDataSource - HikariPool-1 - Start completed.
2026-05-04 14:50:35 [main] INFO  org.flywaydb.core.FlywayExecutor - Database: jdbc:sqlite:app.db (SQLite 3.50)
2026-05-04 14:50:35 [main] INFO  o.f.core.internal.command.DbValidate - Successfully validated 7 migrations (execution time 00:00.014s)
2026-05-04 14:50:35 [main] INFO  o.f.core.internal.command.DbMigrate - Current version of schema "main": 7
2026-05-04 14:50:35 [main] INFO  o.f.core.internal.command.DbMigrate - Schema "main" is up to date. No migration necessary.
2026-05-04 14:51:17 [main] INFO  com.zaxxer.hikari.HikariDataSource - HikariPool-1 - Starting...
2026-05-04 14:51:17 [main] INFO  com.zaxxer.hikari.pool.HikariPool - HikariPool-1 - Added connection org.sqlite.jdbc4.JDBC4Connection@61001b64
2026-05-04 14:51:17 [main] INFO  com.zaxxer.hikari.HikariDataSource - HikariPool-1 - Start completed.
2026-05-04 14:51:17 [main] INFO  org.flywaydb.core.FlywayExecutor - Database: jdbc:sqlite:app.db (SQLite 3.50)
2026-05-04 14:51:17 [main] INFO  o.f.core.internal.command.DbValidate - Successfully validated 7 migrations (execution time 00:00.014s)
2026-05-04 14:51:17 [main] INFO  o.f.core.internal.command.DbMigrate - Current version of schema "main": 7
2026-05-04 14:51:17 [main] INFO  o.f.core.internal.command.DbMigrate - Schema "main" is up to date. No migration necessary.
2026-05-04 14:51:37 [main] INFO  com.zaxxer.hikari.HikariDataSource - HikariPool-1 - Starting...
2026-05-04 14:51:37 [main] INFO  com.zaxxer.hikari.pool.HikariPool - HikariPool-1 - Added connection org.sqlite.jdbc4.JDBC4Connection@61001b64
2026-05-04 14:51:37 [main] INFO  com.zaxxer.hikari.HikariDataSource - HikariPool-1 - Start completed.
2026-05-04 14:51:37 [main] INFO  org.flywaydb.core.FlywayExecutor - Database: jdbc:sqlite:app.db (SQLite 3.50)
2026-05-04 14:51:37 [main] INFO  o.f.core.internal.command.DbValidate - Successfully validated 7 migrations (execution time 00:00.012s)
2026-05-04 14:51:37 [main] INFO  o.f.core.internal.command.DbMigrate - Current version of schema "main": 7
2026-05-04 14:51:37 [main] INFO  o.f.core.internal.command.DbMigrate - Schema "main" is up to date. No migration necessary.
2026-05-04 14:53:23 [main] INFO  com.zaxxer.hikari.HikariDataSource - HikariPool-1 - Starting...
2026-05-04 14:53:23 [main] INFO  com.zaxxer.hikari.pool.HikariPool - HikariPool-1 - Added connection org.sqlite.jdbc4.JDBC4Connection@61001b64
2026-05-04 14:53:23 [main] INFO  com.zaxxer.hikari.HikariDataSource - HikariPool-1 - Start completed.
2026-05-04 14:53:23 [main] INFO  org.flywaydb.core.FlywayExecutor - Database: jdbc:sqlite:app.db (SQLite 3.50)
2026-05-04 14:53:23 [main] INFO  o.f.core.internal.command.DbValidate - Successfully validated 7 migrations (execution time 00:00.015s)
2026-05-04 14:53:23 [main] INFO  o.f.core.internal.command.DbMigrate - Current version of schema "main": 7
2026-05-04 14:53:23 [main] INFO  o.f.core.internal.command.DbMigrate - Schema "main" is up to date. No migration necessary.
2026-05-04 14:56:54 [main] INFO  com.zaxxer.hikari.HikariDataSource - HikariPool-1 - Starting...
2026-05-04 14:56:54 [main] INFO  com.zaxxer.hikari.pool.HikariPool - HikariPool-1 - Added connection org.sqlite.jdbc4.JDBC4Connection@61001b64
2026-05-04 14:56:54 [main] INFO  com.zaxxer.hikari.HikariDataSource - HikariPool-1 - Start completed.
2026-05-04 14:56:54 [main] INFO  org.flywaydb.core.FlywayExecutor - Database: jdbc:sqlite:app.db (SQLite 3.50)
2026-05-04 14:56:54 [main] INFO  o.f.core.internal.command.DbValidate - Successfully validated 7 migrations (execution time 00:00.014s)
2026-05-04 14:56:54 [main] INFO  o.f.core.internal.command.DbMigrate - Current version of schema "main": 7
2026-05-04 14:56:54 [main] INFO  o.f.core.internal.command.DbMigrate - Schema "main" is up to date. No migration necessary.
2026-05-04 14:57:11 [main] INFO  com.zaxxer.hikari.HikariDataSource - HikariPool-1 - Starting...
2026-05-04 14:57:11 [main] INFO  com.zaxxer.hikari.pool.HikariPool - HikariPool-1 - Added connection org.sqlite.jdbc4.JDBC4Connection@61001b64
2026-05-04 14:57:11 [main] INFO  com.zaxxer.hikari.HikariDataSource - HikariPool-1 - Start completed.
2026-05-04 14:57:11 [main] INFO  org.flywaydb.core.FlywayExecutor - Database: jdbc:sqlite:app.db (SQLite 3.50)
2026-05-04 14:57:11 [main] INFO  o.f.core.internal.command.DbValidate - Successfully validated 7 migrations (execution time 00:00.014s)
2026-05-04 14:57:11 [main] INFO  o.f.core.internal.command.DbMigrate - Current version of schema "main": 7
2026-05-04 14:57:11 [main] INFO  o.f.core.internal.command.DbMigrate - Schema "main" is up to date. No migration necessary.
2026-05-04 14:57:55 [main] INFO  com.zaxxer.hikari.HikariDataSource - HikariPool-1 - Starting...
2026-05-04 14:57:55 [main] INFO  com.zaxxer.hikari.pool.HikariPool - HikariPool-1 - Added connection org.sqlite.jdbc4.JDBC4Connection@61001b64
2026-05-04 14:57:55 [main] INFO  com.zaxxer.hikari.HikariDataSource - HikariPool-1 - Start completed.
2026-05-04 14:57:55 [main] INFO  org.flywaydb.core.FlywayExecutor - Database: jdbc:sqlite:app.db (SQLite 3.50)
2026-05-04 14:57:55 [main] INFO  o.f.core.internal.command.DbValidate - Successfully validated 7 migrations (execution time 00:00.013s)
2026-05-04 14:57:55 [main] INFO  o.f.core.internal.command.DbMigrate - Current version of schema "main": 7
2026-05-04 14:57:55 [main] INFO  o.f.core.internal.command.DbMigrate - Schema "main" is up to date. No migration necessary.
2026-05-04 14:58:14 [main] INFO  com.zaxxer.hikari.HikariDataSource - HikariPool-1 - Starting...
2026-05-04 14:58:14 [main] INFO  com.zaxxer.hikari.pool.HikariPool - HikariPool-1 - Added connection org.sqlite.jdbc4.JDBC4Connection@61001b64
2026-05-04 14:58:14 [main] INFO  com.zaxxer.hikari.HikariDataSource - HikariPool-1 - Start completed.
2026-05-04 14:58:14 [main] INFO  org.flywaydb.core.FlywayExecutor - Database: jdbc:sqlite:app.db (SQLite 3.50)
2026-05-04 14:58:14 [main] INFO  o.f.core.internal.command.DbValidate - Successfully validated 7 migrations (execution time 00:00.014s)
2026-05-04 14:58:14 [main] INFO  o.f.core.internal.command.DbMigrate - Current version of schema "main": 7
2026-05-04 14:58:14 [main] INFO  o.f.core.internal.command.DbMigrate - Schema "main" is up to date. No migration necessary.
2026-05-04 15:03:02 [main] INFO  com.zaxxer.hikari.HikariDataSource - HikariPool-1 - Starting...
2026-05-04 15:03:02 [main] INFO  com.zaxxer.hikari.pool.HikariPool - HikariPool-1 - Added connection org.sqlite.jdbc4.JDBC4Connection@61001b64
2026-05-04 15:03:02 [main] INFO  com.zaxxer.hikari.HikariDataSource - HikariPool-1 - Start completed.
2026-05-04 15:03:02 [main] INFO  org.flywaydb.core.FlywayExecutor - Database: jdbc:sqlite:app.db (SQLite 3.50)
2026-05-04 15:03:02 [main] INFO  o.f.core.internal.command.DbValidate - Successfully validated 7 migrations (execution time 00:00.015s)
2026-05-04 15:03:02 [main] INFO  o.f.core.internal.command.DbMigrate - Current version of schema "main": 7
2026-05-04 15:03:02 [main] INFO  o.f.core.internal.command.DbMigrate - Schema "main" is up to date. No migration necessary.
2026-05-05 15:43:24 [main] INFO  com.zaxxer.hikari.HikariDataSource - HikariPool-1 - Starting...
2026-05-05 15:43:24 [main] INFO  com.zaxxer.hikari.pool.HikariPool - HikariPool-1 - Added connection org.sqlite.jdbc4.JDBC4Connection@61001b64
2026-05-05 15:43:24 [main] INFO  com.zaxxer.hikari.HikariDataSource - HikariPool-1 - Start completed.
2026-05-05 15:43:24 [main] INFO  org.flywaydb.core.FlywayExecutor - Database: jdbc:sqlite:app.db (SQLite 3.50)
2026-05-05 15:43:24 [main] INFO  o.f.core.internal.command.DbValidate - Successfully validated 7 migrations (execution time 00:00.020s)
2026-05-05 15:43:24 [main] INFO  o.f.core.internal.command.DbMigrate - Current version of schema "main": 7
2026-05-05 15:43:24 [main] INFO  o.f.core.internal.command.DbMigrate - Schema "main" is up to date. No migration necessary.
2026-05-05 15:44:15 [main] INFO  com.zaxxer.hikari.HikariDataSource - HikariPool-1 - Starting...
2026-05-05 15:44:15 [main] INFO  com.zaxxer.hikari.pool.HikariPool - HikariPool-1 - Added connection org.sqlite.jdbc4.JDBC4Connection@61001b64
2026-05-05 15:44:15 [main] INFO  com.zaxxer.hikari.HikariDataSource - HikariPool-1 - Start completed.
2026-05-05 15:44:15 [main] INFO  org.flywaydb.core.FlywayExecutor - Database: jdbc:sqlite:app.db (SQLite 3.50)
2026-05-05 15:44:15 [main] INFO  o.f.core.internal.command.DbValidate - Successfully validated 7 migrations (execution time 00:00.013s)
2026-05-05 15:44:15 [main] INFO  o.f.core.internal.command.DbMigrate - Current version of schema "main": 7
2026-05-05 15:44:15 [main] INFO  o.f.core.internal.command.DbMigrate - Schema "main" is up to date. No migration necessary.
2026-05-05 15:47:40 [main] INFO  com.zaxxer.hikari.HikariDataSource - HikariPool-1 - Starting...
2026-05-05 15:47:40 [main] INFO  com.zaxxer.hikari.pool.HikariPool - HikariPool-1 - Added connection org.sqlite.jdbc4.JDBC4Connection@61001b64
2026-05-05 15:47:40 [main] INFO  com.zaxxer.hikari.HikariDataSource - HikariPool-1 - Start completed.
2026-05-05 15:47:40 [main] INFO  org.flywaydb.core.FlywayExecutor - Database: jdbc:sqlite:app.db (SQLite 3.50)
2026-05-05 15:47:40 [main] INFO  o.f.core.internal.command.DbValidate - Successfully validated 7 migrations (execution time 00:00.014s)
2026-05-05 15:47:40 [main] INFO  o.f.core.internal.command.DbMigrate - Current version of schema "main": 7
2026-05-05 15:47:40 [main] INFO  o.f.core.internal.command.DbMigrate - Schema "main" is up to date. No migration necessary.
2026-05-05 15:48:20 [main] INFO  com.zaxxer.hikari.HikariDataSource - HikariPool-1 - Starting...
2026-05-05 15:48:20 [main] INFO  com.zaxxer.hikari.pool.HikariPool - HikariPool-1 - Added connection org.sqlite.jdbc4.JDBC4Connection@61001b64
2026-05-05 15:48:20 [main] INFO  com.zaxxer.hikari.HikariDataSource - HikariPool-1 - Start completed.
2026-05-05 15:48:20 [main] INFO  org.flywaydb.core.FlywayExecutor - Database: jdbc:sqlite:app.db (SQLite 3.50)
2026-05-05 15:48:20 [main] INFO  o.f.core.internal.command.DbValidate - Successfully validated 7 migrations (execution time 00:00.013s)
2026-05-05 15:48:20 [main] INFO  o.f.core.internal.command.DbMigrate - Current version of schema "main": 7
2026-05-05 15:48:20 [main] INFO  o.f.core.internal.command.DbMigrate - Schema "main" is up to date. No migration necessary.
2026-05-05 16:39:23 [main] INFO  com.zaxxer.hikari.HikariDataSource - HikariPool-1 - Starting...
2026-05-05 16:39:23 [main] INFO  com.zaxxer.hikari.pool.HikariPool - HikariPool-1 - Added connection org.sqlite.jdbc4.JDBC4Connection@61001b64
2026-05-05 16:39:23 [main] INFO  com.zaxxer.hikari.HikariDataSource - HikariPool-1 - Start completed.
2026-05-05 16:39:23 [main] INFO  org.flywaydb.core.FlywayExecutor - Database: jdbc:sqlite:app.db (SQLite 3.50)
2026-05-05 16:39:23 [main] INFO  o.f.core.internal.command.DbValidate - Successfully validated 7 migrations (execution time 00:00.012s)
2026-05-05 16:39:23 [main] INFO  o.f.core.internal.command.DbMigrate - Current version of schema "main": 7
2026-05-05 16:39:23 [main] INFO  o.f.core.internal.command.DbMigrate - Schema "main" is up to date. No migration necessary.
2026-05-05 16:41:32 [main] INFO  com.zaxxer.hikari.HikariDataSource - HikariPool-1 - Starting...
2026-05-05 16:41:32 [main] INFO  com.zaxxer.hikari.pool.HikariPool - HikariPool-1 - Added connection org.sqlite.jdbc4.JDBC4Connection@61001b64
2026-05-05 16:41:32 [main] INFO  com.zaxxer.hikari.HikariDataSource - HikariPool-1 - Start completed.
2026-05-05 16:41:32 [main] INFO  org.flywaydb.core.FlywayExecutor - Database: jdbc:sqlite:app.db (SQLite 3.50)
2026-05-05 16:41:32 [main] INFO  o.f.core.internal.command.DbValidate - Successfully validated 7 migrations (execution time 00:00.014s)
2026-05-05 16:41:32 [main] INFO  o.f.core.internal.command.DbMigrate - Current version of schema "main": 7
2026-05-05 16:41:32 [main] INFO  o.f.core.internal.command.DbMigrate - Schema "main" is up to date. No migration necessary.
2026-05-05 16:45:56 [main] INFO  com.zaxxer.hikari.HikariDataSource - HikariPool-1 - Starting...
2026-05-05 16:45:56 [main] INFO  com.zaxxer.hikari.pool.HikariPool - HikariPool-1 - Added connection org.sqlite.jdbc4.JDBC4Connection@61001b64
2026-05-05 16:45:56 [main] INFO  com.zaxxer.hikari.HikariDataSource - HikariPool-1 - Start completed.
2026-05-05 16:45:57 [main] INFO  org.flywaydb.core.FlywayExecutor - Database: jdbc:sqlite:app.db (SQLite 3.50)
2026-05-05 16:45:57 [main] INFO  o.f.core.internal.command.DbValidate - Successfully validated 7 migrations (execution time 00:00.014s)
2026-05-05 16:45:57 [main] INFO  o.f.core.internal.command.DbMigrate - Current version of schema "main": 7
2026-05-05 16:45:57 [main] INFO  o.f.core.internal.command.DbMigrate - Schema "main" is up to date. No migration necessary.
2026-05-05 17:02:45 [main] INFO  com.zaxxer.hikari.HikariDataSource - HikariPool-1 - Starting...
2026-05-05 17:02:45 [main] INFO  com.zaxxer.hikari.pool.HikariPool - HikariPool-1 - Added connection org.sqlite.jdbc4.JDBC4Connection@61001b64
2026-05-05 17:02:45 [main] INFO  com.zaxxer.hikari.HikariDataSource - HikariPool-1 - Start completed.
2026-05-05 17:02:45 [main] INFO  org.flywaydb.core.FlywayExecutor - Database: jdbc:sqlite:app.db (SQLite 3.50)
2026-05-05 17:02:45 [main] INFO  o.f.core.internal.command.DbValidate - Successfully validated 7 migrations (execution time 00:00.014s)
2026-05-05 17:02:45 [main] INFO  o.f.core.internal.command.DbMigrate - Current version of schema "main": 7
2026-05-05 17:02:45 [main] INFO  o.f.core.internal.command.DbMigrate - Schema "main" is up to date. No migration necessary.
2026-05-08 10:40:45 [main] INFO  com.zaxxer.hikari.HikariDataSource - HikariPool-1 - Starting...
2026-05-08 10:40:45 [main] INFO  com.zaxxer.hikari.pool.HikariPool - HikariPool-1 - Added connection org.sqlite.jdbc4.JDBC4Connection@61001b64
2026-05-08 10:40:45 [main] INFO  com.zaxxer.hikari.HikariDataSource - HikariPool-1 - Start completed.
2026-05-08 10:40:45 [main] INFO  org.flywaydb.core.FlywayExecutor - Database: jdbc:sqlite:app.db (SQLite 3.50)
2026-05-08 10:40:46 [main] INFO  o.f.core.internal.command.DbValidate - Successfully validated 7 migrations (execution time 00:00.019s)
2026-05-08 10:40:46 [main] INFO  o.f.core.internal.command.DbMigrate - Current version of schema "main": 7
2026-05-08 10:40:46 [main] INFO  o.f.core.internal.command.DbMigrate - Schema "main" is up to date. No migration necessary.
2026-05-08 13:17:09 [main] INFO  com.zaxxer.hikari.HikariDataSource - HikariPool-1 - Starting...
2026-05-08 13:17:09 [main] INFO  com.zaxxer.hikari.pool.HikariPool - HikariPool-1 - Added connection org.sqlite.jdbc4.JDBC4Connection@61001b64
2026-05-08 13:17:09 [main] INFO  com.zaxxer.hikari.HikariDataSource - HikariPool-1 - Start completed.
2026-05-08 13:17:09 [main] INFO  org.flywaydb.core.FlywayExecutor - Database: jdbc:sqlite:app.db (SQLite 3.50)
2026-05-08 13:17:09 [main] INFO  o.f.core.internal.command.DbValidate - Successfully validated 7 migrations (execution time 00:00.017s)
2026-05-08 13:17:09 [main] INFO  o.f.core.internal.command.DbMigrate - Current version of schema "main": 7
2026-05-08 13:17:09 [main] INFO  o.f.core.internal.command.DbMigrate - Schema "main" is up to date. No migration necessary.
2026-05-08 13:22:21 [main] INFO  com.zaxxer.hikari.HikariDataSource - HikariPool-1 - Starting...
2026-05-08 13:22:21 [main] INFO  com.zaxxer.hikari.pool.HikariPool - HikariPool-1 - Added connection org.sqlite.jdbc4.JDBC4Connection@61001b64
2026-05-08 13:22:21 [main] INFO  com.zaxxer.hikari.HikariDataSource - HikariPool-1 - Start completed.
2026-05-08 13:22:22 [main] INFO  org.flywaydb.core.FlywayExecutor - Database: jdbc:sqlite:app.db (SQLite 3.50)
2026-05-08 13:22:22 [main] INFO  o.f.core.internal.command.DbValidate - Successfully validated 7 migrations (execution time 00:00.015s)
2026-05-08 13:22:22 [main] INFO  o.f.core.internal.command.DbMigrate - Current version of schema "main": 7
2026-05-08 13:22:22 [main] INFO  o.f.core.internal.command.DbMigrate - Schema "main" is up to date. No migration necessary.
2026-05-08 13:22:51 [JavaFX Application Thread] ERROR o.e.i.c.dials.UsersController - Failed to delete partner
2026-05-08 13:33:35 [main] INFO  com.zaxxer.hikari.HikariDataSource - HikariPool-1 - Starting...
2026-05-08 13:33:35 [main] INFO  com.zaxxer.hikari.pool.HikariPool - HikariPool-1 - Added connection org.sqlite.jdbc4.JDBC4Connection@61001b64
2026-05-08 13:33:35 [main] INFO  com.zaxxer.hikari.HikariDataSource - HikariPool-1 - Start completed.
2026-05-08 13:33:36 [main] INFO  org.flywaydb.core.FlywayExecutor - Database: jdbc:sqlite:app.db (SQLite 3.50)
2026-05-08 13:33:36 [main] INFO  o.f.core.internal.command.DbValidate - Successfully validated 7 migrations (execution time 00:00.013s)
2026-05-08 13:33:36 [main] INFO  o.f.core.internal.command.DbMigrate - Current version of schema "main": 7
2026-05-08 13:33:36 [main] INFO  o.f.core.internal.command.DbMigrate - Schema "main" is up to date. No migration necessary.
2026-05-09 15:26:23 [main] INFO  com.zaxxer.hikari.HikariDataSource - HikariPool-1 - Starting...
2026-05-09 15:26:24 [main] INFO  com.zaxxer.hikari.pool.HikariPool - HikariPool-1 - Added connection org.sqlite.jdbc4.JDBC4Connection@61001b64
2026-05-09 15:26:24 [main] INFO  com.zaxxer.hikari.HikariDataSource - HikariPool-1 - Start completed.
2026-05-09 15:26:24 [main] INFO  org.flywaydb.core.FlywayExecutor - Database: jdbc:sqlite:app.db (SQLite 3.50)
2026-05-09 15:26:24 [main] INFO  o.f.core.internal.command.DbValidate - Successfully validated 7 migrations (execution time 00:00.036s)
2026-05-09 15:26:24 [main] INFO  o.f.core.internal.command.DbMigrate - Current version of schema "main": 7
2026-05-09 15:26:24 [main] INFO  o.f.core.internal.command.DbMigrate - Schema "main" is up to date. No migration necessary.
2026-05-09 16:15:31 [main] INFO  com.zaxxer.hikari.HikariDataSource - HikariPool-1 - Starting...
2026-05-09 16:15:31 [main] INFO  com.zaxxer.hikari.pool.HikariPool - HikariPool-1 - Added connection org.sqlite.jdbc4.JDBC4Connection@61001b64
2026-05-09 16:15:31 [main] INFO  com.zaxxer.hikari.HikariDataSource - HikariPool-1 - Start completed.
2026-05-09 16:15:31 [main] INFO  org.flywaydb.core.FlywayExecutor - Database: jdbc:sqlite:app.db (SQLite 3.50)
2026-05-09 16:15:31 [main] INFO  o.f.core.internal.command.DbValidate - Successfully validated 7 migrations (execution time 00:00.012s)
2026-05-09 16:15:31 [main] INFO  o.f.core.internal.command.DbMigrate - Current version of schema "main": 7
2026-05-09 16:15:31 [main] INFO  o.f.core.internal.command.DbMigrate - Schema "main" is up to date. No migration necessary.
2026-05-09 16:15:36 [main] INFO  com.zaxxer.hikari.HikariDataSource - HikariPool-1 - Starting...
2026-05-09 16:15:36 [main] INFO  com.zaxxer.hikari.pool.HikariPool - HikariPool-1 - Added connection org.sqlite.jdbc4.JDBC4Connection@61001b64
2026-05-09 16:15:36 [main] INFO  com.zaxxer.hikari.HikariDataSource - HikariPool-1 - Start completed.
2026-05-09 16:15:37 [main] INFO  org.flywaydb.core.FlywayExecutor - Database: jdbc:sqlite:app.db (SQLite 3.50)
2026-05-09 16:15:37 [main] INFO  o.f.core.internal.command.DbValidate - Successfully validated 7 migrations (execution time 00:00.016s)
2026-05-09 16:15:37 [main] INFO  o.f.core.internal.command.DbMigrate - Current version of schema "main": 7
2026-05-09 16:15:37 [main] INFO  o.f.core.internal.command.DbMigrate - Schema "main" is up to date. No migration necessary.
2026-05-09 16:16:04 [main] INFO  com.zaxxer.hikari.HikariDataSource - HikariPool-1 - Starting...
2026-05-09 16:16:04 [main] INFO  com.zaxxer.hikari.pool.HikariPool - HikariPool-1 - Added connection org.sqlite.jdbc4.JDBC4Connection@61001b64
2026-05-09 16:16:04 [main] INFO  com.zaxxer.hikari.HikariDataSource - HikariPool-1 - Start completed.
2026-05-09 16:16:04 [main] INFO  org.flywaydb.core.FlywayExecutor - Database: jdbc:sqlite:app.db (SQLite 3.50)
2026-05-09 16:16:04 [main] INFO  o.f.core.internal.command.DbValidate - Successfully validated 7 migrations (execution time 00:00.015s)
2026-05-09 16:16:04 [main] INFO  o.f.core.internal.command.DbMigrate - Current version of schema "main": 7
2026-05-09 16:16:04 [main] INFO  o.f.core.internal.command.DbMigrate - Schema "main" is up to date. No migration necessary.
2026-05-09 16:28:10 [main] INFO  com.zaxxer.hikari.HikariDataSource - HikariPool-1 - Starting...
2026-05-09 16:28:10 [main] INFO  com.zaxxer.hikari.pool.HikariPool - HikariPool-1 - Added connection org.sqlite.jdbc4.JDBC4Connection@61001b64
2026-05-09 16:28:10 [main] INFO  com.zaxxer.hikari.HikariDataSource - HikariPool-1 - Start completed.
2026-05-09 16:28:10 [main] INFO  org.flywaydb.core.FlywayExecutor - Database: jdbc:sqlite:app.db (SQLite 3.50)
2026-05-09 16:28:10 [main] INFO  o.f.c.i.s.JdbcTableSchemaHistory - Schema history table "main"."flyway_schema_history" does not exist yet
2026-05-09 16:28:10 [main] INFO  o.f.core.internal.command.DbValidate - Successfully validated 7 migrations (execution time 00:00.009s)
2026-05-09 16:28:10 [main] INFO  o.f.c.i.s.JdbcTableSchemaHistory - Creating Schema History table "main"."flyway_schema_history" ...
2026-05-09 16:28:10 [main] INFO  o.f.core.internal.command.DbMigrate - Current version of schema "main": << Empty Schema >>
2026-05-09 16:28:10 [main] INFO  o.f.core.internal.command.DbMigrate - Migrating schema "main" to version "1 - create user table"
2026-05-09 16:28:10 [main] INFO  o.f.core.internal.command.DbMigrate - Migrating schema "main" to version "2 - create user token table"
2026-05-09 16:28:10 [main] INFO  o.f.core.internal.command.DbMigrate - Migrating schema "main" to version "3 - create partner table"
2026-05-09 16:28:10 [main] INFO  o.f.core.internal.command.DbMigrate - Migrating schema "main" to version "4 - create vehicle table"
2026-05-09 16:28:10 [main] INFO  o.f.core.internal.command.DbMigrate - Migrating schema "main" to version "5 - create material table"
2026-05-09 16:28:10 [main] INFO  o.f.core.internal.command.DbMigrate - Migrating schema "main" to version "6 - create weighing table"
2026-05-09 16:28:10 [main] INFO  o.f.core.internal.command.DbMigrate - Migrating schema "main" to version "7 - insert user admin"
2026-05-09 16:28:10 [main] INFO  o.f.core.internal.command.DbMigrate - Successfully applied 7 migrations to schema "main", now at version v7 (execution time 00:00.008s)
2026-05-09 16:29:37 [main] INFO  com.zaxxer.hikari.HikariDataSource - HikariPool-1 - Starting...
2026-05-09 16:29:37 [main] INFO  com.zaxxer.hikari.pool.HikariPool - HikariPool-1 - Added connection org.sqlite.jdbc4.JDBC4Connection@61001b64
2026-05-09 16:29:37 [main] INFO  com.zaxxer.hikari.HikariDataSource - HikariPool-1 - Start completed.
2026-05-09 16:29:37 [main] INFO  org.flywaydb.core.FlywayExecutor - Database: jdbc:sqlite:app.db (SQLite 3.50)
2026-05-09 16:29:37 [main] INFO  o.f.core.internal.command.DbValidate - Successfully validated 7 migrations (execution time 00:00.013s)
2026-05-09 16:29:37 [main] INFO  o.f.core.internal.command.DbMigrate - Current version of schema "main": 7
2026-05-09 16:29:37 [main] INFO  o.f.core.internal.command.DbMigrate - Schema "main" is up to date. No migration necessary.
2026-05-09 16:45:29 [main] INFO  com.zaxxer.hikari.HikariDataSource - HikariPool-1 - Starting...
2026-05-09 16:45:29 [main] INFO  com.zaxxer.hikari.pool.HikariPool - HikariPool-1 - Added connection org.sqlite.jdbc4.JDBC4Connection@61001b64
2026-05-09 16:45:29 [main] INFO  com.zaxxer.hikari.HikariDataSource - HikariPool-1 - Start completed.
2026-05-09 16:45:29 [main] INFO  org.flywaydb.core.FlywayExecutor - Database: jdbc:sqlite:app.db (SQLite 3.50)
2026-05-09 16:45:29 [main] INFO  o.f.core.internal.command.DbValidate - Successfully validated 7 migrations (execution time 00:00.014s)
2026-05-09 16:45:29 [main] INFO  o.f.core.internal.command.DbMigrate - Current version of schema "main": 7
2026-05-09 16:45:29 [main] INFO  o.f.core.internal.command.DbMigrate - Schema "main" is up to date. No migration necessary.
2026-05-09 16:45:40 [main] INFO  com.zaxxer.hikari.HikariDataSource - HikariPool-1 - Starting...
2026-05-09 16:45:40 [main] INFO  com.zaxxer.hikari.pool.HikariPool - HikariPool-1 - Added connection org.sqlite.jdbc4.JDBC4Connection@61001b64
2026-05-09 16:45:40 [main] INFO  com.zaxxer.hikari.HikariDataSource - HikariPool-1 - Start completed.
2026-05-09 16:45:40 [main] INFO  org.flywaydb.core.FlywayExecutor - Database: jdbc:sqlite:app.db (SQLite 3.50)
2026-05-09 16:45:40 [main] INFO  o.f.c.i.s.JdbcTableSchemaHistory - Schema history table "main"."flyway_schema_history" does not exist yet
2026-05-09 16:45:40 [main] INFO  o.f.core.internal.command.DbValidate - Successfully validated 7 migrations (execution time 00:00.009s)
2026-05-09 16:45:40 [main] INFO  o.f.c.i.s.JdbcTableSchemaHistory - Creating Schema History table "main"."flyway_schema_history" ...
2026-05-09 16:45:40 [main] INFO  o.f.core.internal.command.DbMigrate - Current version of schema "main": << Empty Schema >>
2026-05-09 16:45:40 [main] INFO  o.f.core.internal.command.DbMigrate - Migrating schema "main" to version "1 - create user table"
2026-05-09 16:45:40 [main] INFO  o.f.core.internal.command.DbMigrate - Migrating schema "main" to version "2 - create user token table"
2026-05-09 16:45:40 [main] INFO  o.f.core.internal.command.DbMigrate - Migrating schema "main" to version "3 - create partner table"
2026-05-09 16:45:40 [main] INFO  o.f.core.internal.command.DbMigrate - Migrating schema "main" to version "4 - create vehicle table"
2026-05-09 16:45:40 [main] INFO  o.f.core.internal.command.DbMigrate - Migrating schema "main" to version "5 - create material table"
2026-05-09 16:45:40 [main] INFO  o.f.core.internal.command.DbMigrate - Migrating schema "main" to version "6 - create weighing table"
2026-05-09 16:45:40 [main] INFO  o.f.core.internal.command.DbMigrate - Migrating schema "main" to version "7 - insert user admin"
2026-05-09 16:45:40 [main] INFO  o.f.core.internal.command.DbMigrate - Successfully applied 7 migrations to schema "main", now at version v7 (execution time 00:00.008s)
2026-05-09 16:52:36 [main] INFO  com.zaxxer.hikari.HikariDataSource - HikariPool-1 - Starting...
2026-05-09 16:52:36 [main] INFO  com.zaxxer.hikari.pool.HikariPool - HikariPool-1 - Added connection org.sqlite.jdbc4.JDBC4Connection@61001b64
2026-05-09 16:52:36 [main] INFO  com.zaxxer.hikari.HikariDataSource - HikariPool-1 - Start completed.
2026-05-09 16:52:37 [main] INFO  org.flywaydb.core.FlywayExecutor - Database: jdbc:sqlite:app.db (SQLite 3.50)
2026-05-09 16:52:37 [main] INFO  o.f.core.internal.command.DbValidate - Successfully validated 7 migrations (execution time 00:00.014s)
2026-05-09 16:52:37 [main] INFO  o.f.core.internal.command.DbMigrate - Current version of schema "main": 7
2026-05-09 16:52:37 [main] INFO  o.f.core.internal.command.DbMigrate - Schema "main" is up to date. No migration necessary.
2026-05-09 16:52:45 [main] INFO  com.zaxxer.hikari.HikariDataSource - HikariPool-1 - Starting...
2026-05-09 16:52:45 [main] INFO  com.zaxxer.hikari.pool.HikariPool - HikariPool-1 - Added connection org.sqlite.jdbc4.JDBC4Connection@61001b64
2026-05-09 16:52:45 [main] INFO  com.zaxxer.hikari.HikariDataSource - HikariPool-1 - Start completed.
2026-05-09 16:52:45 [main] INFO  org.flywaydb.core.FlywayExecutor - Database: jdbc:sqlite:app.db (SQLite 3.50)
2026-05-09 16:52:45 [main] INFO  o.f.c.i.s.JdbcTableSchemaHistory - Schema history table "main"."flyway_schema_history" does not exist yet
2026-05-09 16:52:45 [main] INFO  o.f.core.internal.command.DbValidate - Successfully validated 7 migrations (execution time 00:00.009s)
2026-05-09 16:52:45 [main] INFO  o.f.c.i.s.JdbcTableSchemaHistory - Creating Schema History table "main"."flyway_schema_history" ...
2026-05-09 16:52:46 [main] INFO  o.f.core.internal.command.DbMigrate - Current version of schema "main": << Empty Schema >>
2026-05-09 16:52:46 [main] INFO  o.f.core.internal.command.DbMigrate - Migrating schema "main" to version "1 - create user table"
2026-05-09 16:52:46 [main] INFO  o.f.core.internal.command.DbMigrate - Migrating schema "main" to version "2 - create user token table"
2026-05-09 16:52:46 [main] INFO  o.f.core.internal.command.DbMigrate - Migrating schema "main" to version "3 - create partner table"
2026-05-09 16:52:46 [main] INFO  o.f.core.internal.command.DbMigrate - Migrating schema "main" to version "4 - create vehicle table"
2026-05-09 16:52:46 [main] INFO  o.f.core.internal.command.DbMigrate - Migrating schema "main" to version "5 - create material table"
2026-05-09 16:52:46 [main] INFO  o.f.core.internal.command.DbMigrate - Migrating schema "main" to version "6 - create weighing table"
2026-05-09 16:52:46 [main] INFO  o.f.core.internal.command.DbMigrate - Migrating schema "main" to version "7 - insert user admin"
2026-05-09 16:52:46 [main] INFO  o.f.core.internal.command.DbMigrate - Successfully applied 7 migrations to schema "main", now at version v7 (execution time 00:00.012s)
2026-05-09 16:59:55 [main] INFO  com.zaxxer.hikari.HikariDataSource - HikariPool-1 - Starting...
2026-05-09 16:59:55 [main] INFO  com.zaxxer.hikari.pool.HikariPool - HikariPool-1 - Added connection org.sqlite.jdbc4.JDBC4Connection@61001b64
2026-05-09 16:59:55 [main] INFO  com.zaxxer.hikari.HikariDataSource - HikariPool-1 - Start completed.
2026-05-09 16:59:55 [main] INFO  org.flywaydb.core.FlywayExecutor - Database: jdbc:sqlite:app.db (SQLite 3.50)
2026-05-09 16:59:55 [main] INFO  o.f.core.internal.command.DbValidate - Successfully validated 7 migrations (execution time 00:00.015s)
2026-05-09 16:59:55 [main] INFO  o.f.core.internal.command.DbMigrate - Current version of schema "main": 7
2026-05-09 16:59:55 [main] INFO  o.f.core.internal.command.DbMigrate - Schema "main" is up to date. No migration necessary.
2026-05-09 17:02:02 [main] INFO  com.zaxxer.hikari.HikariDataSource - HikariPool-1 - Starting...
2026-05-09 17:02:02 [main] INFO  com.zaxxer.hikari.pool.HikariPool - HikariPool-1 - Added connection org.sqlite.jdbc4.JDBC4Connection@61001b64
2026-05-09 17:02:02 [main] INFO  com.zaxxer.hikari.HikariDataSource - HikariPool-1 - Start completed.
2026-05-09 17:02:02 [main] INFO  org.flywaydb.core.FlywayExecutor - Database: jdbc:sqlite:app.db (SQLite 3.50)
2026-05-09 17:02:02 [main] INFO  o.f.core.internal.command.DbValidate - Successfully validated 7 migrations (execution time 00:00.013s)
2026-05-09 17:02:02 [main] INFO  o.f.core.internal.command.DbMigrate - Current version of schema "main": 7
2026-05-09 17:02:02 [main] INFO  o.f.core.internal.command.DbMigrate - Schema "main" is up to date. No migration necessary.
2026-05-09 17:03:10 [main] INFO  com.zaxxer.hikari.HikariDataSource - HikariPool-1 - Starting...
2026-05-09 17:03:10 [main] INFO  com.zaxxer.hikari.pool.HikariPool - HikariPool-1 - Added connection org.sqlite.jdbc4.JDBC4Connection@61001b64
2026-05-09 17:03:10 [main] INFO  com.zaxxer.hikari.HikariDataSource - HikariPool-1 - Start completed.
2026-05-09 17:03:10 [main] INFO  org.flywaydb.core.FlywayExecutor - Database: jdbc:sqlite:app.db (SQLite 3.50)
2026-05-09 17:03:10 [main] INFO  o.f.core.internal.command.DbValidate - Successfully validated 7 migrations (execution time 00:00.012s)
2026-05-09 17:03:10 [main] INFO  o.f.core.internal.command.DbMigrate - Current version of schema "main": 7
2026-05-09 17:03:10 [main] INFO  o.f.core.internal.command.DbMigrate - Schema "main" is up to date. No migration necessary.
2026-05-09 17:06:53 [main] INFO  com.zaxxer.hikari.HikariDataSource - HikariPool-1 - Starting...
2026-05-09 17:06:53 [main] INFO  com.zaxxer.hikari.pool.HikariPool - HikariPool-1 - Added connection org.sqlite.jdbc4.JDBC4Connection@61001b64
2026-05-09 17:06:53 [main] INFO  com.zaxxer.hikari.HikariDataSource - HikariPool-1 - Start completed.
2026-05-09 17:06:53 [main] INFO  org.flywaydb.core.FlywayExecutor - Database: jdbc:sqlite:app.db (SQLite 3.50)
2026-05-09 17:06:53 [main] INFO  o.f.core.internal.command.DbValidate - Successfully validated 7 migrations (execution time 00:00.013s)
2026-05-09 17:06:53 [main] INFO  o.f.core.internal.command.DbMigrate - Current version of schema "main": 7
2026-05-09 17:06:53 [main] INFO  o.f.core.internal.command.DbMigrate - Schema "main" is up to date. No migration necessary.
2026-05-09 17:14:32 [main] INFO  com.zaxxer.hikari.HikariDataSource - HikariPool-1 - Starting...
2026-05-09 17:14:33 [main] INFO  com.zaxxer.hikari.pool.HikariPool - HikariPool-1 - Added connection org.sqlite.jdbc4.JDBC4Connection@61001b64
2026-05-09 17:14:33 [main] INFO  com.zaxxer.hikari.HikariDataSource - HikariPool-1 - Start completed.
2026-05-09 17:14:33 [main] INFO  org.flywaydb.core.FlywayExecutor - Database: jdbc:sqlite:app.db (SQLite 3.50)
2026-05-09 17:14:33 [main] INFO  o.f.core.internal.command.DbValidate - Successfully validated 7 migrations (execution time 00:00.014s)
2026-05-09 17:14:33 [main] INFO  o.f.core.internal.command.DbMigrate - Current version of schema "main": 7
2026-05-09 17:14:33 [main] INFO  o.f.core.internal.command.DbMigrate - Schema "main" is up to date. No migration necessary.
2026-05-09 17:16:17 [main] INFO  com.zaxxer.hikari.HikariDataSource - HikariPool-1 - Starting...
2026-05-09 17:16:17 [main] INFO  com.zaxxer.hikari.pool.HikariPool - HikariPool-1 - Added connection org.sqlite.jdbc4.JDBC4Connection@61001b64
2026-05-09 17:16:17 [main] INFO  com.zaxxer.hikari.HikariDataSource - HikariPool-1 - Start completed.
2026-05-09 17:16:18 [main] INFO  org.flywaydb.core.FlywayExecutor - Database: jdbc:sqlite:app.db (SQLite 3.50)
2026-05-09 17:16:18 [main] INFO  o.f.core.internal.command.DbValidate - Successfully validated 7 migrations (execution time 00:00.014s)
2026-05-09 17:16:18 [main] INFO  o.f.core.internal.command.DbMigrate - Current version of schema "main": 7
2026-05-09 17:16:18 [main] INFO  o.f.core.internal.command.DbMigrate - Schema "main" is up to date. No migration necessary.
2026-05-09 17:17:35 [main] INFO  com.zaxxer.hikari.HikariDataSource - HikariPool-1 - Starting...
2026-05-09 17:17:35 [main] INFO  com.zaxxer.hikari.pool.HikariPool - HikariPool-1 - Added connection org.sqlite.jdbc4.JDBC4Connection@61001b64
2026-05-09 17:17:35 [main] INFO  com.zaxxer.hikari.HikariDataSource - HikariPool-1 - Start completed.
2026-05-09 17:17:35 [main] INFO  org.flywaydb.core.FlywayExecutor - Database: jdbc:sqlite:app.db (SQLite 3.50)
2026-05-09 17:17:35 [main] INFO  o.f.core.internal.command.DbValidate - Successfully validated 7 migrations (execution time 00:00.014s)
2026-05-09 17:17:35 [main] INFO  o.f.core.internal.command.DbMigrate - Current version of schema "main": 7
2026-05-09 17:17:35 [main] INFO  o.f.core.internal.command.DbMigrate - Schema "main" is up to date. No migration necessary.
2026-05-09 17:20:21 [main] INFO  com.zaxxer.hikari.HikariDataSource - HikariPool-1 - Starting...
2026-05-09 17:20:21 [main] INFO  com.zaxxer.hikari.pool.HikariPool - HikariPool-1 - Added connection org.sqlite.jdbc4.JDBC4Connection@61001b64
2026-05-09 17:20:21 [main] INFO  com.zaxxer.hikari.HikariDataSource - HikariPool-1 - Start completed.
2026-05-09 17:20:22 [main] INFO  org.flywaydb.core.FlywayExecutor - Database: jdbc:sqlite:app.db (SQLite 3.50)
2026-05-09 17:20:22 [main] INFO  o.f.core.internal.command.DbValidate - Successfully validated 7 migrations (execution time 00:00.015s)
2026-05-09 17:20:22 [main] INFO  o.f.core.internal.command.DbMigrate - Current version of schema "main": 7
2026-05-09 17:20:22 [main] INFO  o.f.core.internal.command.DbMigrate - Schema "main" is up to date. No migration necessary.
2026-05-09 17:21:04 [main] INFO  com.zaxxer.hikari.HikariDataSource - HikariPool-1 - Starting...
2026-05-09 17:21:04 [main] INFO  com.zaxxer.hikari.pool.HikariPool - HikariPool-1 - Added connection org.sqlite.jdbc4.JDBC4Connection@61001b64
2026-05-09 17:21:04 [main] INFO  com.zaxxer.hikari.HikariDataSource - HikariPool-1 - Start completed.
2026-05-09 17:21:04 [main] INFO  org.flywaydb.core.FlywayExecutor - Database: jdbc:sqlite:app.db (SQLite 3.50)
2026-05-09 17:21:04 [main] INFO  o.f.core.internal.command.DbValidate - Successfully validated 7 migrations (execution time 00:00.013s)
2026-05-09 17:21:04 [main] INFO  o.f.core.internal.command.DbMigrate - Current version of schema "main": 7
2026-05-09 17:21:04 [main] INFO  o.f.core.internal.command.DbMigrate - Schema "main" is up to date. No migration necessary.
2026-05-10 18:19:39 [main] INFO  com.zaxxer.hikari.HikariDataSource - HikariPool-1 - Starting...
2026-05-10 18:19:39 [main] INFO  com.zaxxer.hikari.pool.HikariPool - HikariPool-1 - Added connection org.sqlite.jdbc4.JDBC4Connection@61001b64
2026-05-10 18:19:39 [main] INFO  com.zaxxer.hikari.HikariDataSource - HikariPool-1 - Start completed.
2026-05-10 18:19:40 [main] INFO  org.flywaydb.core.FlywayExecutor - Database: jdbc:sqlite:app.db (SQLite 3.50)
2026-05-10 18:19:40 [main] INFO  o.f.core.internal.command.DbValidate - Successfully validated 7 migrations (execution time 00:00.017s)
2026-05-10 18:19:40 [main] INFO  o.f.core.internal.command.DbMigrate - Current version of schema "main": 7
2026-05-10 18:19:40 [main] INFO  o.f.core.internal.command.DbMigrate - Schema "main" is up to date. No migration necessary.
2026-05-10 18:23:05 [main] INFO  com.zaxxer.hikari.HikariDataSource - HikariPool-1 - Starting...
2026-05-10 18:23:05 [main] INFO  com.zaxxer.hikari.pool.HikariPool - HikariPool-1 - Added connection org.sqlite.jdbc4.JDBC4Connection@61001b64
2026-05-10 18:23:05 [main] INFO  com.zaxxer.hikari.HikariDataSource - HikariPool-1 - Start completed.
2026-05-10 18:23:05 [main] INFO  org.flywaydb.core.FlywayExecutor - Database: jdbc:sqlite:app.db (SQLite 3.50)
2026-05-10 18:23:05 [main] INFO  o.f.core.internal.command.DbValidate - Successfully validated 7 migrations (execution time 00:00.014s)
2026-05-10 18:23:05 [main] INFO  o.f.core.internal.command.DbMigrate - Current version of schema "main": 7
2026-05-10 18:23:05 [main] INFO  o.f.core.internal.command.DbMigrate - Schema "main" is up to date. No migration necessary.
2026-05-10 18:53:26 [main] INFO  com.zaxxer.hikari.HikariDataSource - HikariPool-1 - Starting...
2026-05-10 18:53:26 [main] INFO  com.zaxxer.hikari.pool.HikariPool - HikariPool-1 - Added connection org.sqlite.jdbc4.JDBC4Connection@61001b64
2026-05-10 18:53:26 [main] INFO  com.zaxxer.hikari.HikariDataSource - HikariPool-1 - Start completed.
2026-05-10 18:53:26 [main] INFO  org.flywaydb.core.FlywayExecutor - Database: jdbc:sqlite:app.db (SQLite 3.50)
2026-05-10 18:53:26 [main] INFO  o.f.core.internal.command.DbValidate - Successfully validated 7 migrations (execution time 00:00.015s)
2026-05-10 18:53:26 [main] INFO  o.f.core.internal.command.DbMigrate - Current version of schema "main": 7
2026-05-10 18:53:26 [main] INFO  o.f.core.internal.command.DbMigrate - Schema "main" is up to date. No migration necessary.
2026-05-10 18:53:40 [main] INFO  com.zaxxer.hikari.HikariDataSource - HikariPool-1 - Starting...
2026-05-10 18:53:40 [main] INFO  com.zaxxer.hikari.pool.HikariPool - HikariPool-1 - Added connection org.sqlite.jdbc4.JDBC4Connection@61001b64
2026-05-10 18:53:40 [main] INFO  com.zaxxer.hikari.HikariDataSource - HikariPool-1 - Start completed.
2026-05-10 18:53:40 [main] INFO  org.flywaydb.core.FlywayExecutor - Database: jdbc:sqlite:app.db (SQLite 3.50)
2026-05-10 18:53:40 [main] INFO  o.f.core.internal.command.DbValidate - Successfully validated 7 migrations (execution time 00:00.014s)
2026-05-10 18:53:40 [main] INFO  o.f.core.internal.command.DbMigrate - Current version of schema "main": 7
2026-05-10 18:53:40 [main] INFO  o.f.core.internal.command.DbMigrate - Schema "main" is up to date. No migration necessary.
2026-05-10 18:54:47 [main] INFO  com.zaxxer.hikari.HikariDataSource - HikariPool-1 - Starting...
2026-05-10 18:54:47 [main] INFO  com.zaxxer.hikari.pool.HikariPool - HikariPool-1 - Added connection org.sqlite.jdbc4.JDBC4Connection@61001b64
2026-05-10 18:54:47 [main] INFO  com.zaxxer.hikari.HikariDataSource - HikariPool-1 - Start completed.
2026-05-10 18:54:47 [main] INFO  org.flywaydb.core.FlywayExecutor - Database: jdbc:sqlite:app.db (SQLite 3.50)
2026-05-10 18:54:47 [main] INFO  o.f.core.internal.command.DbValidate - Successfully validated 7 migrations (execution time 00:00.013s)
2026-05-10 18:54:47 [main] INFO  o.f.core.internal.command.DbMigrate - Current version of schema "main": 7
2026-05-10 18:54:47 [main] INFO  o.f.core.internal.command.DbMigrate - Schema "main" is up to date. No migration necessary.
2026-05-10 18:55:38 [main] INFO  com.zaxxer.hikari.HikariDataSource - HikariPool-1 - Starting...
2026-05-10 18:55:38 [main] INFO  com.zaxxer.hikari.pool.HikariPool - HikariPool-1 - Added connection org.sqlite.jdbc4.JDBC4Connection@61001b64
2026-05-10 18:55:38 [main] INFO  com.zaxxer.hikari.HikariDataSource - HikariPool-1 - Start completed.
2026-05-10 18:55:38 [main] INFO  org.flywaydb.core.FlywayExecutor - Database: jdbc:sqlite:app.db (SQLite 3.50)
2026-05-10 18:55:38 [main] INFO  o.f.core.internal.command.DbValidate - Successfully validated 7 migrations (execution time 00:00.016s)
2026-05-10 18:55:38 [main] INFO  o.f.core.internal.command.DbMigrate - Current version of schema "main": 7
2026-05-10 18:55:38 [main] INFO  o.f.core.internal.command.DbMigrate - Schema "main" is up to date. No migration necessary.
2026-05-10 19:21:29 [main] INFO  com.zaxxer.hikari.HikariDataSource - HikariPool-1 - Starting...
2026-05-10 19:21:29 [main] INFO  com.zaxxer.hikari.pool.HikariPool - HikariPool-1 - Added connection org.sqlite.jdbc4.JDBC4Connection@61001b64
2026-05-10 19:21:29 [main] INFO  com.zaxxer.hikari.HikariDataSource - HikariPool-1 - Start completed.
2026-05-10 19:21:29 [main] INFO  org.flywaydb.core.FlywayExecutor - Database: jdbc:sqlite:app.db (SQLite 3.50)
2026-05-10 19:21:29 [main] INFO  o.f.core.internal.command.DbValidate - Successfully validated 7 migrations (execution time 00:00.016s)
2026-05-10 19:21:29 [main] INFO  o.f.core.internal.command.DbMigrate - Current version of schema "main": 7
2026-05-10 19:21:29 [main] INFO  o.f.core.internal.command.DbMigrate - Schema "main" is up to date. No migration necessary.
2026-05-11 15:23:58 [main] INFO  com.zaxxer.hikari.HikariDataSource - HikariPool-1 - Starting...
2026-05-11 15:23:58 [main] INFO  com.zaxxer.hikari.pool.HikariPool - HikariPool-1 - Added connection org.sqlite.jdbc4.JDBC4Connection@61001b64
2026-05-11 15:23:58 [main] INFO  com.zaxxer.hikari.HikariDataSource - HikariPool-1 - Start completed.
2026-05-11 15:23:58 [main] INFO  org.flywaydb.core.FlywayExecutor - Database: jdbc:sqlite:app.db (SQLite 3.50)
2026-05-11 15:23:58 [main] INFO  o.f.core.internal.command.DbValidate - Successfully validated 7 migrations (execution time 00:00.017s)
2026-05-11 15:23:58 [main] INFO  o.f.core.internal.command.DbMigrate - Current version of schema "main": 7
2026-05-11 15:23:58 [main] INFO  o.f.core.internal.command.DbMigrate - Schema "main" is up to date. No migration necessary.
2026-05-11 15:28:22 [main] INFO  com.zaxxer.hikari.HikariDataSource - HikariPool-1 - Starting...
2026-05-11 15:28:22 [main] INFO  com.zaxxer.hikari.pool.HikariPool - HikariPool-1 - Added connection org.sqlite.jdbc4.JDBC4Connection@61001b64
2026-05-11 15:28:22 [main] INFO  com.zaxxer.hikari.HikariDataSource - HikariPool-1 - Start completed.
2026-05-11 15:28:23 [main] INFO  org.flywaydb.core.FlywayExecutor - Database: jdbc:sqlite:app.db (SQLite 3.50)
2026-05-11 15:28:23 [main] INFO  o.f.core.internal.command.DbValidate - Successfully validated 7 migrations (execution time 00:00.016s)
2026-05-11 15:28:23 [main] INFO  o.f.core.internal.command.DbMigrate - Current version of schema "main": 7
2026-05-11 15:28:23 [main] INFO  o.f.core.internal.command.DbMigrate - Schema "main" is up to date. No migration necessary.
2026-05-11 15:51:13 [main] INFO  com.zaxxer.hikari.HikariDataSource - HikariPool-1 - Starting...
2026-05-11 15:51:13 [main] INFO  com.zaxxer.hikari.pool.HikariPool - HikariPool-1 - Added connection org.sqlite.jdbc4.JDBC4Connection@61001b64
2026-05-11 15:51:13 [main] INFO  com.zaxxer.hikari.HikariDataSource - HikariPool-1 - Start completed.
2026-05-11 15:51:14 [main] INFO  org.flywaydb.core.FlywayExecutor - Database: jdbc:sqlite:app.db (SQLite 3.50)
2026-05-11 15:51:14 [main] INFO  o.f.core.internal.command.DbValidate - Successfully validated 7 migrations (execution time 00:00.013s)
2026-05-11 15:51:14 [main] INFO  o.f.core.internal.command.DbMigrate - Current version of schema "main": 7
2026-05-11 15:51:14 [main] INFO  o.f.core.internal.command.DbMigrate - Schema "main" is up to date. No migration necessary.
2026-05-11 15:52:46 [main] INFO  com.zaxxer.hikari.HikariDataSource - HikariPool-1 - Starting...
2026-05-11 15:52:46 [main] INFO  com.zaxxer.hikari.pool.HikariPool - HikariPool-1 - Added connection org.sqlite.jdbc4.JDBC4Connection@61001b64
2026-05-11 15:52:46 [main] INFO  com.zaxxer.hikari.HikariDataSource - HikariPool-1 - Start completed.
2026-05-11 15:52:46 [main] INFO  org.flywaydb.core.FlywayExecutor - Database: jdbc:sqlite:app.db (SQLite 3.50)
2026-05-11 15:52:46 [main] INFO  o.f.core.internal.command.DbValidate - Successfully validated 7 migrations (execution time 00:00.013s)
2026-05-11 15:52:46 [main] INFO  o.f.core.internal.command.DbMigrate - Current version of schema "main": 7
2026-05-11 15:52:46 [main] INFO  o.f.core.internal.command.DbMigrate - Schema "main" is up to date. No migration necessary.
2026-05-11 15:53:20 [main] INFO  com.zaxxer.hikari.HikariDataSource - HikariPool-1 - Starting...
2026-05-11 15:53:20 [main] INFO  com.zaxxer.hikari.pool.HikariPool - HikariPool-1 - Added connection org.sqlite.jdbc4.JDBC4Connection@61001b64
2026-05-11 15:53:20 [main] INFO  com.zaxxer.hikari.HikariDataSource - HikariPool-1 - Start completed.
2026-05-11 15:53:20 [main] INFO  org.flywaydb.core.FlywayExecutor - Database: jdbc:sqlite:app.db (SQLite 3.50)
2026-05-11 15:53:20 [main] INFO  o.f.core.internal.command.DbValidate - Successfully validated 7 migrations (execution time 00:00.014s)
2026-05-11 15:53:20 [main] INFO  o.f.core.internal.command.DbMigrate - Current version of schema "main": 7
2026-05-11 15:53:20 [main] INFO  o.f.core.internal.command.DbMigrate - Schema "main" is up to date. No migration necessary.
2026-05-11 16:03:38 [main] INFO  com.zaxxer.hikari.HikariDataSource - HikariPool-1 - Starting...
2026-05-11 16:03:38 [main] INFO  com.zaxxer.hikari.pool.HikariPool - HikariPool-1 - Added connection org.sqlite.jdbc4.JDBC4Connection@61001b64
2026-05-11 16:03:38 [main] INFO  com.zaxxer.hikari.HikariDataSource - HikariPool-1 - Start completed.
2026-05-11 16:03:38 [main] INFO  org.flywaydb.core.FlywayExecutor - Database: jdbc:sqlite:app.db (SQLite 3.50)
2026-05-11 16:03:38 [main] INFO  o.f.core.internal.command.DbValidate - Successfully validated 7 migrations (execution time 00:00.014s)
2026-05-11 16:03:38 [main] INFO  o.f.core.internal.command.DbMigrate - Current version of schema "main": 7
2026-05-11 16:03:38 [main] INFO  o.f.core.internal.command.DbMigrate - Schema "main" is up to date. No migration necessary.
2026-05-11 16:09:22 [main] INFO  com.zaxxer.hikari.HikariDataSource - HikariPool-1 - Starting...
2026-05-11 16:09:23 [main] INFO  com.zaxxer.hikari.pool.HikariPool - HikariPool-1 - Added connection org.sqlite.jdbc4.JDBC4Connection@61001b64
2026-05-11 16:09:23 [main] INFO  com.zaxxer.hikari.HikariDataSource - HikariPool-1 - Start completed.
2026-05-11 16:09:23 [main] INFO  org.flywaydb.core.FlywayExecutor - Database: jdbc:sqlite:app.db (SQLite 3.50)
2026-05-11 16:09:23 [main] INFO  o.f.core.internal.command.DbValidate - Successfully validated 7 migrations (execution time 00:00.015s)
2026-05-11 16:09:23 [main] INFO  o.f.core.internal.command.DbMigrate - Current version of schema "main": 7
2026-05-11 16:09:23 [main] INFO  o.f.core.internal.command.DbMigrate - Schema "main" is up to date. No migration necessary.
2026-05-11 16:14:27 [main] INFO  com.zaxxer.hikari.HikariDataSource - HikariPool-1 - Starting...
2026-05-11 16:14:28 [main] INFO  com.zaxxer.hikari.pool.HikariPool - HikariPool-1 - Added connection org.sqlite.jdbc4.JDBC4Connection@61001b64
2026-05-11 16:14:28 [main] INFO  com.zaxxer.hikari.HikariDataSource - HikariPool-1 - Start completed.
2026-05-11 16:14:28 [main] INFO  org.flywaydb.core.FlywayExecutor - Database: jdbc:sqlite:app.db (SQLite 3.50)
2026-05-11 16:14:28 [main] INFO  o.f.core.internal.command.DbValidate - Successfully validated 7 migrations (execution time 00:00.016s)
2026-05-11 16:14:28 [main] INFO  o.f.core.internal.command.DbMigrate - Current version of schema "main": 7
2026-05-11 16:14:28 [main] INFO  o.f.core.internal.command.DbMigrate - Schema "main" is up to date. No migration necessary.
2026-05-11 16:32:54 [main] INFO  com.zaxxer.hikari.HikariDataSource - HikariPool-1 - Starting...
2026-05-11 16:32:54 [main] INFO  com.zaxxer.hikari.pool.HikariPool - HikariPool-1 - Added connection org.sqlite.jdbc4.JDBC4Connection@61001b64
2026-05-11 16:32:54 [main] INFO  com.zaxxer.hikari.HikariDataSource - HikariPool-1 - Start completed.
2026-05-11 16:32:54 [main] INFO  org.flywaydb.core.FlywayExecutor - Database: jdbc:sqlite:app.db (SQLite 3.50)
2026-05-11 16:32:54 [main] INFO  o.f.core.internal.command.DbValidate - Successfully validated 7 migrations (execution time 00:00.014s)
2026-05-11 16:32:54 [main] INFO  o.f.core.internal.command.DbMigrate - Current version of schema "main": 7
2026-05-11 16:32:54 [main] INFO  o.f.core.internal.command.DbMigrate - Schema "main" is up to date. No migration necessary.
2026-05-11 16:34:22 [main] INFO  com.zaxxer.hikari.HikariDataSource - HikariPool-1 - Starting...
2026-05-11 16:34:22 [main] INFO  com.zaxxer.hikari.pool.HikariPool - HikariPool-1 - Added connection org.sqlite.jdbc4.JDBC4Connection@61001b64
2026-05-11 16:34:22 [main] INFO  com.zaxxer.hikari.HikariDataSource - HikariPool-1 - Start completed.
2026-05-11 16:34:22 [main] INFO  org.flywaydb.core.FlywayExecutor - Database: jdbc:sqlite:app.db (SQLite 3.50)
2026-05-11 16:34:22 [main] INFO  o.f.core.internal.command.DbValidate - Successfully validated 7 migrations (execution time 00:00.015s)
2026-05-11 16:34:22 [main] INFO  o.f.core.internal.command.DbMigrate - Current version of schema "main": 7
2026-05-11 16:34:22 [main] INFO  o.f.core.internal.command.DbMigrate - Schema "main" is up to date. No migration necessary.
2026-05-11 16:35:15 [main] INFO  com.zaxxer.hikari.HikariDataSource - HikariPool-1 - Starting...
2026-05-11 16:35:15 [main] INFO  com.zaxxer.hikari.pool.HikariPool - HikariPool-1 - Added connection org.sqlite.jdbc4.JDBC4Connection@61001b64
2026-05-11 16:35:15 [main] INFO  com.zaxxer.hikari.HikariDataSource - HikariPool-1 - Start completed.
2026-05-11 16:35:15 [main] INFO  org.flywaydb.core.FlywayExecutor - Database: jdbc:sqlite:app.db (SQLite 3.50)
2026-05-11 16:35:15 [main] INFO  o.f.core.internal.command.DbValidate - Successfully validated 7 migrations (execution time 00:00.015s)
2026-05-11 16:35:15 [main] INFO  o.f.core.internal.command.DbMigrate - Current version of schema "main": 7
2026-05-11 16:35:15 [main] INFO  o.f.core.internal.command.DbMigrate - Schema "main" is up to date. No migration necessary.
2026-05-11 16:39:42 [main] INFO  com.zaxxer.hikari.HikariDataSource - HikariPool-1 - Starting...
2026-05-11 16:39:42 [main] INFO  com.zaxxer.hikari.pool.HikariPool - HikariPool-1 - Added connection org.sqlite.jdbc4.JDBC4Connection@61001b64
2026-05-11 16:39:42 [main] INFO  com.zaxxer.hikari.HikariDataSource - HikariPool-1 - Start completed.
2026-05-11 16:39:43 [main] INFO  org.flywaydb.core.FlywayExecutor - Database: jdbc:sqlite:app.db (SQLite 3.50)
2026-05-11 16:39:43 [main] INFO  o.f.core.internal.command.DbValidate - Successfully validated 7 migrations (execution time 00:00.013s)
2026-05-11 16:39:43 [main] INFO  o.f.core.internal.command.DbMigrate - Current version of schema "main": 7
2026-05-11 16:39:43 [main] INFO  o.f.core.internal.command.DbMigrate - Schema "main" is up to date. No migration necessary.
2026-05-11 16:40:50 [main] INFO  com.zaxxer.hikari.HikariDataSource - HikariPool-1 - Starting...
2026-05-11 16:40:50 [main] INFO  com.zaxxer.hikari.pool.HikariPool - HikariPool-1 - Added connection org.sqlite.jdbc4.JDBC4Connection@61001b64
2026-05-11 16:40:50 [main] INFO  com.zaxxer.hikari.HikariDataSource - HikariPool-1 - Start completed.
2026-05-11 16:40:50 [main] INFO  org.flywaydb.core.FlywayExecutor - Database: jdbc:sqlite:app.db (SQLite 3.50)
2026-05-11 16:40:50 [main] INFO  o.f.core.internal.command.DbValidate - Successfully validated 7 migrations (execution time 00:00.015s)
2026-05-11 16:40:50 [main] INFO  o.f.core.internal.command.DbMigrate - Current version of schema "main": 7
2026-05-11 16:40:50 [main] INFO  o.f.core.internal.command.DbMigrate - Schema "main" is up to date. No migration necessary.
2026-05-11 16:41:18 [main] INFO  com.zaxxer.hikari.HikariDataSource - HikariPool-1 - Starting...
2026-05-11 16:41:18 [main] INFO  com.zaxxer.hikari.pool.HikariPool - HikariPool-1 - Added connection org.sqlite.jdbc4.JDBC4Connection@61001b64
2026-05-11 16:41:18 [main] INFO  com.zaxxer.hikari.HikariDataSource - HikariPool-1 - Start completed.
2026-05-11 16:41:18 [main] INFO  org.flywaydb.core.FlywayExecutor - Database: jdbc:sqlite:app.db (SQLite 3.50)
2026-05-11 16:41:18 [main] INFO  o.f.core.internal.command.DbValidate - Successfully validated 7 migrations (execution time 00:00.014s)
2026-05-11 16:41:18 [main] INFO  o.f.core.internal.command.DbMigrate - Current version of schema "main": 7
2026-05-11 16:41:18 [main] INFO  o.f.core.internal.command.DbMigrate - Schema "main" is up to date. No migration necessary.
2026-05-11 16:41:43 [main] INFO  com.zaxxer.hikari.HikariDataSource - HikariPool-1 - Starting...
2026-05-11 16:41:43 [main] INFO  com.zaxxer.hikari.pool.HikariPool - HikariPool-1 - Added connection org.sqlite.jdbc4.JDBC4Connection@61001b64
2026-05-11 16:41:43 [main] INFO  com.zaxxer.hikari.HikariDataSource - HikariPool-1 - Start completed.
2026-05-11 16:41:43 [main] INFO  org.flywaydb.core.FlywayExecutor - Database: jdbc:sqlite:app.db (SQLite 3.50)
2026-05-11 16:41:43 [main] INFO  o.f.core.internal.command.DbValidate - Successfully validated 7 migrations (execution time 00:00.014s)
2026-05-11 16:41:43 [main] INFO  o.f.core.internal.command.DbMigrate - Current version of schema "main": 7
2026-05-11 16:41:43 [main] INFO  o.f.core.internal.command.DbMigrate - Schema "main" is up to date. No migration necessary.
2026-05-11 16:42:34 [main] INFO  com.zaxxer.hikari.HikariDataSource - HikariPool-1 - Starting...
2026-05-11 16:42:34 [main] INFO  com.zaxxer.hikari.pool.HikariPool - HikariPool-1 - Added connection org.sqlite.jdbc4.JDBC4Connection@61001b64
2026-05-11 16:42:34 [main] INFO  com.zaxxer.hikari.HikariDataSource - HikariPool-1 - Start completed.
2026-05-11 16:42:34 [main] INFO  org.flywaydb.core.FlywayExecutor - Database: jdbc:sqlite:app.db (SQLite 3.50)
2026-05-11 16:42:34 [main] INFO  o.f.core.internal.command.DbValidate - Successfully validated 7 migrations (execution time 00:00.014s)
2026-05-11 16:42:34 [main] INFO  o.f.core.internal.command.DbMigrate - Current version of schema "main": 7
2026-05-11 16:42:34 [main] INFO  o.f.core.internal.command.DbMigrate - Schema "main" is up to date. No migration necessary.
2026-05-11 16:43:02 [main] INFO  com.zaxxer.hikari.HikariDataSource - HikariPool-1 - Starting...
2026-05-11 16:43:02 [main] INFO  com.zaxxer.hikari.pool.HikariPool - HikariPool-1 - Added connection org.sqlite.jdbc4.JDBC4Connection@2eea88a1
2026-05-11 16:43:02 [main] INFO  com.zaxxer.hikari.HikariDataSource - HikariPool-1 - Start completed.
2026-05-11 16:43:02 [main] INFO  org.flywaydb.core.FlywayExecutor - Database: jdbc:sqlite:app.db (SQLite 3.50)
2026-05-11 16:43:02 [main] INFO  o.f.core.internal.command.DbValidate - Successfully validated 7 migrations (execution time 00:00.015s)
2026-05-11 16:43:02 [main] INFO  o.f.core.internal.command.DbMigrate - Current version of schema "main": 7
2026-05-11 16:43:02 [main] INFO  o.f.core.internal.command.DbMigrate - Schema "main" is up to date. No migration necessary.
2026-05-11 16:46:01 [main] INFO  com.zaxxer.hikari.HikariDataSource - HikariPool-1 - Starting...
2026-05-11 16:46:01 [main] INFO  com.zaxxer.hikari.pool.HikariPool - HikariPool-1 - Added connection org.sqlite.jdbc4.JDBC4Connection@61001b64
2026-05-11 16:46:01 [main] INFO  com.zaxxer.hikari.HikariDataSource - HikariPool-1 - Start completed.
2026-05-11 16:46:01 [main] INFO  org.flywaydb.core.FlywayExecutor - Database: jdbc:sqlite:app.db (SQLite 3.50)
2026-05-11 16:46:01 [main] INFO  o.f.core.internal.command.DbValidate - Successfully validated 7 migrations (execution time 00:00.014s)
2026-05-11 16:46:01 [main] INFO  o.f.core.internal.command.DbMigrate - Current version of schema "main": 7
2026-05-11 16:46:01 [main] INFO  o.f.core.internal.command.DbMigrate - Schema "main" is up to date. No migration necessary.
2026-05-11 16:47:00 [main] INFO  com.zaxxer.hikari.HikariDataSource - HikariPool-1 - Starting...
2026-05-11 16:47:00 [main] INFO  com.zaxxer.hikari.pool.HikariPool - HikariPool-1 - Added connection org.sqlite.jdbc4.JDBC4Connection@61001b64
2026-05-11 16:47:00 [main] INFO  com.zaxxer.hikari.HikariDataSource - HikariPool-1 - Start completed.
2026-05-11 16:47:00 [main] INFO  org.flywaydb.core.FlywayExecutor - Database: jdbc:sqlite:app.db (SQLite 3.50)
2026-05-11 16:47:00 [main] INFO  o.f.core.internal.command.DbValidate - Successfully validated 7 migrations (execution time 00:00.014s)
2026-05-11 16:47:00 [main] INFO  o.f.core.internal.command.DbMigrate - Current version of schema "main": 7
2026-05-11 16:47:00 [main] INFO  o.f.core.internal.command.DbMigrate - Schema "main" is up to date. No migration necessary.
2026-05-11 16:47:32 [main] INFO  com.zaxxer.hikari.HikariDataSource - HikariPool-1 - Starting...
2026-05-11 16:47:32 [main] INFO  com.zaxxer.hikari.pool.HikariPool - HikariPool-1 - Added connection org.sqlite.jdbc4.JDBC4Connection@61001b64
2026-05-11 16:47:32 [main] INFO  com.zaxxer.hikari.HikariDataSource - HikariPool-1 - Start completed.
2026-05-11 16:47:32 [main] INFO  org.flywaydb.core.FlywayExecutor - Database: jdbc:sqlite:app.db (SQLite 3.50)
2026-05-11 16:47:32 [main] INFO  o.f.core.internal.command.DbValidate - Successfully validated 7 migrations (execution time 00:00.014s)
2026-05-11 16:47:32 [main] INFO  o.f.core.internal.command.DbMigrate - Current version of schema "main": 7
2026-05-11 16:47:32 [main] INFO  o.f.core.internal.command.DbMigrate - Schema "main" is up to date. No migration necessary.
2026-05-11 16:48:07 [main] INFO  com.zaxxer.hikari.HikariDataSource - HikariPool-1 - Starting...
2026-05-11 16:48:07 [main] INFO  com.zaxxer.hikari.pool.HikariPool - HikariPool-1 - Added connection org.sqlite.jdbc4.JDBC4Connection@61001b64
2026-05-11 16:48:07 [main] INFO  com.zaxxer.hikari.HikariDataSource - HikariPool-1 - Start completed.
2026-05-11 16:48:07 [main] INFO  org.flywaydb.core.FlywayExecutor - Database: jdbc:sqlite:app.db (SQLite 3.50)
2026-05-11 16:48:07 [main] INFO  o.f.core.internal.command.DbValidate - Successfully validated 7 migrations (execution time 00:00.014s)
2026-05-11 16:48:07 [main] INFO  o.f.core.internal.command.DbMigrate - Current version of schema "main": 7
2026-05-11 16:48:07 [main] INFO  o.f.core.internal.command.DbMigrate - Schema "main" is up to date. No migration necessary.
2026-05-11 16:48:42 [main] INFO  com.zaxxer.hikari.HikariDataSource - HikariPool-1 - Starting...
2026-05-11 16:48:42 [main] INFO  com.zaxxer.hikari.pool.HikariPool - HikariPool-1 - Added connection org.sqlite.jdbc4.JDBC4Connection@61001b64
2026-05-11 16:48:42 [main] INFO  com.zaxxer.hikari.HikariDataSource - HikariPool-1 - Start completed.
2026-05-11 16:48:42 [main] INFO  org.flywaydb.core.FlywayExecutor - Database: jdbc:sqlite:app.db (SQLite 3.50)
2026-05-11 16:48:42 [main] INFO  o.f.core.internal.command.DbValidate - Successfully validated 7 migrations (execution time 00:00.013s)
2026-05-11 16:48:42 [main] INFO  o.f.core.internal.command.DbMigrate - Current version of schema "main": 7
2026-05-11 16:48:42 [main] INFO  o.f.core.internal.command.DbMigrate - Schema "main" is up to date. No migration necessary.
2026-05-11 16:50:08 [main] INFO  com.zaxxer.hikari.HikariDataSource - HikariPool-1 - Starting...
2026-05-11 16:50:08 [main] INFO  com.zaxxer.hikari.pool.HikariPool - HikariPool-1 - Added connection org.sqlite.jdbc4.JDBC4Connection@61001b64
2026-05-11 16:50:08 [main] INFO  com.zaxxer.hikari.HikariDataSource - HikariPool-1 - Start completed.
2026-05-11 16:50:08 [main] INFO  org.flywaydb.core.FlywayExecutor - Database: jdbc:sqlite:app.db (SQLite 3.50)
2026-05-11 16:50:08 [main] INFO  o.f.core.internal.command.DbValidate - Successfully validated 7 migrations (execution time 00:00.014s)
2026-05-11 16:50:08 [main] INFO  o.f.core.internal.command.DbMigrate - Current version of schema "main": 7
2026-05-11 16:50:08 [main] INFO  o.f.core.internal.command.DbMigrate - Schema "main" is up to date. No migration necessary.
2026-05-11 16:51:22 [main] INFO  com.zaxxer.hikari.HikariDataSource - HikariPool-1 - Starting...
2026-05-11 16:51:22 [main] INFO  com.zaxxer.hikari.pool.HikariPool - HikariPool-1 - Added connection org.sqlite.jdbc4.JDBC4Connection@61001b64
2026-05-11 16:51:22 [main] INFO  com.zaxxer.hikari.HikariDataSource - HikariPool-1 - Start completed.
2026-05-11 16:51:22 [main] INFO  org.flywaydb.core.FlywayExecutor - Database: jdbc:sqlite:app.db (SQLite 3.50)
2026-05-11 16:51:22 [main] INFO  o.f.core.internal.command.DbValidate - Successfully validated 7 migrations (execution time 00:00.014s)
2026-05-11 16:51:22 [main] INFO  o.f.core.internal.command.DbMigrate - Current version of schema "main": 7
2026-05-11 16:51:22 [main] INFO  o.f.core.internal.command.DbMigrate - Schema "main" is up to date. No migration necessary.
2026-05-11 16:53:20 [main] INFO  com.zaxxer.hikari.HikariDataSource - HikariPool-1 - Starting...
2026-05-11 16:53:20 [main] INFO  com.zaxxer.hikari.pool.HikariPool - HikariPool-1 - Added connection org.sqlite.jdbc4.JDBC4Connection@61001b64
2026-05-11 16:53:20 [main] INFO  com.zaxxer.hikari.HikariDataSource - HikariPool-1 - Start completed.
2026-05-11 16:53:20 [main] INFO  org.flywaydb.core.FlywayExecutor - Database: jdbc:sqlite:app.db (SQLite 3.50)
2026-05-11 16:53:20 [main] INFO  o.f.core.internal.command.DbValidate - Successfully validated 7 migrations (execution time 00:00.014s)
2026-05-11 16:53:20 [main] INFO  o.f.core.internal.command.DbMigrate - Current version of schema "main": 7
2026-05-11 16:53:20 [main] INFO  o.f.core.internal.command.DbMigrate - Schema "main" is up to date. No migration necessary.
2026-05-11 16:55:41 [main] INFO  com.zaxxer.hikari.HikariDataSource - HikariPool-1 - Starting...
2026-05-11 16:55:41 [main] INFO  com.zaxxer.hikari.pool.HikariPool - HikariPool-1 - Added connection org.sqlite.jdbc4.JDBC4Connection@61001b64
2026-05-11 16:55:41 [main] INFO  com.zaxxer.hikari.HikariDataSource - HikariPool-1 - Start completed.
2026-05-11 16:55:41 [main] INFO  org.flywaydb.core.FlywayExecutor - Database: jdbc:sqlite:app.db (SQLite 3.50)
2026-05-11 16:55:41 [main] INFO  o.f.core.internal.command.DbValidate - Successfully validated 7 migrations (execution time 00:00.013s)
2026-05-11 16:55:41 [main] INFO  o.f.core.internal.command.DbMigrate - Current version of schema "main": 7
2026-05-11 16:55:41 [main] INFO  o.f.core.internal.command.DbMigrate - Schema "main" is up to date. No migration necessary.
2026-05-11 16:56:52 [main] INFO  com.zaxxer.hikari.HikariDataSource - HikariPool-1 - Starting...
2026-05-11 16:56:52 [main] INFO  com.zaxxer.hikari.pool.HikariPool - HikariPool-1 - Added connection org.sqlite.jdbc4.JDBC4Connection@61001b64
2026-05-11 16:56:52 [main] INFO  com.zaxxer.hikari.HikariDataSource - HikariPool-1 - Start completed.
2026-05-11 16:56:52 [main] INFO  org.flywaydb.core.FlywayExecutor - Database: jdbc:sqlite:app.db (SQLite 3.50)
2026-05-11 16:56:52 [main] INFO  o.f.core.internal.command.DbValidate - Successfully validated 7 migrations (execution time 00:00.016s)
2026-05-11 16:56:53 [main] INFO  o.f.core.internal.command.DbMigrate - Current version of schema "main": 7
2026-05-11 16:56:53 [main] INFO  o.f.core.internal.command.DbMigrate - Schema "main" is up to date. No migration necessary.
2026-05-11 17:00:02 [main] INFO  com.zaxxer.hikari.HikariDataSource - HikariPool-1 - Starting...
2026-05-11 17:00:02 [main] INFO  com.zaxxer.hikari.pool.HikariPool - HikariPool-1 - Added connection org.sqlite.jdbc4.JDBC4Connection@61001b64
2026-05-11 17:00:02 [main] INFO  com.zaxxer.hikari.HikariDataSource - HikariPool-1 - Start completed.
2026-05-11 17:00:02 [main] INFO  org.flywaydb.core.FlywayExecutor - Database: jdbc:sqlite:app.db (SQLite 3.50)
2026-05-11 17:00:02 [main] INFO  o.f.core.internal.command.DbValidate - Successfully validated 7 migrations (execution time 00:00.014s)
2026-05-11 17:00:02 [main] INFO  o.f.core.internal.command.DbMigrate - Current version of schema "main": 7
2026-05-11 17:00:02 [main] INFO  o.f.core.internal.command.DbMigrate - Schema "main" is up to date. No migration necessary.
2026-05-11 17:01:46 [main] INFO  com.zaxxer.hikari.HikariDataSource - HikariPool-1 - Starting...
2026-05-11 17:01:46 [main] INFO  com.zaxxer.hikari.pool.HikariPool - HikariPool-1 - Added connection org.sqlite.jdbc4.JDBC4Connection@61001b64
2026-05-11 17:01:46 [main] INFO  com.zaxxer.hikari.HikariDataSource - HikariPool-1 - Start completed.
2026-05-11 17:01:46 [main] INFO  org.flywaydb.core.FlywayExecutor - Database: jdbc:sqlite:app.db (SQLite 3.50)
2026-05-11 17:01:46 [main] INFO  o.f.core.internal.command.DbValidate - Successfully validated 7 migrations (execution time 00:00.015s)
2026-05-11 17:01:46 [main] INFO  o.f.core.internal.command.DbMigrate - Current version of schema "main": 7
2026-05-11 17:01:46 [main] INFO  o.f.core.internal.command.DbMigrate - Schema "main" is up to date. No migration necessary.
2026-05-11 17:13:38 [main] INFO  com.zaxxer.hikari.HikariDataSource - HikariPool-1 - Starting...
2026-05-11 17:13:38 [main] INFO  com.zaxxer.hikari.pool.HikariPool - HikariPool-1 - Added connection org.sqlite.jdbc4.JDBC4Connection@61001b64
2026-05-11 17:13:38 [main] INFO  com.zaxxer.hikari.HikariDataSource - HikariPool-1 - Start completed.
2026-05-11 17:13:38 [main] INFO  org.flywaydb.core.FlywayExecutor - Database: jdbc:sqlite:app.db (SQLite 3.50)
2026-05-11 17:13:38 [main] INFO  o.f.core.internal.command.DbValidate - Successfully validated 7 migrations (execution time 00:00.015s)
2026-05-11 17:13:38 [main] INFO  o.f.core.internal.command.DbMigrate - Current version of schema "main": 7
2026-05-11 17:13:38 [main] INFO  o.f.core.internal.command.DbMigrate - Schema "main" is up to date. No migration necessary.
2026-05-12 15:30:42 [main] INFO  com.zaxxer.hikari.HikariDataSource - HikariPool-1 - Starting...
2026-05-12 15:30:42 [main] INFO  com.zaxxer.hikari.pool.HikariPool - HikariPool-1 - Added connection org.sqlite.jdbc4.JDBC4Connection@61001b64
2026-05-12 15:30:42 [main] INFO  com.zaxxer.hikari.HikariDataSource - HikariPool-1 - Start completed.
2026-05-12 15:30:42 [main] INFO  org.flywaydb.core.FlywayExecutor - Database: jdbc:sqlite:app.db (SQLite 3.50)
2026-05-12 15:30:42 [main] INFO  o.f.core.internal.command.DbValidate - Successfully validated 7 migrations (execution time 00:00.019s)
2026-05-12 15:30:42 [main] INFO  o.f.core.internal.command.DbMigrate - Current version of schema "main": 7
2026-05-12 15:30:42 [main] INFO  o.f.core.internal.command.DbMigrate - Schema "main" is up to date. No migration necessary.
2026-05-12 15:40:04 [main] INFO  com.zaxxer.hikari.HikariDataSource - HikariPool-1 - Starting...
2026-05-12 15:40:04 [main] INFO  com.zaxxer.hikari.pool.HikariPool - HikariPool-1 - Added connection org.sqlite.jdbc4.JDBC4Connection@61001b64
2026-05-12 15:40:04 [main] INFO  com.zaxxer.hikari.HikariDataSource - HikariPool-1 - Start completed.
2026-05-12 15:40:04 [main] INFO  org.flywaydb.core.FlywayExecutor - Database: jdbc:sqlite:app.db (SQLite 3.50)
2026-05-12 15:40:04 [main] INFO  o.f.core.internal.command.DbValidate - Successfully validated 7 migrations (execution time 00:00.014s)
2026-05-12 15:40:04 [main] INFO  o.f.core.internal.command.DbMigrate - Current version of schema "main": 7
2026-05-12 15:40:04 [main] INFO  o.f.core.internal.command.DbMigrate - Schema "main" is up to date. No migration necessary.
2026-05-12 15:43:20 [main] INFO  com.zaxxer.hikari.HikariDataSource - HikariPool-1 - Starting...
2026-05-12 15:43:20 [main] INFO  com.zaxxer.hikari.pool.HikariPool - HikariPool-1 - Added connection org.sqlite.jdbc4.JDBC4Connection@61001b64
2026-05-12 15:43:20 [main] INFO  com.zaxxer.hikari.HikariDataSource - HikariPool-1 - Start completed.
2026-05-12 15:43:21 [main] INFO  org.flywaydb.core.FlywayExecutor - Database: jdbc:sqlite:app.db (SQLite 3.50)
2026-05-12 15:43:21 [main] INFO  o.f.core.internal.command.DbValidate - Successfully validated 7 migrations (execution time 00:00.017s)
2026-05-12 15:43:21 [main] INFO  o.f.core.internal.command.DbMigrate - Current version of schema "main": 7
2026-05-12 15:43:21 [main] INFO  o.f.core.internal.command.DbMigrate - Schema "main" is up to date. No migration necessary.
2026-05-12 16:42:00 [HikariPool-1 housekeeper] WARN  com.zaxxer.hikari.pool.HikariPool - HikariPool-1 - Thread starvation or clock leap detected (housekeeper delta=25m39s665ms224µs300ns).
2026-05-12 18:13:10 [HikariPool-1 housekeeper] WARN  com.zaxxer.hikari.pool.HikariPool - HikariPool-1 - Thread starvation or clock leap detected (housekeeper delta=1h31m18s165ms585µs).
2026-05-12 20:19:02 [main] INFO  com.zaxxer.hikari.HikariDataSource - HikariPool-1 - Starting...
2026-05-12 20:19:02 [main] INFO  com.zaxxer.hikari.pool.HikariPool - HikariPool-1 - Added connection org.sqlite.jdbc4.JDBC4Connection@61001b64
2026-05-12 20:19:02 [main] INFO  com.zaxxer.hikari.HikariDataSource - HikariPool-1 - Start completed.
2026-05-12 20:19:02 [main] INFO  org.flywaydb.core.FlywayExecutor - Database: jdbc:sqlite:app.db (SQLite 3.50)
2026-05-12 20:19:02 [main] INFO  o.f.core.internal.command.DbValidate - Successfully validated 7 migrations (execution time 00:00.020s)
2026-05-12 20:19:02 [main] INFO  o.f.core.internal.command.DbMigrate - Current version of schema "main": 7
2026-05-12 20:19:02 [main] INFO  o.f.core.internal.command.DbMigrate - Schema "main" is up to date. No migration necessary.
2026-05-12 20:21:36 [main] INFO  com.zaxxer.hikari.HikariDataSource - HikariPool-1 - Starting...
2026-05-12 20:21:36 [main] INFO  com.zaxxer.hikari.pool.HikariPool - HikariPool-1 - Added connection org.sqlite.jdbc4.JDBC4Connection@61001b64
2026-05-12 20:21:36 [main] INFO  com.zaxxer.hikari.HikariDataSource - HikariPool-1 - Start completed.
2026-05-12 20:21:36 [main] INFO  org.flywaydb.core.FlywayExecutor - Database: jdbc:sqlite:app.db (SQLite 3.50)
2026-05-12 20:21:36 [main] INFO  o.f.core.internal.command.DbValidate - Successfully validated 7 migrations (execution time 00:00.014s)
2026-05-12 20:21:36 [main] INFO  o.f.core.internal.command.DbMigrate - Current version of schema "main": 7
2026-05-12 20:21:36 [main] INFO  o.f.core.internal.command.DbMigrate - Schema "main" is up to date. No migration necessary.
2026-05-12 20:32:09 [main] INFO  com.zaxxer.hikari.HikariDataSource - HikariPool-1 - Starting...
2026-05-12 20:32:09 [main] INFO  com.zaxxer.hikari.pool.HikariPool - HikariPool-1 - Added connection org.sqlite.jdbc4.JDBC4Connection@61001b64
2026-05-12 20:32:09 [main] INFO  com.zaxxer.hikari.HikariDataSource - HikariPool-1 - Start completed.
2026-05-12 20:32:09 [main] INFO  org.flywaydb.core.FlywayExecutor - Database: jdbc:sqlite:app.db (SQLite 3.50)
2026-05-12 20:32:09 [main] INFO  o.f.core.internal.command.DbValidate - Successfully validated 7 migrations (execution time 00:00.015s)
2026-05-12 20:32:09 [main] INFO  o.f.core.internal.command.DbMigrate - Current version of schema "main": 7
2026-05-12 20:32:09 [main] INFO  o.f.core.internal.command.DbMigrate - Schema "main" is up to date. No migration necessary.
2026-05-12 20:34:31 [main] INFO  com.zaxxer.hikari.HikariDataSource - HikariPool-1 - Starting...
2026-05-12 20:34:31 [main] INFO  com.zaxxer.hikari.pool.HikariPool - HikariPool-1 - Added connection org.sqlite.jdbc4.JDBC4Connection@61001b64
2026-05-12 20:34:31 [main] INFO  com.zaxxer.hikari.HikariDataSource - HikariPool-1 - Start completed.
2026-05-12 20:34:32 [main] INFO  org.flywaydb.core.FlywayExecutor - Database: jdbc:sqlite:app.db (SQLite 3.50)
2026-05-12 20:34:32 [main] INFO  o.f.core.internal.command.DbValidate - Successfully validated 7 migrations (execution time 00:00.015s)
2026-05-12 20:34:32 [main] INFO  o.f.core.internal.command.DbMigrate - Current version of schema "main": 7
2026-05-12 20:34:32 [main] INFO  o.f.core.internal.command.DbMigrate - Schema "main" is up to date. No migration necessary.
2026-05-12 20:45:13 [main] INFO  com.zaxxer.hikari.HikariDataSource - HikariPool-1 - Starting...
2026-05-12 20:45:13 [main] INFO  com.zaxxer.hikari.pool.HikariPool - HikariPool-1 - Added connection org.sqlite.jdbc4.JDBC4Connection@61001b64
2026-05-12 20:45:13 [main] INFO  com.zaxxer.hikari.HikariDataSource - HikariPool-1 - Start completed.
2026-05-12 20:45:13 [main] INFO  org.flywaydb.core.FlywayExecutor - Database: jdbc:sqlite:app.db (SQLite 3.50)
2026-05-12 20:45:13 [main] INFO  o.f.core.internal.command.DbValidate - Successfully validated 7 migrations (execution time 00:00.014s)
2026-05-12 20:45:13 [main] INFO  o.f.core.internal.command.DbMigrate - Current version of schema "main": 7
2026-05-12 20:45:13 [main] INFO  o.f.core.internal.command.DbMigrate - Schema "main" is up to date. No migration necessary.
2026-05-12 20:48:46 [main] INFO  com.zaxxer.hikari.HikariDataSource - HikariPool-1 - Starting...
2026-05-12 20:48:47 [main] INFO  com.zaxxer.hikari.pool.HikariPool - HikariPool-1 - Added connection org.sqlite.jdbc4.JDBC4Connection@61001b64
2026-05-12 20:48:47 [main] INFO  com.zaxxer.hikari.HikariDataSource - HikariPool-1 - Start completed.
2026-05-12 20:48:47 [main] INFO  org.flywaydb.core.FlywayExecutor - Database: jdbc:sqlite:app.db (SQLite 3.50)
2026-05-12 20:48:47 [main] INFO  o.f.core.internal.command.DbValidate - Successfully validated 7 migrations (execution time 00:00.016s)
2026-05-12 20:48:47 [main] INFO  o.f.core.internal.command.DbMigrate - Current version of schema "main": 7
2026-05-12 20:48:47 [main] INFO  o.f.core.internal.command.DbMigrate - Schema "main" is up to date. No migration necessary.
2026-05-12 20:55:30 [main] INFO  com.zaxxer.hikari.HikariDataSource - HikariPool-1 - Starting...
2026-05-12 20:55:30 [main] INFO  com.zaxxer.hikari.pool.HikariPool - HikariPool-1 - Added connection org.sqlite.jdbc4.JDBC4Connection@61001b64
2026-05-12 20:55:30 [main] INFO  com.zaxxer.hikari.HikariDataSource - HikariPool-1 - Start completed.
2026-05-12 20:55:30 [main] INFO  org.flywaydb.core.FlywayExecutor - Database: jdbc:sqlite:app.db (SQLite 3.50)
2026-05-12 20:55:30 [main] INFO  o.f.core.internal.command.DbValidate - Successfully validated 7 migrations (execution time 00:00.015s)
2026-05-12 20:55:30 [main] INFO  o.f.core.internal.command.DbMigrate - Current version of schema "main": 7
2026-05-12 20:55:30 [main] INFO  o.f.core.internal.command.DbMigrate - Schema "main" is up to date. No migration necessary.
2026-05-12 20:59:59 [main] INFO  com.zaxxer.hikari.HikariDataSource - HikariPool-1 - Starting...
2026-05-12 21:00:00 [main] INFO  com.zaxxer.hikari.pool.HikariPool - HikariPool-1 - Added connection org.sqlite.jdbc4.JDBC4Connection@61001b64
2026-05-12 21:00:00 [main] INFO  com.zaxxer.hikari.HikariDataSource - HikariPool-1 - Start completed.
2026-05-12 21:00:00 [main] INFO  org.flywaydb.core.FlywayExecutor - Database: jdbc:sqlite:app.db (SQLite 3.50)
2026-05-12 21:00:00 [main] INFO  o.f.core.internal.command.DbValidate - Successfully validated 7 migrations (execution time 00:00.013s)
2026-05-12 21:00:00 [main] INFO  o.f.core.internal.command.DbMigrate - Current version of schema "main": 7
2026-05-12 21:00:00 [main] INFO  o.f.core.internal.command.DbMigrate - Schema "main" is up to date. No migration necessary.
2026-05-12 21:00:53 [main] INFO  com.zaxxer.hikari.HikariDataSource - HikariPool-1 - Starting...
2026-05-12 21:00:53 [main] INFO  com.zaxxer.hikari.pool.HikariPool - HikariPool-1 - Added connection org.sqlite.jdbc4.JDBC4Connection@61001b64
2026-05-12 21:00:53 [main] INFO  com.zaxxer.hikari.HikariDataSource - HikariPool-1 - Start completed.
2026-05-12 21:00:53 [main] INFO  org.flywaydb.core.FlywayExecutor - Database: jdbc:sqlite:app.db (SQLite 3.50)
2026-05-12 21:00:53 [main] INFO  o.f.core.internal.command.DbValidate - Successfully validated 7 migrations (execution time 00:00.013s)
2026-05-12 21:00:53 [main] INFO  o.f.core.internal.command.DbMigrate - Current version of schema "main": 7
2026-05-12 21:00:53 [main] INFO  o.f.core.internal.command.DbMigrate - Schema "main" is up to date. No migration necessary.
2026-05-12 21:03:56 [main] INFO  com.zaxxer.hikari.HikariDataSource - HikariPool-1 - Starting...
2026-05-12 21:03:56 [main] INFO  com.zaxxer.hikari.pool.HikariPool - HikariPool-1 - Added connection org.sqlite.jdbc4.JDBC4Connection@61001b64
2026-05-12 21:03:56 [main] INFO  com.zaxxer.hikari.HikariDataSource - HikariPool-1 - Start completed.
2026-05-12 21:03:56 [main] INFO  org.flywaydb.core.FlywayExecutor - Database: jdbc:sqlite:app.db (SQLite 3.50)
2026-05-12 21:03:56 [main] INFO  o.f.core.internal.command.DbValidate - Successfully validated 7 migrations (execution time 00:00.014s)
2026-05-12 21:03:56 [main] INFO  o.f.core.internal.command.DbMigrate - Current version of schema "main": 7
2026-05-12 21:03:56 [main] INFO  o.f.core.internal.command.DbMigrate - Schema "main" is up to date. No migration necessary.
2026-05-12 21:05:07 [main] INFO  com.zaxxer.hikari.HikariDataSource - HikariPool-1 - Starting...
2026-05-12 21:05:07 [main] INFO  com.zaxxer.hikari.pool.HikariPool - HikariPool-1 - Added connection org.sqlite.jdbc4.JDBC4Connection@61001b64
2026-05-12 21:05:07 [main] INFO  com.zaxxer.hikari.HikariDataSource - HikariPool-1 - Start completed.
2026-05-12 21:05:07 [main] INFO  org.flywaydb.core.FlywayExecutor - Database: jdbc:sqlite:app.db (SQLite 3.50)
2026-05-12 21:05:07 [main] INFO  o.f.core.internal.command.DbValidate - Successfully validated 7 migrations (execution time 00:00.015s)
2026-05-12 21:05:07 [main] INFO  o.f.core.internal.command.DbMigrate - Current version of schema "main": 7
2026-05-12 21:05:07 [main] INFO  o.f.core.internal.command.DbMigrate - Schema "main" is up to date. No migration necessary.
2026-05-12 21:07:51 [main] INFO  com.zaxxer.hikari.HikariDataSource - HikariPool-1 - Starting...
2026-05-12 21:07:51 [main] INFO  com.zaxxer.hikari.pool.HikariPool - HikariPool-1 - Added connection org.sqlite.jdbc4.JDBC4Connection@61001b64
2026-05-12 21:07:51 [main] INFO  com.zaxxer.hikari.HikariDataSource - HikariPool-1 - Start completed.
2026-05-12 21:07:51 [main] INFO  org.flywaydb.core.FlywayExecutor - Database: jdbc:sqlite:app.db (SQLite 3.50)
2026-05-12 21:07:51 [main] INFO  o.f.core.internal.command.DbValidate - Successfully validated 7 migrations (execution time 00:00.012s)
2026-05-12 21:07:51 [main] INFO  o.f.core.internal.command.DbMigrate - Current version of schema "main": 7
2026-05-12 21:07:51 [main] INFO  o.f.core.internal.command.DbMigrate - Schema "main" is up to date. No migration necessary.
2026-05-12 21:08:33 [main] INFO  com.zaxxer.hikari.HikariDataSource - HikariPool-1 - Starting...
2026-05-12 21:08:33 [main] INFO  com.zaxxer.hikari.pool.HikariPool - HikariPool-1 - Added connection org.sqlite.jdbc4.JDBC4Connection@61001b64
2026-05-12 21:08:33 [main] INFO  com.zaxxer.hikari.HikariDataSource - HikariPool-1 - Start completed.
2026-05-12 21:08:34 [main] INFO  org.flywaydb.core.FlywayExecutor - Database: jdbc:sqlite:app.db (SQLite 3.50)
2026-05-12 21:08:34 [main] INFO  o.f.core.internal.command.DbValidate - Successfully validated 7 migrations (execution time 00:00.015s)
2026-05-12 21:08:34 [main] INFO  o.f.core.internal.command.DbMigrate - Current version of schema "main": 7
2026-05-12 21:08:34 [main] INFO  o.f.core.internal.command.DbMigrate - Schema "main" is up to date. No migration necessary.
2026-05-12 21:09:45 [main] INFO  com.zaxxer.hikari.HikariDataSource - HikariPool-1 - Starting...
2026-05-12 21:09:46 [main] INFO  com.zaxxer.hikari.pool.HikariPool - HikariPool-1 - Added connection org.sqlite.jdbc4.JDBC4Connection@61001b64
2026-05-12 21:09:46 [main] INFO  com.zaxxer.hikari.HikariDataSource - HikariPool-1 - Start completed.
2026-05-12 21:09:46 [main] INFO  org.flywaydb.core.FlywayExecutor - Database: jdbc:sqlite:app.db (SQLite 3.50)
2026-05-12 21:09:46 [main] INFO  o.f.core.internal.command.DbValidate - Successfully validated 7 migrations (execution time 00:00.013s)
2026-05-12 21:09:46 [main] INFO  o.f.core.internal.command.DbMigrate - Current version of schema "main": 7
2026-05-12 21:09:46 [main] INFO  o.f.core.internal.command.DbMigrate - Schema "main" is up to date. No migration necessary.
2026-05-12 21:12:22 [main] INFO  com.zaxxer.hikari.HikariDataSource - HikariPool-1 - Starting...
2026-05-12 21:12:22 [main] INFO  com.zaxxer.hikari.pool.HikariPool - HikariPool-1 - Added connection org.sqlite.jdbc4.JDBC4Connection@61001b64
2026-05-12 21:12:22 [main] INFO  com.zaxxer.hikari.HikariDataSource - HikariPool-1 - Start completed.
2026-05-12 21:12:22 [main] INFO  org.flywaydb.core.FlywayExecutor - Database: jdbc:sqlite:app.db (SQLite 3.50)
2026-05-12 21:12:22 [main] INFO  o.f.core.internal.command.DbValidate - Successfully validated 7 migrations (execution time 00:00.012s)
2026-05-12 21:12:22 [main] INFO  o.f.core.internal.command.DbMigrate - Current version of schema "main": 7
2026-05-12 21:12:22 [main] INFO  o.f.core.internal.command.DbMigrate - Schema "main" is up to date. No migration necessary.
2026-05-12 21:13:18 [main] INFO  com.zaxxer.hikari.HikariDataSource - HikariPool-1 - Starting...
2026-05-12 21:13:18 [main] INFO  com.zaxxer.hikari.pool.HikariPool - HikariPool-1 - Added connection org.sqlite.jdbc4.JDBC4Connection@61001b64
2026-05-12 21:13:18 [main] INFO  com.zaxxer.hikari.HikariDataSource - HikariPool-1 - Start completed.
2026-05-12 21:13:18 [main] INFO  org.flywaydb.core.FlywayExecutor - Database: jdbc:sqlite:app.db (SQLite 3.50)
2026-05-12 21:13:18 [main] INFO  o.f.core.internal.command.DbValidate - Successfully validated 7 migrations (execution time 00:00.015s)
2026-05-12 21:13:18 [main] INFO  o.f.core.internal.command.DbMigrate - Current version of schema "main": 7
2026-05-12 21:13:18 [main] INFO  o.f.core.internal.command.DbMigrate - Schema "main" is up to date. No migration necessary.
2026-05-13 15:37:10 [main] INFO  com.zaxxer.hikari.HikariDataSource - HikariPool-1 - Starting...
2026-05-13 15:37:10 [main] INFO  com.zaxxer.hikari.pool.HikariPool - HikariPool-1 - Added connection org.sqlite.jdbc4.JDBC4Connection@61001b64
2026-05-13 15:37:10 [main] INFO  com.zaxxer.hikari.HikariDataSource - HikariPool-1 - Start completed.
2026-05-13 15:37:11 [main] INFO  org.flywaydb.core.FlywayExecutor - Database: jdbc:sqlite:app.db (SQLite 3.50)
2026-05-13 15:37:11 [main] INFO  o.f.core.internal.command.DbValidate - Successfully validated 7 migrations (execution time 00:00.017s)
2026-05-13 15:37:11 [main] INFO  o.f.core.internal.command.DbMigrate - Current version of schema "main": 7
2026-05-13 15:37:11 [main] INFO  o.f.core.internal.command.DbMigrate - Schema "main" is up to date. No migration necessary.
2026-05-13 15:45:13 [main] INFO  com.zaxxer.hikari.HikariDataSource - HikariPool-1 - Starting...
2026-05-13 15:45:13 [main] INFO  com.zaxxer.hikari.pool.HikariPool - HikariPool-1 - Added connection org.sqlite.jdbc4.JDBC4Connection@61001b64
2026-05-13 15:45:13 [main] INFO  com.zaxxer.hikari.HikariDataSource - HikariPool-1 - Start completed.
2026-05-13 15:45:13 [main] INFO  org.flywaydb.core.FlywayExecutor - Database: jdbc:sqlite:app.db (SQLite 3.50)
2026-05-13 15:45:13 [main] INFO  o.f.core.internal.command.DbValidate - Successfully validated 7 migrations (execution time 00:00.015s)
2026-05-13 15:45:13 [main] INFO  o.f.core.internal.command.DbMigrate - Current version of schema "main": 7
2026-05-13 15:45:13 [main] INFO  o.f.core.internal.command.DbMigrate - Schema "main" is up to date. No migration necessary.
2026-05-13 15:46:29 [main] INFO  com.zaxxer.hikari.HikariDataSource - HikariPool-1 - Starting...
2026-05-13 15:46:29 [main] INFO  com.zaxxer.hikari.pool.HikariPool - HikariPool-1 - Added connection org.sqlite.jdbc4.JDBC4Connection@61001b64
2026-05-13 15:46:29 [main] INFO  com.zaxxer.hikari.HikariDataSource - HikariPool-1 - Start completed.
2026-05-13 15:46:29 [main] INFO  org.flywaydb.core.FlywayExecutor - Database: jdbc:sqlite:app.db (SQLite 3.50)
2026-05-13 15:46:29 [main] INFO  o.f.core.internal.command.DbValidate - Successfully validated 7 migrations (execution time 00:00.014s)
2026-05-13 15:46:29 [main] INFO  o.f.core.internal.command.DbMigrate - Current version of schema "main": 7
2026-05-13 15:46:29 [main] INFO  o.f.core.internal.command.DbMigrate - Schema "main" is up to date. No migration necessary.
2026-05-13 15:48:27 [main] INFO  com.zaxxer.hikari.HikariDataSource - HikariPool-1 - Starting...
2026-05-13 15:48:27 [main] INFO  com.zaxxer.hikari.pool.HikariPool - HikariPool-1 - Added connection org.sqlite.jdbc4.JDBC4Connection@61001b64
2026-05-13 15:48:27 [main] INFO  com.zaxxer.hikari.HikariDataSource - HikariPool-1 - Start completed.
2026-05-13 15:48:27 [main] INFO  org.flywaydb.core.FlywayExecutor - Database: jdbc:sqlite:app.db (SQLite 3.50)
2026-05-13 15:48:27 [main] INFO  o.f.core.internal.command.DbValidate - Successfully validated 7 migrations (execution time 00:00.013s)
2026-05-13 15:48:27 [main] INFO  o.f.core.internal.command.DbMigrate - Current version of schema "main": 7
2026-05-13 15:48:27 [main] INFO  o.f.core.internal.command.DbMigrate - Schema "main" is up to date. No migration necessary.
2026-05-13 15:49:10 [main] INFO  com.zaxxer.hikari.HikariDataSource - HikariPool-1 - Starting...
2026-05-13 15:49:10 [main] INFO  com.zaxxer.hikari.pool.HikariPool - HikariPool-1 - Added connection org.sqlite.jdbc4.JDBC4Connection@61001b64
2026-05-13 15:49:10 [main] INFO  com.zaxxer.hikari.HikariDataSource - HikariPool-1 - Start completed.
2026-05-13 15:49:10 [main] INFO  org.flywaydb.core.FlywayExecutor - Database: jdbc:sqlite:app.db (SQLite 3.50)
2026-05-13 15:49:10 [main] INFO  o.f.core.internal.command.DbValidate - Successfully validated 7 migrations (execution time 00:00.013s)
2026-05-13 15:49:10 [main] INFO  o.f.core.internal.command.DbMigrate - Current version of schema "main": 7
2026-05-13 15:49:10 [main] INFO  o.f.core.internal.command.DbMigrate - Schema "main" is up to date. No migration necessary.
2026-05-13 15:54:55 [main] INFO  com.zaxxer.hikari.HikariDataSource - HikariPool-1 - Starting...
2026-05-13 15:54:55 [main] INFO  com.zaxxer.hikari.pool.HikariPool - HikariPool-1 - Added connection org.sqlite.jdbc4.JDBC4Connection@61001b64
2026-05-13 15:54:55 [main] INFO  com.zaxxer.hikari.HikariDataSource - HikariPool-1 - Start completed.
2026-05-13 15:54:55 [main] INFO  org.flywaydb.core.FlywayExecutor - Database: jdbc:sqlite:app.db (SQLite 3.50)
2026-05-13 15:54:55 [main] INFO  o.f.core.internal.command.DbValidate - Successfully validated 7 migrations (execution time 00:00.013s)
2026-05-13 15:54:55 [main] INFO  o.f.core.internal.command.DbMigrate - Current version of schema "main": 7
2026-05-13 15:54:55 [main] INFO  o.f.core.internal.command.DbMigrate - Schema "main" is up to date. No migration necessary.
2026-05-13 15:59:39 [main] INFO  com.zaxxer.hikari.HikariDataSource - HikariPool-1 - Starting...
2026-05-13 15:59:39 [main] INFO  com.zaxxer.hikari.pool.HikariPool - HikariPool-1 - Added connection org.sqlite.jdbc4.JDBC4Connection@61001b64
2026-05-13 15:59:39 [main] INFO  com.zaxxer.hikari.HikariDataSource - HikariPool-1 - Start completed.
2026-05-13 15:59:40 [main] INFO  org.flywaydb.core.FlywayExecutor - Database: jdbc:sqlite:app.db (SQLite 3.50)
2026-05-13 15:59:40 [main] INFO  o.f.core.internal.command.DbValidate - Successfully validated 7 migrations (execution time 00:00.014s)
2026-05-13 15:59:40 [main] INFO  o.f.core.internal.command.DbMigrate - Current version of schema "main": 7
2026-05-13 15:59:40 [main] INFO  o.f.core.internal.command.DbMigrate - Schema "main" is up to date. No migration necessary.
2026-05-13 16:00:44 [main] INFO  com.zaxxer.hikari.HikariDataSource - HikariPool-1 - Starting...
2026-05-13 16:00:44 [main] INFO  com.zaxxer.hikari.pool.HikariPool - HikariPool-1 - Added connection org.sqlite.jdbc4.JDBC4Connection@61001b64
2026-05-13 16:00:44 [main] INFO  com.zaxxer.hikari.HikariDataSource - HikariPool-1 - Start completed.
2026-05-13 16:00:44 [main] INFO  org.flywaydb.core.FlywayExecutor - Database: jdbc:sqlite:app.db (SQLite 3.50)
2026-05-13 16:00:44 [main] INFO  o.f.core.internal.command.DbValidate - Successfully validated 7 migrations (execution time 00:00.013s)
2026-05-13 16:00:44 [main] INFO  o.f.core.internal.command.DbMigrate - Current version of schema "main": 7
2026-05-13 16:00:44 [main] INFO  o.f.core.internal.command.DbMigrate - Schema "main" is up to date. No migration necessary.
2026-05-13 16:04:04 [main] INFO  com.zaxxer.hikari.HikariDataSource - HikariPool-1 - Starting...
2026-05-13 16:04:04 [main] INFO  com.zaxxer.hikari.pool.HikariPool - HikariPool-1 - Added connection org.sqlite.jdbc4.JDBC4Connection@61001b64
2026-05-13 16:04:04 [main] INFO  com.zaxxer.hikari.HikariDataSource - HikariPool-1 - Start completed.
2026-05-13 16:04:04 [main] INFO  org.flywaydb.core.FlywayExecutor - Database: jdbc:sqlite:app.db (SQLite 3.50)
2026-05-13 16:04:04 [main] INFO  o.f.core.internal.command.DbValidate - Successfully validated 7 migrations (execution time 00:00.013s)
2026-05-13 16:04:04 [main] INFO  o.f.core.internal.command.DbMigrate - Current version of schema "main": 7
2026-05-13 16:04:04 [main] INFO  o.f.core.internal.command.DbMigrate - Schema "main" is up to date. No migration necessary.
2026-05-13 16:09:02 [main] INFO  com.zaxxer.hikari.HikariDataSource - HikariPool-1 - Starting...
2026-05-13 16:09:02 [main] INFO  com.zaxxer.hikari.pool.HikariPool - HikariPool-1 - Added connection org.sqlite.jdbc4.JDBC4Connection@61001b64
2026-05-13 16:09:02 [main] INFO  com.zaxxer.hikari.HikariDataSource - HikariPool-1 - Start completed.
2026-05-13 16:09:02 [main] INFO  org.flywaydb.core.FlywayExecutor - Database: jdbc:sqlite:app.db (SQLite 3.50)
2026-05-13 16:09:02 [main] INFO  o.f.core.internal.command.DbValidate - Successfully validated 7 migrations (execution time 00:00.015s)
2026-05-13 16:09:02 [main] INFO  o.f.core.internal.command.DbMigrate - Current version of schema "main": 7
2026-05-13 16:09:02 [main] INFO  o.f.core.internal.command.DbMigrate - Schema "main" is up to date. No migration necessary.
2026-05-13 16:11:57 [main] INFO  com.zaxxer.hikari.HikariDataSource - HikariPool-1 - Starting...
2026-05-13 16:11:57 [main] INFO  com.zaxxer.hikari.pool.HikariPool - HikariPool-1 - Added connection org.sqlite.jdbc4.JDBC4Connection@61001b64
2026-05-13 16:11:57 [main] INFO  com.zaxxer.hikari.HikariDataSource - HikariPool-1 - Start completed.
2026-05-13 16:11:57 [main] INFO  org.flywaydb.core.FlywayExecutor - Database: jdbc:sqlite:app.db (SQLite 3.50)
2026-05-13 16:11:58 [main] INFO  o.f.core.internal.command.DbValidate - Successfully validated 7 migrations (execution time 00:00.015s)
2026-05-13 16:11:58 [main] INFO  o.f.core.internal.command.DbMigrate - Current version of schema "main": 7
2026-05-13 16:11:58 [main] INFO  o.f.core.internal.command.DbMigrate - Schema "main" is up to date. No migration necessary.
2026-05-13 16:17:44 [main] INFO  com.zaxxer.hikari.HikariDataSource - HikariPool-1 - Starting...
2026-05-13 16:17:44 [main] INFO  com.zaxxer.hikari.pool.HikariPool - HikariPool-1 - Added connection org.sqlite.jdbc4.JDBC4Connection@61001b64
2026-05-13 16:17:44 [main] INFO  com.zaxxer.hikari.HikariDataSource - HikariPool-1 - Start completed.
2026-05-13 16:17:44 [main] INFO  org.flywaydb.core.FlywayExecutor - Database: jdbc:sqlite:app.db (SQLite 3.50)
2026-05-13 16:17:44 [main] INFO  o.f.core.internal.command.DbValidate - Successfully validated 7 migrations (execution time 00:00.013s)
2026-05-13 16:17:44 [main] INFO  o.f.core.internal.command.DbMigrate - Current version of schema "main": 7
2026-05-13 16:17:44 [main] INFO  o.f.core.internal.command.DbMigrate - Schema "main" is up to date. No migration necessary.
2026-05-14 15:48:48 [main] INFO  com.zaxxer.hikari.HikariDataSource - HikariPool-1 - Starting...
2026-05-14 15:48:48 [main] INFO  com.zaxxer.hikari.pool.HikariPool - HikariPool-1 - Added connection org.sqlite.jdbc4.JDBC4Connection@61001b64
2026-05-14 15:48:49 [main] INFO  com.zaxxer.hikari.HikariDataSource - HikariPool-1 - Start completed.
2026-05-14 15:48:49 [main] INFO  org.flywaydb.core.FlywayExecutor - Database: jdbc:sqlite:app.db (SQLite 3.50)
2026-05-14 15:48:49 [main] INFO  o.f.core.internal.command.DbValidate - Successfully validated 7 migrations (execution time 00:00.017s)
2026-05-14 15:48:49 [main] INFO  o.f.core.internal.command.DbMigrate - Current version of schema "main": 7
2026-05-14 15:48:49 [main] INFO  o.f.core.internal.command.DbMigrate - Schema "main" is up to date. No migration necessary.
2026-05-17 14:54:21 [main] INFO  com.zaxxer.hikari.HikariDataSource - HikariPool-1 - Starting...
2026-05-17 14:54:21 [main] INFO  com.zaxxer.hikari.pool.HikariPool - HikariPool-1 - Added connection org.sqlite.jdbc4.JDBC4Connection@61001b64
2026-05-17 14:54:21 [main] INFO  com.zaxxer.hikari.HikariDataSource - HikariPool-1 - Start completed.
2026-05-17 14:54:21 [main] INFO  org.flywaydb.core.FlywayExecutor - Database: jdbc:sqlite:app.db (SQLite 3.50)
2026-05-17 14:54:21 [main] INFO  o.f.core.internal.command.DbValidate - Successfully validated 7 migrations (execution time 00:00.017s)
2026-05-17 14:54:21 [main] INFO  o.f.core.internal.command.DbMigrate - Current version of schema "main": 7
2026-05-17 14:54:21 [main] INFO  o.f.core.internal.command.DbMigrate - Schema "main" is up to date. No migration necessary.
2026-05-17 16:26:07 [main] INFO  com.zaxxer.hikari.HikariDataSource - HikariPool-1 - Starting...
2026-05-17 16:26:07 [main] INFO  com.zaxxer.hikari.pool.HikariPool - HikariPool-1 - Added connection org.sqlite.jdbc4.JDBC4Connection@61001b64
2026-05-17 16:26:07 [main] INFO  com.zaxxer.hikari.HikariDataSource - HikariPool-1 - Start completed.
2026-05-17 16:26:07 [main] INFO  org.flywaydb.core.FlywayExecutor - Database: jdbc:sqlite:app.db (SQLite 3.50)
2026-05-17 16:26:07 [main] INFO  o.f.core.internal.command.DbValidate - Successfully validated 7 migrations (execution time 00:00.014s)
2026-05-17 16:26:07 [main] INFO  o.f.core.internal.command.DbMigrate - Current version of schema "main": 7
2026-05-17 16:26:07 [main] INFO  o.f.core.internal.command.DbMigrate - Schema "main" is up to date. No migration necessary.
2026-05-17 17:07:33 [main] INFO  com.zaxxer.hikari.HikariDataSource - HikariPool-1 - Starting...
2026-05-17 17:07:34 [main] INFO  com.zaxxer.hikari.pool.HikariPool - HikariPool-1 - Added connection org.sqlite.jdbc4.JDBC4Connection@61001b64
2026-05-17 17:07:34 [main] INFO  com.zaxxer.hikari.HikariDataSource - HikariPool-1 - Start completed.
2026-05-17 17:07:34 [main] INFO  org.flywaydb.core.FlywayExecutor - Database: jdbc:sqlite:app.db (SQLite 3.50)
2026-05-17 17:07:34 [main] INFO  o.f.core.internal.command.DbValidate - Successfully validated 7 migrations (execution time 00:00.015s)
2026-05-17 17:07:34 [main] INFO  o.f.core.internal.command.DbMigrate - Current version of schema "main": 7
2026-05-17 17:07:34 [main] INFO  o.f.core.internal.command.DbMigrate - Schema "main" is up to date. No migration necessary.
2026-05-17 17:09:11 [main] INFO  com.zaxxer.hikari.HikariDataSource - HikariPool-1 - Starting...
2026-05-17 17:09:11 [main] INFO  com.zaxxer.hikari.pool.HikariPool - HikariPool-1 - Added connection org.sqlite.jdbc4.JDBC4Connection@61001b64
2026-05-17 17:09:11 [main] INFO  com.zaxxer.hikari.HikariDataSource - HikariPool-1 - Start completed.
2026-05-17 17:09:11 [main] INFO  org.flywaydb.core.FlywayExecutor - Database: jdbc:sqlite:app.db (SQLite 3.50)
2026-05-17 17:09:11 [main] INFO  o.f.core.internal.command.DbValidate - Successfully validated 7 migrations (execution time 00:00.016s)
2026-05-17 17:09:11 [main] INFO  o.f.core.internal.command.DbMigrate - Current version of schema "main": 7
2026-05-17 17:09:11 [main] INFO  o.f.core.internal.command.DbMigrate - Schema "main" is up to date. No migration necessary.
2026-05-17 17:11:41 [main] INFO  com.zaxxer.hikari.HikariDataSource - HikariPool-1 - Starting...
2026-05-17 17:11:41 [main] INFO  com.zaxxer.hikari.pool.HikariPool - HikariPool-1 - Added connection org.sqlite.jdbc4.JDBC4Connection@61001b64
2026-05-17 17:11:41 [main] INFO  com.zaxxer.hikari.HikariDataSource - HikariPool-1 - Start completed.
2026-05-17 17:11:41 [main] INFO  org.flywaydb.core.FlywayExecutor - Database: jdbc:sqlite:app.db (SQLite 3.50)
2026-05-17 17:11:41 [main] INFO  o.f.core.internal.command.DbValidate - Successfully validated 7 migrations (execution time 00:00.014s)
2026-05-17 17:11:41 [main] INFO  o.f.core.internal.command.DbMigrate - Current version of schema "main": 7
2026-05-17 17:11:41 [main] INFO  o.f.core.internal.command.DbMigrate - Schema "main" is up to date. No migration necessary.
2026-05-17 17:12:00 [main] INFO  com.zaxxer.hikari.HikariDataSource - HikariPool-1 - Starting...
2026-05-17 17:12:00 [main] INFO  com.zaxxer.hikari.pool.HikariPool - HikariPool-1 - Added connection org.sqlite.jdbc4.JDBC4Connection@61001b64
2026-05-17 17:12:00 [main] INFO  com.zaxxer.hikari.HikariDataSource - HikariPool-1 - Start completed.
2026-05-17 17:12:01 [main] INFO  org.flywaydb.core.FlywayExecutor - Database: jdbc:sqlite:app.db (SQLite 3.50)
2026-05-17 17:12:01 [main] INFO  o.f.core.internal.command.DbValidate - Successfully validated 7 migrations (execution time 00:00.014s)
2026-05-17 17:12:01 [main] INFO  o.f.core.internal.command.DbMigrate - Current version of schema "main": 7
2026-05-17 17:12:01 [main] INFO  o.f.core.internal.command.DbMigrate - Schema "main" is up to date. No migration necessary.
2026-05-17 17:33:53 [main] INFO  com.zaxxer.hikari.HikariDataSource - HikariPool-1 - Starting...
2026-05-17 17:33:53 [main] INFO  com.zaxxer.hikari.pool.HikariPool - HikariPool-1 - Added connection org.sqlite.jdbc4.JDBC4Connection@61001b64
2026-05-17 17:33:53 [main] INFO  com.zaxxer.hikari.HikariDataSource - HikariPool-1 - Start completed.
2026-05-17 17:33:53 [main] INFO  org.flywaydb.core.FlywayExecutor - Database: jdbc:sqlite:app.db (SQLite 3.50)
2026-05-17 17:33:53 [main] INFO  o.f.core.internal.command.DbValidate - Successfully validated 7 migrations (execution time 00:00.014s)
2026-05-17 17:33:53 [main] INFO  o.f.core.internal.command.DbMigrate - Current version of schema "main": 7
2026-05-17 17:33:53 [main] INFO  o.f.core.internal.command.DbMigrate - Schema "main" is up to date. No migration necessary.
2026-05-17 17:35:36 [main] INFO  com.zaxxer.hikari.HikariDataSource - HikariPool-1 - Starting...
2026-05-17 17:35:36 [main] INFO  com.zaxxer.hikari.pool.HikariPool - HikariPool-1 - Added connection org.sqlite.jdbc4.JDBC4Connection@61001b64
2026-05-17 17:35:36 [main] INFO  com.zaxxer.hikari.HikariDataSource - HikariPool-1 - Start completed.
2026-05-17 17:35:36 [main] INFO  org.flywaydb.core.FlywayExecutor - Database: jdbc:sqlite:app.db (SQLite 3.50)
2026-05-17 17:35:37 [main] INFO  o.f.core.internal.command.DbValidate - Successfully validated 7 migrations (execution time 00:00.015s)
2026-05-17 17:35:37 [main] INFO  o.f.core.internal.command.DbMigrate - Current version of schema "main": 7
2026-05-17 17:35:37 [main] INFO  o.f.core.internal.command.DbMigrate - Schema "main" is up to date. No migration necessary.
2026-05-17 17:40:02 [main] INFO  com.zaxxer.hikari.HikariDataSource - HikariPool-1 - Starting...
2026-05-17 17:40:02 [main] INFO  com.zaxxer.hikari.pool.HikariPool - HikariPool-1 - Added connection org.sqlite.jdbc4.JDBC4Connection@61001b64
2026-05-17 17:40:02 [main] INFO  com.zaxxer.hikari.HikariDataSource - HikariPool-1 - Start completed.
2026-05-17 17:40:03 [main] INFO  org.flywaydb.core.FlywayExecutor - Database: jdbc:sqlite:app.db (SQLite 3.50)
2026-05-17 17:40:03 [main] INFO  o.f.core.internal.command.DbValidate - Successfully validated 7 migrations (execution time 00:00.014s)
2026-05-17 17:40:03 [main] INFO  o.f.core.internal.command.DbMigrate - Current version of schema "main": 7
2026-05-17 17:40:03 [main] INFO  o.f.core.internal.command.DbMigrate - Schema "main" is up to date. No migration necessary.
2026-05-17 17:53:55 [main] INFO  com.zaxxer.hikari.HikariDataSource - HikariPool-1 - Starting...
2026-05-17 17:53:55 [main] INFO  com.zaxxer.hikari.pool.HikariPool - HikariPool-1 - Added connection org.sqlite.jdbc4.JDBC4Connection@61001b64
2026-05-17 17:53:55 [main] INFO  com.zaxxer.hikari.HikariDataSource - HikariPool-1 - Start completed.
2026-05-17 17:53:55 [main] INFO  org.flywaydb.core.FlywayExecutor - Database: jdbc:sqlite:app.db (SQLite 3.50)
2026-05-17 17:53:55 [main] INFO  o.f.core.internal.command.DbValidate - Successfully validated 7 migrations (execution time 00:00.014s)
2026-05-17 17:53:55 [main] INFO  o.f.core.internal.command.DbMigrate - Current version of schema "main": 7
2026-05-17 17:53:55 [main] INFO  o.f.core.internal.command.DbMigrate - Schema "main" is up to date. No migration necessary.
2026-05-18 18:17:24 [main] INFO  com.zaxxer.hikari.HikariDataSource - HikariPool-1 - Starting...
2026-05-18 18:17:24 [main] INFO  com.zaxxer.hikari.pool.HikariPool - HikariPool-1 - Added connection org.sqlite.jdbc4.JDBC4Connection@61001b64
2026-05-18 18:17:24 [main] INFO  com.zaxxer.hikari.HikariDataSource - HikariPool-1 - Start completed.
2026-05-18 18:17:25 [main] INFO  org.flywaydb.core.FlywayExecutor - Database: jdbc:sqlite:app.db (SQLite 3.50)
2026-05-18 18:17:25 [main] INFO  o.f.core.internal.command.DbValidate - Successfully validated 7 migrations (execution time 00:00.019s)
2026-05-18 18:17:25 [main] INFO  o.f.core.internal.command.DbMigrate - Current version of schema "main": 7
2026-05-18 18:17:25 [main] INFO  o.f.core.internal.command.DbMigrate - Schema "main" is up to date. No migration necessary.
2026-05-18 18:21:39 [main] INFO  com.zaxxer.hikari.HikariDataSource - HikariPool-1 - Starting...
2026-05-18 18:21:39 [main] INFO  com.zaxxer.hikari.pool.HikariPool - HikariPool-1 - Added connection org.sqlite.jdbc4.JDBC4Connection@61001b64
2026-05-18 18:21:39 [main] INFO  com.zaxxer.hikari.HikariDataSource - HikariPool-1 - Start completed.
2026-05-18 18:21:39 [main] INFO  org.flywaydb.core.FlywayExecutor - Database: jdbc:sqlite:app.db (SQLite 3.50)
2026-05-18 18:21:39 [main] INFO  o.f.core.internal.command.DbValidate - Successfully validated 7 migrations (execution time 00:00.015s)
2026-05-18 18:21:39 [main] INFO  o.f.core.internal.command.DbMigrate - Current version of schema "main": 7
2026-05-18 18:21:39 [main] INFO  o.f.core.internal.command.DbMigrate - Schema "main" is up to date. No migration necessary.
2026-05-18 18:26:16 [main] INFO  com.zaxxer.hikari.HikariDataSource - HikariPool-1 - Starting...
2026-05-18 18:26:16 [main] INFO  com.zaxxer.hikari.pool.HikariPool - HikariPool-1 - Added connection org.sqlite.jdbc4.JDBC4Connection@61001b64
2026-05-18 18:26:16 [main] INFO  com.zaxxer.hikari.HikariDataSource - HikariPool-1 - Start completed.
2026-05-18 18:26:16 [main] INFO  org.flywaydb.core.FlywayExecutor - Database: jdbc:sqlite:app.db (SQLite 3.50)
2026-05-18 18:26:16 [main] INFO  o.f.core.internal.command.DbValidate - Successfully validated 7 migrations (execution time 00:00.013s)
2026-05-18 18:26:16 [main] INFO  o.f.core.internal.command.DbMigrate - Current version of schema "main": 7
2026-05-18 18:26:16 [main] INFO  o.f.core.internal.command.DbMigrate - Schema "main" is up to date. No migration necessary.
2026-05-18 18:34:07 [main] INFO  com.zaxxer.hikari.HikariDataSource - HikariPool-1 - Starting...
2026-05-18 18:34:07 [main] INFO  com.zaxxer.hikari.pool.HikariPool - HikariPool-1 - Added connection org.sqlite.jdbc4.JDBC4Connection@61001b64
2026-05-18 18:34:07 [main] INFO  com.zaxxer.hikari.HikariDataSource - HikariPool-1 - Start completed.
2026-05-18 18:34:07 [main] INFO  org.flywaydb.core.FlywayExecutor - Database: jdbc:sqlite:app.db (SQLite 3.50)
2026-05-18 18:34:07 [main] INFO  o.f.core.internal.command.DbValidate - Successfully validated 7 migrations (execution time 00:00.015s)
2026-05-18 18:34:07 [main] INFO  o.f.core.internal.command.DbMigrate - Current version of schema "main": 7
2026-05-18 18:34:07 [main] INFO  o.f.core.internal.command.DbMigrate - Schema "main" is up to date. No migration necessary.
2026-05-19 16:27:05 [main] INFO  com.zaxxer.hikari.HikariDataSource - HikariPool-1 - Starting...
2026-05-19 16:27:05 [main] INFO  com.zaxxer.hikari.pool.HikariPool - HikariPool-1 - Added connection org.sqlite.jdbc4.JDBC4Connection@61001b64
2026-05-19 16:27:05 [main] INFO  com.zaxxer.hikari.HikariDataSource - HikariPool-1 - Start completed.
2026-05-19 16:27:06 [main] INFO  org.flywaydb.core.FlywayExecutor - Database: jdbc:sqlite:app.db (SQLite 3.50)
2026-05-19 16:27:06 [main] INFO  o.f.core.internal.command.DbValidate - Successfully validated 7 migrations (execution time 00:00.020s)
2026-05-19 16:27:06 [main] INFO  o.f.core.internal.command.DbMigrate - Current version of schema "main": 7
2026-05-19 16:27:06 [main] INFO  o.f.core.internal.command.DbMigrate - Schema "main" is up to date. No migration necessary.
2026-05-19 17:01:42 [main] INFO  com.zaxxer.hikari.HikariDataSource - HikariPool-1 - Starting...
2026-05-19 17:01:42 [main] INFO  com.zaxxer.hikari.pool.HikariPool - HikariPool-1 - Added connection org.sqlite.jdbc4.JDBC4Connection@61001b64
2026-05-19 17:01:42 [main] INFO  com.zaxxer.hikari.HikariDataSource - HikariPool-1 - Start completed.
2026-05-19 17:01:43 [main] INFO  org.flywaydb.core.FlywayExecutor - Database: jdbc:sqlite:app.db (SQLite 3.50)
2026-05-19 17:01:43 [main] INFO  o.f.core.internal.command.DbValidate - Successfully validated 7 migrations (execution time 00:00.014s)
2026-05-19 17:01:43 [main] INFO  o.f.core.internal.command.DbMigrate - Current version of schema "main": 7
2026-05-19 17:01:43 [main] INFO  o.f.core.internal.command.DbMigrate - Schema "main" is up to date. No migration necessary.
2026-05-19 17:06:05 [main] INFO  com.zaxxer.hikari.HikariDataSource - HikariPool-1 - Starting...
2026-05-19 17:06:05 [main] INFO  com.zaxxer.hikari.pool.HikariPool - HikariPool-1 - Added connection org.sqlite.jdbc4.JDBC4Connection@61001b64
2026-05-19 17:06:05 [main] INFO  com.zaxxer.hikari.HikariDataSource - HikariPool-1 - Start completed.
2026-05-19 17:06:05 [main] INFO  org.flywaydb.core.FlywayExecutor - Database: jdbc:sqlite:app.db (SQLite 3.50)
2026-05-19 17:06:05 [main] INFO  o.f.core.internal.command.DbValidate - Successfully validated 7 migrations (execution time 00:00.013s)
2026-05-19 17:06:05 [main] INFO  o.f.core.internal.command.DbMigrate - Current version of schema "main": 7
2026-05-19 17:06:05 [main] INFO  o.f.core.internal.command.DbMigrate - Schema "main" is up to date. No migration necessary.
2026-05-19 17:07:46 [main] INFO  com.zaxxer.hikari.HikariDataSource - HikariPool-1 - Starting...
2026-05-19 17:07:46 [main] INFO  com.zaxxer.hikari.pool.HikariPool - HikariPool-1 - Added connection org.sqlite.jdbc4.JDBC4Connection@61001b64
2026-05-19 17:07:46 [main] INFO  com.zaxxer.hikari.HikariDataSource - HikariPool-1 - Start completed.
2026-05-19 17:07:46 [main] INFO  org.flywaydb.core.FlywayExecutor - Database: jdbc:sqlite:app.db (SQLite 3.50)
2026-05-19 17:07:46 [main] INFO  o.f.core.internal.command.DbValidate - Successfully validated 7 migrations (execution time 00:00.014s)
2026-05-19 17:07:46 [main] INFO  o.f.core.internal.command.DbMigrate - Current version of schema "main": 7
2026-05-19 17:07:46 [main] INFO  o.f.core.internal.command.DbMigrate - Schema "main" is up to date. No migration necessary.
2026-05-19 17:12:34 [main] INFO  com.zaxxer.hikari.HikariDataSource - HikariPool-1 - Starting...
2026-05-19 17:12:34 [main] INFO  com.zaxxer.hikari.pool.HikariPool - HikariPool-1 - Added connection org.sqlite.jdbc4.JDBC4Connection@61001b64
2026-05-19 17:12:34 [main] INFO  com.zaxxer.hikari.HikariDataSource - HikariPool-1 - Start completed.
2026-05-19 17:12:34 [main] INFO  org.flywaydb.core.FlywayExecutor - Database: jdbc:sqlite:app.db (SQLite 3.50)
2026-05-19 17:12:34 [main] INFO  o.f.core.internal.command.DbValidate - Successfully validated 7 migrations (execution time 00:00.013s)
2026-05-19 17:12:34 [main] INFO  o.f.core.internal.command.DbMigrate - Current version of schema "main": 7
2026-05-19 17:12:34 [main] INFO  o.f.core.internal.command.DbMigrate - Schema "main" is up to date. No migration necessary.
2026-05-19 17:13:55 [main] INFO  com.zaxxer.hikari.HikariDataSource - HikariPool-1 - Starting...
2026-05-19 17:13:55 [main] INFO  com.zaxxer.hikari.pool.HikariPool - HikariPool-1 - Added connection org.sqlite.jdbc4.JDBC4Connection@61001b64
2026-05-19 17:13:55 [main] INFO  com.zaxxer.hikari.HikariDataSource - HikariPool-1 - Start completed.
2026-05-19 17:13:55 [main] INFO  org.flywaydb.core.FlywayExecutor - Database: jdbc:sqlite:app.db (SQLite 3.50)
2026-05-19 17:13:55 [main] INFO  o.f.core.internal.command.DbValidate - Successfully validated 7 migrations (execution time 00:00.013s)
2026-05-19 17:13:55 [main] INFO  o.f.core.internal.command.DbMigrate - Current version of schema "main": 7
2026-05-19 17:13:55 [main] INFO  o.f.core.internal.command.DbMigrate - Schema "main" is up to date. No migration necessary.
2026-05-19 20:10:38 [main] INFO  com.zaxxer.hikari.HikariDataSource - HikariPool-1 - Starting...
2026-05-19 20:10:38 [main] INFO  com.zaxxer.hikari.pool.HikariPool - HikariPool-1 - Added connection org.sqlite.jdbc4.JDBC4Connection@61001b64
2026-05-19 20:10:38 [main] INFO  com.zaxxer.hikari.HikariDataSource - HikariPool-1 - Start completed.
2026-05-19 20:10:38 [main] INFO  org.flywaydb.core.FlywayExecutor - Database: jdbc:sqlite:app.db (SQLite 3.50)
2026-05-19 20:10:38 [main] INFO  o.f.core.internal.command.DbValidate - Successfully validated 7 migrations (execution time 00:00.016s)
2026-05-19 20:10:38 [main] INFO  o.f.core.internal.command.DbMigrate - Current version of schema "main": 7
2026-05-19 20:10:38 [main] INFO  o.f.core.internal.command.DbMigrate - Schema "main" is up to date. No migration necessary.
2026-05-21 21:57:35 [main] INFO  com.zaxxer.hikari.HikariDataSource - HikariPool-1 - Starting...
2026-05-21 21:57:35 [main] INFO  com.zaxxer.hikari.pool.HikariPool - HikariPool-1 - Added connection org.sqlite.jdbc4.JDBC4Connection@61001b64
2026-05-21 21:57:35 [main] INFO  com.zaxxer.hikari.HikariDataSource - HikariPool-1 - Start completed.
2026-05-21 21:57:35 [main] INFO  org.flywaydb.core.FlywayExecutor - Database: jdbc:sqlite:app.db (SQLite 3.50)
2026-05-21 21:57:35 [main] INFO  o.f.core.internal.command.DbValidate - Successfully validated 7 migrations (execution time 00:00.021s)
2026-05-21 21:57:35 [main] INFO  o.f.core.internal.command.DbMigrate - Current version of schema "main": 7
2026-05-21 21:57:35 [main] INFO  o.f.core.internal.command.DbMigrate - Schema "main" is up to date. No migration necessary.
2026-05-24 10:44:06 [main] INFO  com.zaxxer.hikari.HikariDataSource - HikariPool-1 - Starting...
2026-05-24 10:44:06 [main] INFO  com.zaxxer.hikari.pool.HikariPool - HikariPool-1 - Added connection org.sqlite.jdbc4.JDBC4Connection@61001b64
2026-05-24 10:44:06 [main] INFO  com.zaxxer.hikari.HikariDataSource - HikariPool-1 - Start completed.
2026-05-24 10:44:06 [main] INFO  org.flywaydb.core.FlywayExecutor - Database: jdbc:sqlite:app.db (SQLite 3.50)
2026-05-24 10:44:06 [main] INFO  o.f.core.internal.command.DbValidate - Successfully validated 7 migrations (execution time 00:00.017s)
2026-05-24 10:44:06 [main] INFO  o.f.core.internal.command.DbMigrate - Current version of schema "main": 7
2026-05-24 10:44:06 [main] INFO  o.f.core.internal.command.DbMigrate - Schema "main" is up to date. No migration necessary.
2026-05-24 10:50:42 [main] INFO  com.zaxxer.hikari.HikariDataSource - HikariPool-1 - Starting...
2026-05-24 10:50:42 [main] INFO  com.zaxxer.hikari.pool.HikariPool - HikariPool-1 - Added connection org.sqlite.jdbc4.JDBC4Connection@61001b64
2026-05-24 10:50:42 [main] INFO  com.zaxxer.hikari.HikariDataSource - HikariPool-1 - Start completed.
2026-05-24 10:50:42 [main] INFO  org.flywaydb.core.FlywayExecutor - Database: jdbc:sqlite:app.db (SQLite 3.50)
2026-05-24 10:50:42 [main] INFO  o.f.core.internal.command.DbValidate - Successfully validated 7 migrations (execution time 00:00.016s)
2026-05-24 10:50:42 [main] INFO  o.f.core.internal.command.DbMigrate - Current version of schema "main": 7
2026-05-24 10:50:42 [main] INFO  o.f.core.internal.command.DbMigrate - Schema "main" is up to date. No migration necessary.
